tree
version=v4
num_class=1
num_tree_per_iteration=1
label_index=0
max_feature_idx=88
objective=binary sigmoid:1
feature_names=in_degree out_degree in_strength out_strength pagerank betweenness community hops_from_sensory hops_to_motor nt out_frac_AB out_frac_ADMN out_frac_AL out_frac_AME out_frac_ANm out_frac_AOTU out_frac_ATL out_frac_AVLP out_frac_AbN1 out_frac_AbN2 out_frac_AbN3 out_frac_AbN4 out_frac_AbNT out_frac_BU out_frac_CA out_frac_CAN out_frac_CRE out_frac_CV-unspecified out_frac_CentralBrain-unspecified out_frac_CvN out_frac_DMetaN out_frac_DProN out_frac_EB out_frac_EPA out_frac_FB out_frac_FLA out_frac_GNG out_frac_GOR out_frac_HTct(UTct-T3) out_frac_IB out_frac_ICL out_frac_IPS out_frac_IntTct out_frac_LA out_frac_LAL out_frac_LH out_frac_LO out_frac_LOP out_frac_LTct out_frac_LegNp(T1) out_frac_LegNp(T2) out_frac_LegNp(T3) out_frac_ME out_frac_MesoAN out_frac_MesoLN out_frac_MetaLN out_frac_NO out_frac_NTct(UTct-T1) out_frac_Optic-unspecified out_frac_Ov out_frac_PB out_frac_PDMN out_frac_PED out_frac_PLP out_frac_PRW out_frac_PVLP out_frac_PrN out_frac_ProAN out_frac_ProCN out_frac_ProLN out_frac_SAD out_frac_SCL out_frac_SIP out_frac_SLP out_frac_SMP out_frac_SPS out_frac_VES out_frac_VNC-unspecified out_frac_VProN out_frac_WED out_frac_WTct(UTct-T2) out_frac_a'L out_frac_aL out_frac_b'L out_frac_bL out_frac_gL out_frac_mVAC(T1) out_frac_mVAC(T2) out_frac_mVAC(T3)
feature_infos=[0:46] [0:389] [0:702440] [0:2362060] [1.7110738474785375e-05:0.0014040475394671091] [0:1705500.5466366389] -1:1:2:3:4:5:6:7:8:9:10:11:12 [0:4] [0:7] -1:0:2:3:7:6:1:5 [0:0.99621212121212122] [0:0.51056338028169013] [0:1] [0:0.65461847389558236] [0:1] [0:0.98729792147806006] [0:0.80577956989247312] [0:1] none [0:0.42857142857142855] [0:0.36363636363636365] [0:0.22857142857142856] [0:0.69999999999999996] [0:0.98460291734197736] [0:1] [0:0.24756606397774686] [0:0.98491277699198487] [0:0.28205128205128205] [0:1] none [0:0.63310450038138821] [0:0.2537313432835821] [0:0.99529311082584515] [0:0.38095238095238093] [0:1] [0:0.56255707762557072] [0:1] [0:0.63349753694581279] [0:1] [0:0.94214285714285717] [0:0.8424894352669996] [0:0.93630573248407645] [0:0.910377358490566] [0:0.99558931449019894] [0:0.99758787043418329] [0:1] [0:0.99906651108518085] [0:0.99737967176941111] [0:1] [0:1] [0:1] [0:1] [0:1] [0:0.45833333333333331] [0:0.26760563380281688] [0:0.48275862068965519] [0:0.99127906976744184] [0:0.74410377358490565] [0:0.5] [0:0.99223023864267024] [0:0.99449035812672182] [0:0.4375] [0:0.23323013415892674] [0:0.92416829745596873] [0:0.99784017278617709] [0:0.99444444444444446] none [0:0.013513513513513514] none [0:0.04480874316939891] [0:0.99551301226443312] [0:0.79274611398963735] [0:0.96969696969696972] [0:1] [0:0.99907063197026025] [0:0.98460144927536231] [0:0.98086386003280479] [0:0.78040540540540537] [0:0.01079734219269103] [0:0.99269005847953218] [0:1] [0:0.62715517241379315] [0:0.83382352941176474] [0:0.91618672324946948] [0:0.93692733858938848] [0:0.95073037880663536] [0:0.99082568807339455] [0:0.84497816593886466] [0:0.76246719160104992]
tree_sizes=1727 1723 1737 1722 1731 1746 1738 1758 1748 1772 1774 1753 1750 1771 1740 1776 1760 1756 1763 1762 1750 1757 1749 1757 1744 1766 1769 1741 1760 1775 1759 1755 1773 1762 1780 1757 1769 1767 1772 1785 1746 1756 1747 1758 1765 1766 1757 1768 1758 1775 1777 1747 1768 1778 1771 1783 1749 1772 1760 1747 1775 1763 1742 1761 1770 1743 1784 1782 1743 1762 1785 1776 1761 1758 1769 1787 1768 1770 1763 1767 1757 1756 1741 1768 1752 1755 1778 1763 1759 1769 1764 1773 1765 1775 1748 1787 1786 1788 1779 1752 1781 1758 1776 1758 1771 1764 1767 1776 1777 1769 1777 1782 1754 1767 1788 1757 1773 1759 1752 1755 1766 1782 1780 1776 1768 1767 1788 1778 1762 1783 1753 1771 1772 1762 1771 1758 1770 1740 1765 1776 1777 1765 1760 1779 1779 1780 1783 1763 1753 1767 1762 1773 1751 1780 1795 1763 1781 1765 1769 1753 1756 1777 1755 1760 1770 1756 1749 1776 1763 1771 1782 1767 1786 1771 1765 1765 1767 1756 1755 1781 1756 1758 1761 1757 1751 1770 1780 1750 1778 1766 1774 1765 1763 1767 1770 1793 1780 1785 1794 1780 1764 1758 1765 1757 1787 1756 1763 1767 1754 1774 1754 1756 1781 1778 1763 1768 1767 1758 1763 1777 1776 1761 1763 1761 1773 1755 1782 1756 1772 1789 1744 1770 1784 1769 1750 1743 1760 1784 1773 1769 1792 1773 1744 1772 1759 1755 1774 1766 1772 1736 1786 1763 1745 1756 1745 1767 1775 1759 1766 1779 1757 1766 1785 1770 1757 1746 1763 1760 1780 1768 1755 1763 1773 1773 1749 1770 1743 1780 1759 1761 1747 1769 1783 1768 1769 1758 1756 1760 1789 1774 1751 1741 1743 1782 1772 1765 1777 1746 1780 1748 1747 1740 1784 1761 1784 1752 1756 1773 1767 1753 1769 1773 1758 1754 1749 1779 1763 1748 1774 1753 1747 1763 1785 1788 1759 1774 1767 1766 1779 1742 1764 1753 1760 1759 1784 1752 1754 1790 1776 1740 1766 1769 1754 1756 1766 1752 1759 1764 1760 1751 1749 1765 1736 1750 1755 1777 1764 1764 1753 1765 1770 1775 1786 1750 1767 1769 1767 1757 1772 1760 1753 1753 1758 1756 1752 1757 1772 1762 1753 1754 1733 1762 1758 1784 1765 1756 1770 1757 1772 1772 1779 1766 1748 1772 1774 1741 1756 1747 1784 1760

Tree=0
num_leaves=15
num_cat=1
split_feature=72 27 8 17 48 16 2 37 6 17 37 36 40 70
split_gain=39425.9 7101.13 5652.51 2097.18 2024.71 1823.91 1184.21 983.116 946.086 1700.85 1792.14 1114.95 925.388 868.735
threshold=0.00019122414460882113 0.00031596838319527398 2.5000000000000004 0.00019184691995980879 0.0055788982259570505 0.00096065228760920033 1946.5000000000002 0.00018609526637347517 0 0.26791687911158651 0.0041649008202069354 0.41125122711861578 0.0024980265600575758 0.090159737089561667
decision_type=2 2 2 2 2 2 2 2 9 2 2 2 2 2
left_child=1 4 3 5 8 7 -6 -2 9 10 -1 -10 -4 -3
right_child=2 13 12 -5 6 -7 -8 -9 11 -11 -12 -13 -14 -15
leaf_value=-3.0954778795295579 -2.7296078191236592 -2.6930667892829643 -3.0692032290949611 -2.4626065213930204 -3.1045780492615798 -3.1869294657492899 -2.7830683168467658 -2.4867829098843615 -3.1683382214623887 -2.6209300678020018 -2.6612490186380904 -2.8461196915890787 -2.6617899520708526 -3.1845830518625569
leaf_weight=102.12920475378633 46.518779646605253 60.059833656996489 22.334069259464744 205.7015155851841 15.576604247093199 5.3851381167769423 31.96313439682126 33.163287699222565 150.93677435070276 7.7298496328294268 8.3932362124323827 9.3232509754598123 5.7331588976085177 3.316932898014783
leaf_count=2301 492 568 482 461 354 138 390 82 3755 40 57 126 34 85
internal_value=-2.80375 -3.00691 -2.55686 -2.5176 -3.0641 -2.65714 -2.88509 -2.62145 -3.09553 -3.0359 -3.05832 -3.14851 -2.97169 -2.71876
internal_weight=708.265 389.429 318.836 290.769 326.052 85.0672 47.5397 79.6821 278.512 118.252 110.522 160.26 28.0672 63.3768
internal_count=9365 7676 1689 1173 7023 712 744 574 6279 2398 2358 3881 516 653
cat_boundaries=0 1
cat_threshold=1496
is_linear=0
shrinkage=1


Tree=1
num_leaves=15
num_cat=0
split_feature=33 35 74 42 17 49 17 45 28 4 74 3 64 28
split_gain=7868.44 2982.38 2291.12 2564.85 1066.73 1018.6 854.999 774.435 600.794 587.905 574.544 646.399 548.551 525.094
threshold=0.00029501252080187232 0.0023008768743014488 0.019570885545989285 0.00025234084128638034 0.0067206481057565381 0.0016945493828262707 0.22789014107205427 0.0017041837996655286 0.0054666154371584711 2.2179731450359234e-05 0.32823266682696434 636.50000000000011 0.14458537563985888 0.016535645507067334
decision_type=2 2 2 2 2 2 2 2 2 2 2 2 2 2
left_child=1 2 3 6 10 8 9 13 -5 -1 -4 -12 -3 -8
right_child=-2 12 4 5 -6 -7 7 -9 -10 -11 11 -13 -14 -15
leaf_value=0.23151489306241513 0.36290216041169371 0.33838953421759305 0.066130026558713223 0.020573723202128434 0.34639735586891396 0.29242971168791898 -0.029695190728165139 0.32186828422787378 0.28156887003202274 0.027650212609768691 0.029800189145924576 0.2908856464656196 0.058694814498810075 0.21231361232833482
leaf_weight=12.571372538805006 331.97466425970197 107.94070345908403 28.244355175644159 26.783531319350004 64.435641948133707 79.830739233642817 17.560048267245296 19.067468296736479 10.389494419097899 215.02840192615986 11.036218319088219 40.738069426268339 7.1947472468018523 13.603883318603037
leaf_count=177 750 565 492 567 114 675 431 69 86 4651 214 303 141 129
internal_value=0.243896 0.183065 0.152955 0.115047 0.255065 0.23233 0.064999 0.17584 0.0989845 0.0398741 0.178152 0.236852 0.321567 0.0792645
internal_weight=986.399 654.425 539.289 394.835 144.454 117.004 277.831 50.2314 37.173 227.6 80.0186 51.7743 115.135 31.1639
internal_count=9364 8614 7908 6785 1123 1328 5457 629 653 4828 1009 517 706 560
is_linear=0
shrinkage=0.03


Tree=2
num_leaves=15
num_cat=1
split_feature=6 48 36 65 28 7 77 2 2 76 49 2 28 70
split_gain=7416.45 2509.01 1139.24 948.953 942.186 662.764 528.828 415.522 411.757 409.373 598.371 442.526 352.548 326.265
threshold=0 0.0052146710989954756 0.096237129987130007 0.0079486159838258932 0.0023648886493898374 1.5000000000000002 0.0067584997835766205 14038.000000000002 1787.5000000000002 0.0051109649290151824 0.0016945493828262707 1593.5000000000002 0.00067739252631277079 0.032906044204741781
decision_type=9 2 2 2 2 2 2 2 2 2 2 2 2 2
left_child=4 2 3 7 -1 12 -7 -2 -8 10 -4 -12 -3 -14
right_child=1 5 9 -5 -6 6 8 -9 -10 -11 11 -13 13 -15
leaf_value=0.087500268653754792 -0.010833872208079376 0.027388231607879916 0.012272557590072465 0.12465805997049403 0.2665330662367838 0.037044606541665547 0.054450426924142571 0.12370014386330144 0.29398042782531569 0.23659655563425833 0.27827115319268997 0.033404814994960334 0.23094503212832385 -0.02708727069099463
leaf_weight=28.863785166293383 205.05137925595045 23.361834455281496 31.907074339687824 75.828905142843723 645.54774267971516 9.6943409219384176 7.5636164583265773 21.965299837291241 81.389098230749369 33.301573697477579 19.595718294382099 10.249598544090984 23.268480636179451 5.1500407420098773
leaf_count=431 4414 370 617 941 1200 144 120 355 240 210 82 134 100 81
internal_value=0.188717 0.100122 0.0622019 0.033523 0.255233 0.205964 0.251721 0.00266856 0.274445 0.152273 0.103754 0.197987 0.115674 0.184853
internal_weight=1222.74 548.327 397.9 302.846 674.412 150.427 98.6471 227.017 88.9527 95.054 61.7524 29.8453 51.7804 28.4185
internal_count=9439 7808 6753 5710 1631 1055 504 4769 360 1043 833 216 551 181
cat_boundaries=0 1
cat_threshold=264
is_linear=0
shrinkage=0.03


Tree=3
num_leaves=15
num_cat=0
split_feature=72 27 63 33 42 7 70 28 76 52 50 45 28 51
split_gain=3799.45 1615.37 550.654 545.34 529.36 650.947 490.241 470.58 425.077 378.445 324.584 312.589 547.232 305.917
threshold=0.00019122414460882113 0.00031596838319527398 0.036729271292405462 0.039118261821940108 0.00025234084128638034 1.5000000000000002 0.06551805078817112 0.0023648886493898374 0.0037712145633829529 0.99799105881973205 0.23830341671921518 0.16142225740484203 0.0047739027493780197 0.16423294519891615
decision_type=2 2 2 2 2 2 2 2 2 2 2 2 2 2
left_child=1 3 7 4 6 13 9 -2 -8 11 -7 -1 -13 -6
right_child=2 -3 -4 -5 5 10 8 -9 -10 -11 -12 12 -14 -15
leaf_value=0.017129389327950259 0.046203393329926006 0.18446761487816352 0.038777571503603094 0.21345717759217073 -0.030571843634644432 0.2112048964131793 0.018771779069711576 0.20738773391265516 0.23444933347907312 0.31584814252714499 -0.027480515566289467 0.23944230117496307 -0.02905693375558405 0.15417999200292429
leaf_weight=260.56496527045965 17.316214460879564 151.81870609521866 19.112610708922148 22.06447185203433 25.921638235449791 51.336552917957306 13.692871693521736 789.20266652852297 20.321689940989017 3.1633722782135001 5.445808019489049 14.7281218059361 11.732663284987209 10.554905418306587
leaf_count=5131 210 670 199 74 530 316 285 1267 127 20 82 106 264 99
internal_value=0.15862 0.100304 0.200216 0.0708798 0.062852 0.125559 0.0444832 0.203989 0.150642 0.0315652 0.188234 0.0273464 0.123667 0.0255758
internal_weight=1416.98 591.346 825.631 439.527 417.463 93.2589 324.204 806.519 34.0146 290.189 56.7824 287.026 26.4608 36.4765
internal_count=9380 7704 1676 7034 6960 1027 5933 1477 412 5521 398 5501 370 629
is_linear=0
shrinkage=0.03


Tree=4
num_leaves=15
num_cat=0
split_feature=72 77 76 28 4 27 73 28 52 45 28 57 3 5
split_gain=2917.29 1344.26 880.307 539.14 622.656 386.725 376.738 363.932 346.14 301.502 298.794 281.445 376.033 311.825
threshold=0.00019122414460882113 0.00044803191143420799 0.0037712145633829529 0.0054666154371584711 6.4008274706898411e-05 0.0014883725566806885 0.49059080110281994 0.025732295906159063 0.99799105881973205 0.042397852574121729 0.0068469710181617025 0.00077085193300659323 950.50000000000011 68393.414107323624
decision_type=2 2 2 2 2 2 2 2 2 2 2 2 2 2
left_child=1 2 8 4 5 -3 -2 -4 9 -1 -11 12 -6 -14
right_child=6 3 7 -5 11 -7 -8 -9 -10 10 -12 -13 13 -15
leaf_value=-0.0067974754957699337 0.17150780065815316 -0.018041200272462421 0.0075820654143563771 0.16702663484189278 -0.02839272349513133 0.18752241542087875 0.03679617362785826 0.162871565992838 0.26177116293770175 0.15169619374636747 -0.029170386016809619 0.01439689486136444 0.20545867420124989 0.028977215754498069
leaf_weight=199.21280021592975 946.51107060536742 52.938836202025414 17.565407618880272 164.66319284588099 8.483614429831503 8.7271104082465154 19.695004761219025 60.455439671874046 3.9226922690868369 22.160119965672493 12.307227350771425 14.796582929790018 61.405792992562056 10.952572390437124
leaf_count=4045 1437 1079 264 620 176 14 225 363 16 186 277 221 359 135
internal_value=0.135916 0.0858927 0.0416991 0.128952 0.0882934 0.0135788 0.168803 0.128448 0.0127945 0.0075174 0.0881127 0.135829 0.157607 0.179505
internal_weight=1603.8 637.591 315.624 321.968 157.305 61.6659 966.206 78.0208 237.603 233.68 34.4673 95.6386 80.842 72.3584
internal_count=9417 7755 5151 2604 1984 1093 1662 627 4524 4508 463 891 670 494
is_linear=0
shrinkage=0.03


Tree=5
num_leaves=15
num_cat=1
split_feature=6 27 33 48 65 36 45 80 49 17 16 44 14 1
split_gain=2782.64 1293.63 619.598 729.483 358.317 405.065 297.69 295.116 268.261 266.871 331.094 326.68 296.18 253.467
threshold=0 0.00068516623320532936 0.00084395031654219783 0.087251845775225614 0.0099124533690550676 0.17588281470175685 0.042397852574121729 0.30999092914871146 0.25312624325092364 0.00030977067951925592 0.00045007791290242939 0.1183009382550667 0.91343742258877703 12.500000000000002
decision_type=9 2 2 2 2 2 2 2 2 2 2 2 2 2
left_child=9 2 3 4 5 -2 -6 8 -5 10 11 12 -1 -7
right_child=1 -3 -4 7 6 13 -8 -9 -10 -11 -12 -13 -14 -15
leaf_value=0.14587296553893034 -0.013125500347543152 0.13902384932660619 0.1200822389646178 -0.030468524545084176 0.034796053646471564 0.13594272661455753 0.17597179523817807 0.19332463872682232 0.16440320185442794 0.15998173349251379 -0.030420225584901272 0.0058229446266229072 -0.028358987233486833 0.012626206968542593
leaf_weight=241.66453257575631 263.58380247280002 174.20414386317134 81.537809528410435 14.650943569839002 41.693982277065516 28.474975720047951 19.329358857125044 30.197341248393059 9.8990065492689592 750.86247920617461 11.603548154234884 17.654819797724485 8.8014847226440889 31.009869929403067
leaf_count=781 5095 554 408 226 669 239 47 54 54 348 151 181 186 469
internal_value=0.117454 0.0674852 0.0446103 0.0303462 0.0155839 0.0028953 0.0816302 0.131777 0.0514667 0.148936 0.124127 0.130904 0.139662 0.0729285
internal_weight=1725.17 694.581 520.377 438.839 384.092 323.069 61.0233 54.7473 24.55 1030.59 279.724 268.121 250.466 59.4848
internal_count=9462 7815 7261 6853 6519 5803 716 334 280 1647 1299 1148 967 708
cat_boundaries=0 1
cat_threshold=264
is_linear=0
shrinkage=0.03


Tree=6
num_leaves=15
num_cat=2
split_feature=6 48 76 75 6 73 17 0 28 2 2 45 84 71
split_gain=1699.83 1044.09 683.162 381.696 295.339 345.814 350.008 300.772 255.478 226.155 176.152 273.779 173.253 196.929
threshold=0 0.00085369252260383084 0.0026589062830233057 0.11063353347997544 1 0.11226355459370242 0.038400455791760151 17.500000000000004 0.019223467041303857 689.50000000000011 3750.5000000000005 0.36978568157002595 1.0000000180025095e-35 0.0024435964516997103
decision_type=9 2 2 2 9 2 2 2 2 2 2 2 2 2
left_child=12 2 4 -4 5 6 7 -2 10 -3 11 -9 -1 -14
right_child=1 9 3 -5 -6 -7 -8 8 -10 -11 -12 -13 13 -15
leaf_value=0.13575326304434687 -0.031124571814883466 -0.029371958922053996 0.13216490388208704 -0.030710961854673605 -0.013811886591006153 -0.031446037976978557 0.14712408852782263 0.023709962899294279 0.010924293211242499 0.12133094333254914 0.15617114891762526 0.20964747510505974 -0.031071242513911752 0.11179189377708273
leaf_weight=1102.8234836831689 37.950281798839569 8.900322310626505 92.534459426999092 14.640592560172079 124.75164227560163 43.896769072860479 34.165043327957392 37.255633935332298 48.644674252718687 275.23463975638151 29.155271247029305 7.9138737954199305 11.909482184797524 27.79090578854084
leaf_count=1371 765 144 417 214 2404 804 141 613 791 1224 295 67 138 57
internal_value=0.108752 0.0702424 0.0436179 0.109837 0.0238586 0.0423112 0.0611411 0.0420901 0.0647541 0.116524 0.0993723 0.0601222 0.132347 0.0692248
internal_weight=1897.57 755.043 470.908 107.175 363.733 238.982 195.085 160.92 122.969 284.135 74.3248 45.1695 1142.52 39.7004
internal_count=9445 7879 6511 631 5880 3476 2672 2531 1766 1368 975 680 1566 195
cat_boundaries=0 1 2
cat_threshold=264 1236
is_linear=0
shrinkage=0.03


Tree=7
num_leaves=15
num_cat=1
split_feature=6 27 33 48 0 65 87 3 4 40 84 1 2 28
split_gain=1871.07 806.901 380.594 412.637 313.125 269.309 256.049 245.464 239.787 237.025 211.532 196.138 181.133 171.732
threshold=0 0.00069590264917595841 0.0055172518758656386 0.0055788982259570505 26.500000000000004 0.017005696700839495 0.00011129030460076216 8089.0000000000009 2.2179731450359234e-05 0.0024980265600575758 1.0000000180025095e-35 10.500000000000002 1005.5000000000001 0.0016494870605392362
decision_type=9 2 2 2 2 2 2 2 2 2 2 2 2 2
left_child=10 2 3 4 5 8 12 11 -2 -4 -1 13 -5 -6
right_child=1 -3 9 6 7 -7 -8 -9 -10 -11 -12 -13 -14 -15
leaf_value=0.12392720123874724 0.10647142299464345 0.10933505439852916 -0.03010323303658172 -0.028754905747076745 -0.027682261677839531 0.062741694612851437 -0.030957969771768637 0.23618347098176881 -0.015129992257222473 0.13258490565930833 0.046116581321754058 -0.030118788331363354 0.11356922555041837 0.13385399450468907
leaf_weight=1242.3172823004425 14.494403697550295 208.25561374425888 9.0660109929740411 8.4824394620954973 7.3344991020858314 57.895472440868616 15.053315173834561 7.0336963012814513 251.62313869222999 53.704920709133148 33.846753388643265 15.929844819009302 85.055976036936045 24.330867554992437
leaf_count=1408 156 557 110 152 171 615 200 58 4812 134 196 309 412 126
internal_value=0.0985498 0.0583715 0.0399704 0.0308742 0.0159892 0.00468513 0.0821564 0.081746 -0.00813303 0.108984 0.120954 0.0545324 0.100495 0.0967361
internal_weight=2034.42 758.26 550.005 487.234 378.642 324.013 108.592 54.6289 266.118 62.7709 1276.16 47.5952 93.5384 31.6654
internal_count=9416 7812 7255 7011 6247 5583 764 664 4968 244 1604 606 564 297
cat_boundaries=0 1
cat_threshold=264
is_linear=0
shrinkage=0.03


Tree=8
num_leaves=15
num_cat=1
split_feature=6 76 77 65 75 59 77 35 45 2 72 36 72 45
split_gain=1635.92 558.253 485.31 346.547 343.017 235.516 236.3 180.913 171.91 167.34 149.209 154.594 145.235 213.029
threshold=0 0.0006002219751348655 0.018064272391107885 0.0099124533690550676 0.11063353347997544 0.033163972549320998 0.078028058905806288 0.086258480937358759 0.90959267904868246 1484.0000000000002 0.45291373133239637 0.22305635787249034 0.0064632090238929884 0.042397852574121729
decision_type=9 2 2 2 2 2 2 2 2 2 2 2 2 2
left_child=-1 2 3 8 7 6 9 -3 10 -4 11 -2 13 -5
right_child=1 4 5 12 -6 -7 -8 -9 -10 -11 -12 -13 -14 -15
leaf_value=0.10767335968023545 -0.021919916283071061 0.10639706132493335 0.011506654176487293 0.0039352723235194856 -0.03163567638448328 -0.0063943470293126702 -0.03059462237522647 -0.031138295316960121 0.12317158129065306 0.11792802985098294 0.19309257931789148 0.036303815184055288 0.13787774234454894 0.13088107627607093
leaf_weight=1365.3948796875775 209.12862962856889 196.99306688830256 15.469097904860972 38.990822318941355 18.871247984468937 26.23617946729064 12.458956852555273 8.5816298685967904 8.3010848686099035 104.95812001824379 2.2796388864517203 50.055894769728184 19.433886177837849 16.162709455937147
leaf_count=2024 4007 598 210 635 262 321 200 81 84 360 9 585 21 34
internal_value=0.0881846 0.0493765 0.0324029 0.0122989 0.0893291 0.075561 0.0916686 0.100533 -0.00359564 0.104465 -0.00807426 -0.0105789 0.0690727 0.0428049
internal_weight=2093.32 727.921 503.475 344.353 224.446 159.122 132.886 205.575 269.765 120.427 261.464 259.185 74.5874 55.1535
internal_count=9431 7407 6466 5375 941 1091 770 679 4685 570 4601 4592 690 669
cat_boundaries=0 1
cat_threshold=392
is_linear=0
shrinkage=0.03


Tree=9
num_leaves=15
num_cat=1
split_feature=6 49 33 77 49 0 28 40 87 17 82 44 14 63
split_gain=1130.22 720.583 337.423 269.384 318.027 235.568 227.794 184.854 179.825 165.587 274.965 214.495 204.572 159.94
threshold=0 0.0016945493828262707 0.00084395031654219783 0.0067584997835766205 0.0053554625940851466 24.500000000000004 0.00058486833621069774 0.0024980265600575758 0.013909102946765393 0.00019184691995980879 0.0013439054133326401 0.1183009382550667 0.91343742258877703 0.0074733338207577833
decision_type=9 2 2 2 2 2 2 2 2 2 2 2 2 2
left_child=9 2 5 4 -3 -2 -7 -4 -5 10 11 12 -1 -8
right_child=1 3 7 8 -6 6 13 -9 -10 -11 -12 -13 -14 -15
leaf_value=0.097281008325117088 0.0010365653573499892 0.13737842261044889 0.00046736254989458329 0.098859804642989019 -0.016889827321360289 -0.030468731513290256 0.092733707090907072 0.10315142060810245 -0.030180322347606741 0.10619565087166175 -0.033166628051666966 -0.0030328096365584236 -0.029638960177044631 -0.029509842150004822
leaf_weight=369.28854559361935 272.3934128805995 15.467046864330767 20.327783320099115 310.8336382098496 43.957444831728935 22.12546356394887 71.438040394335985 69.645662304013968 9.6077466718852502 1049.0701896995306 17.045686446130276 21.87708980217576 11.369776267558334 10.631210286170242
leaf_count=762 4464 25 201 895 663 469 585 183 131 361 147 174 177 198
internal_value=0.0827956 0.0527867 0.0283389 0.0840468 0.0248723 0.0157659 0.0538963 0.0802121 0.094909 0.0990101 0.0831885 0.0881857 0.0934223 0.0767337
internal_weight=2315.08 846.427 466.562 379.866 59.4245 376.588 104.195 89.9734 320.441 1468.65 419.581 402.535 380.658 82.0693
internal_count=9435 7814 6100 1714 688 5716 1252 384 1026 1621 1260 1113 939 783
cat_boundaries=0 1
cat_threshold=264
is_linear=0
shrinkage=0.03


Tree=10
num_leaves=15
num_cat=1
split_feature=6 49 65 8 3 87 17 82 63 44 63 72 36 36
split_gain=922.421 492.998 365.604 356.226 207.197 188.137 183.969 261.099 240.923 208.145 182.644 173.558 189.861 157.9
threshold=0 0.0016945493828262707 0.0079486159838258932 1.0000000180025095e-35 226.50000000000003 0.0052455141809762693 0.0017852021033621928 0.0013439054133326401 0.0010072197893241806 0.0046349312418224016 0.0070285165671869409 0.45291373133239637 0.38469785140651752 0.62026218295810787
decision_type=9 2 2 2 2 2 2 2 2 2 2 2 2 2
left_child=6 2 3 -2 -3 -6 7 8 9 13 -4 12 -5 -1
right_child=1 4 10 11 5 -7 -8 -9 -10 -11 -12 -13 -14 -15
leaf_value=0.095891274973154125 0.12151632466002443 -0.030511666427041988 0.096166030524908561 -0.014469544093135318 0.083367889827355088 -0.031117050084513553 0.098387380070854999 -0.033406227015328978 0.0034184373386566742 0.018518625553447018 0.022346077643412583 0.13074521934147121 0.069450279501214851 0.0057281352350444783
leaf_weight=397.752824511379 21.881648924201727 15.78428504988551 79.54080469161272 238.95306239649653 332.18155509606004 12.954381335526703 1027.2555149942636 18.471342712640762 34.489872608333826 38.553075689822435 49.433624062687159 7.6238647028803816 25.998947411775589 18.419847562909126
leaf_count=925 112 289 463 4359 1190 184 328 159 214 251 504 14 129 299
internal_value=0.0765991 0.0477948 0.0263491 0.00782209 0.0741332 0.0789933 0.0903778 0.0757863 0.0799688 0.0857547 0.0682618 -0.00171579 -0.00600457 0.0919239
internal_weight=2319.29 784.352 423.432 294.458 360.92 345.136 1534.94 507.687 489.216 454.726 128.974 272.576 264.952 416.173
internal_count=9420 7244 5581 4614 1663 1374 2176 1848 1689 1475 967 4502 4488 1224
cat_boundaries=0 1
cat_threshold=328
is_linear=0
shrinkage=0.03


Tree=11
num_leaves=15
num_cat=2
split_feature=6 48 76 65 75 45 36 50 6 35 75 77 64 84
split_gain=1018.35 537.246 413.435 209.256 209.007 160.886 146.887 143.174 136.242 146.326 131.234 130.937 217.376 130.821
threshold=0 0.00085369252260383084 0.0037712145633829529 0.0079486159838258932 0.11063353347997544 0.90959267904868246 0.55799245198694003 0.34088851766821809 1 0.0090144263325261532 0.00040478513208890102 0.0024505514491410846 0.35347347347347352 1.0000000180025095e-35
decision_type=9 2 2 2 2 2 2 2 9 2 2 2 2 2
left_child=13 2 3 5 -4 6 -2 -3 9 -5 -10 12 -8 -1
right_child=1 7 4 8 -6 -7 11 -9 10 -11 -12 -13 -14 -15
leaf_value=0.087400952375076349 -0.017720184229205269 0.075287768579233569 0.087313447822268769 -0.016540144823545825 -0.030870882837191988 0.11374489999118699 -0.030444248111551008 -0.029932069134284388 0.10540858759085024 0.19023845289481456 -0.028596922251521648 0.11951423219566122 0.26708289499307802 0.031445917997696568
leaf_weight=1482.6809636093676 243.00911202654243 329.8357098326087 101.49404775351286 41.877078045159578 14.994015872478483 8.8756809495389444 19.866787057369951 11.560627110302446 43.862710021436214 2.3184723705053321 7.2702676542103282 12.89134246855974 1.4718539714813221 40.068832147866488
leaf_count=1390 4563 1183 354 577 221 75 365 192 172 9 111 30 1 196
internal_value=0.0706083 0.042203 0.0227575 0.00758039 0.0719678 -0.0052782 -0.00948378 0.0716477 0.0458277 -0.0014112 0.0723032 0.0478323 0.00111539 0.0853898
internal_weight=2362.08 839.328 497.931 381.443 116.488 286.115 277.239 341.396 95.3285 44.1956 51.133 34.23 21.3386 1522.75
internal_count=9439 7853 6478 5903 575 5034 4959 1375 869 586 283 396 366 1586
cat_boundaries=0 1 2
cat_threshold=264 1058
is_linear=0
shrinkage=0.03


Tree=12
num_leaves=15
num_cat=0
split_feature=72 49 76 87 46 46 14 17 36 49 51 71 63 75
split_gain=736.808 611.015 288.525 205.791 171.611 267.051 160.975 225.649 158.501 153.84 149.731 142.343 155.932 140.786
threshold=0.00032971950034830908 0.0016945493828262707 0.0037712145633829529 0.0044602875776479896 0.57689173165915297 0.61611578709307857 0.71130618320238159 0.0040765548472272888 0.17588281470175685 0.74836892052194559 0.018993245744702562 1.0000000180025095e-35 0.014736395639818468 0.13517474374332314
decision_type=2 2 2 2 2 2 2 2 2 2 2 2 2 2
left_child=1 2 4 9 6 -6 7 8 -1 -3 -8 -2 -13 -4
right_child=11 3 13 -5 5 -7 10 -9 -10 -11 -12 12 -14 -15
leaf_value=-0.03202518644611229 0.05196469696332582 0.078406469106636498 0.073006458337847691 -0.031757430145092663 0.31064088813467805 -0.026017038425232036 0.0044680423537540939 0.035332835161811807 0.031872538596947601 -0.029606726650721185 0.12845324862408619 0.084991554464301344 0.030039223787413596 -0.030420560864598618
leaf_weight=169.98531798273325 154.00294094160199 410.84884552285075 108.37239573523402 16.264894522726536 3.2211755812168112 3.9769768826663494 17.754397101700306 100.24774730578065 43.050409659743309 11.734830956906078 16.461351472884417 1327.033543702215 49.613147791475058 12.733079951256512
leaf_count=3349 603 1315 433 226 6 75 181 1103 560 236 64 822 218 196
internal_value=0.0672011 0.0458116 0.022192 0.0713116 0.00847371 0.144152 0.00525767 -0.00157332 -0.0190241 0.0753442 0.0660717 0.0799443 0.0830344 0.061972
internal_weight=2445.3 914.651 475.803 438.849 354.697 7.19815 347.499 313.283 213.036 422.584 34.2157 1530.65 1376.65 121.105
internal_count=9387 7744 5967 1777 5338 81 5257 5012 3909 1551 245 1643 1040 629
is_linear=0
shrinkage=0.03


Tree=13
num_leaves=15
num_cat=1
split_feature=6 48 76 65 27 63 50 39 17 16 5 44 2 72
split_gain=698.244 496.16 325.984 212.663 235.474 181.754 129.806 128.797 118.272 164.472 146.347 135.984 110.621 110.127
threshold=0 0.00085369252260383084 0.0010277930703549547 0.0079486159838258932 0.00082555264554033962 0.017365115981032939 0.33914334376047045 0.012436404748445451 0.0012650226439853416 0.00094809244429423193 2062.277272049228 0.0093387896372961517 689.50000000000011 0.45291373133239637
decision_type=9 2 2 2 2 2 2 2 2 2 2 2 2 2
left_child=8 2 3 4 13 -5 12 -4 9 10 -1 -12 -3 -2
right_child=1 6 7 5 -6 -7 -8 -9 -10 -11 11 -13 -14 -15
leaf_value=-0.031875820052522111 -0.019804860309511691 -0.030498295969996356 0.069778338839325341 0.065085419722371071 0.0576494696620789 -0.031528602265328221 -0.030094321682029909 -0.031435325464705927 0.081936573412016878 -0.032658389605257632 0.074964052371711692 0.020899183107456573 0.072532082423468439 0.12966409886585309
leaf_weight=12.589772239327429 234.70719456672668 9.1024246364831907 131.00232604891062 81.979526691138744 44.147323004901409 21.560687784105539 11.490533437579868 11.812619008123873 1122.0055884644389 14.817614678293465 429.58150318264961 47.420311458408833 377.36934369802475 3.5350106954574576
leaf_count=126 4729 123 562 492 163 320 183 147 318 131 778 241 1050 13
internal_value=0.0638715 0.0413563 0.0226905 0.00830138 -0.00521332 0.0448579 0.0670738 0.0612463 0.0759463 0.0639884 0.066974 0.0696443 0.070033 -0.0170543
internal_weight=2553.12 926.707 528.745 385.93 282.39 103.54 397.962 142.815 1626.41 504.409 489.592 477.002 386.472 238.242
internal_count=9376 7782 6426 5717 4905 812 1356 709 1594 1276 1145 1019 1173 4742
cat_boundaries=0 1
cat_threshold=264
is_linear=0
shrinkage=0.03


Tree=14
num_leaves=15
num_cat=0
split_feature=72 77 37 52 0 35 45 17 8 33 77 51 75 70
split_gain=539.023 250.613 238.369 221.41 243.749 178.326 228.301 171.702 144.96 183.384 143.943 135.202 129.922 114.605
threshold=0.00019122414460882113 0.00044803191143420799 0.00026281237979614469 0.99799105881973205 23.500000000000004 0.046712092921569734 0.042397852574121729 0.063470102162087816 2.5000000000000004 0.001920215737204436 0.10938005196667568 0.36545518207282918 0.13517474374332314 0.090159737089561667
decision_type=2 2 2 2 2 2 2 2 2 2 2 2 2 2
left_child=1 2 3 4 -1 6 -6 12 -2 -10 11 13 -4 -3
right_child=8 10 7 -5 5 -7 -8 -9 9 -11 -12 -13 -14 -15
leaf_value=-0.013366383325361336 0.073602430255243212 0.065145830724498421 0.088481945037824056 0.18237719607858954 -0.0035477447583434712 0.1314594275860938 0.092035768438143553 -0.0316777560936592 0.0013649934609171112 0.086009672239677995 -0.031857468597967856 -0.0068014791025025655 -0.02947971828802818 -0.032363806829780926
leaf_weight=185.20031201094389 1545.7754482030869 474.78089955449104 87.455298192799091 5.7162820473313323 71.879418436437845 16.057948756963015 31.684270609170198 14.40271297469735 58.135074883699417 37.190319947898388 15.455405231565235 26.158170107752085 8.809679262340067 10.537299256771801
leaf_count=3205 1132 1931 218 20 1152 39 126 186 528 11 217 392 145 87
internal_value=0.0609605 0.042871 0.025527 0.0119666 0.00818505 0.0413855 0.0262956 0.06313 0.0713792 0.0349384 0.0566604 0.0593921 0.0774946 0.0629665
internal_weight=2589.24 948.138 421.206 310.538 304.822 119.622 103.564 110.668 1641.1 95.3254 526.932 511.476 96.265 485.318
internal_count=9389 7718 5091 4542 4522 1317 1278 549 1671 539 2627 2410 363 2018
is_linear=0
shrinkage=0.03


Tree=15
num_leaves=15
num_cat=1
split_feature=6 36 16 75 58 28 42 2 15 50 71 26 28 79
split_gain=577.818 363.186 263.777 209.864 178.84 158.025 141.993 139.999 123.638 105.368 187.783 281.031 137.365 120.208
threshold=0 0.037591648912688826 0.00094809244429423193 0.13517474374332314 0.00089929221174126276 1.0000000180025095e-35 0.00025234084128638034 619.50000000000011 0.0046558654304701399 0.0440859137286716 0.00013402450844691107 0.0025144755423947532 0.032364288964544151 0.030637004896114494
decision_type=9 2 2 2 2 2 2 2 2 2 2 2 2 2
left_child=2 4 3 7 6 -6 8 -1 -2 10 11 12 13 -9
right_child=1 -3 -4 -5 5 -7 -8 9 -10 -11 -12 -13 -14 -15
leaf_value=0.0059588500620593498 -0.015985538050638282 0.059921613864210389 -0.033552490224323106 -0.011831996874882763 0.13852701336076742 0.024966852787306971 0.04145027322682069 0.049751737850934646 0.059216071633353448 0.10570482153508874 0.073477269498779044 -0.021493089697319077 0.079805067913898228 -0.031087777030451506
leaf_weight=31.834624044597149 210.87615105882287 223.40154775604606 23.01754716783762 29.386356972157955 15.716145597398279 34.145816031843424 62.919437773525715 221.91697102971375 20.707874063402414 72.353212494403124 1428.8771764114499 43.084988664835691 164.97813509404659 17.225033458322287
leaf_count=267 3669 567 259 408 153 370 391 1166 70 87 749 303 629 283
internal_value=0.0583744 0.0296969 0.0658959 0.0673788 0.0108323 0.0627801 0.00185439 0.0685597 -0.00903544 0.0695789 0.0681301 0.0509193 0.0586735 0.0438238
internal_weight=2600.44 567.767 2032.67 2009.66 344.365 49.862 294.503 1980.27 231.584 1948.44 1876.08 447.205 404.12 239.142
internal_count=9371 5220 4151 3892 4653 523 4130 3484 3739 3217 3130 2381 2078 1449
cat_boundaries=0 1
cat_threshold=332
is_linear=0
shrinkage=0.03


Tree=16
num_leaves=15
num_cat=1
split_feature=72 49 33 8 70 0 2 9 42 77 77 65 36 71
split_gain=490.944 308.135 188.768 176.731 171.35 168.308 150.367 143.186 145.698 132.97 122.432 116.954 151.808 112.537
threshold=0.00019122414460882113 0.0016945493828262707 0.096477983410403631 2.5000000000000004 0.022460505108790215 17.500000000000004 9229.0000000000018 0 0.093212509873377217 0.00052690728777709747 0.054825831702544035 0.16244542630529443 0.41697369637434661 0.0012733448813535507
decision_type=2 2 2 2 2 2 2 9 2 2 2 2 2 2
left_child=1 2 4 -2 5 -1 7 8 13 -3 -11 12 -6 -7
right_child=3 9 -4 -5 11 6 -8 -9 -10 10 -12 -13 -14 -15
leaf_value=-0.032099841734310158 0.06667188312610503 -0.030874339307320475 0.086485350456754956 0.019041421144893437 0.0011605465667410741 -0.0075755193146128021 0.073417373602943481 -0.014329751629107407 0.083515754202224846 0.064886441178353377 0.01555784646930493 0.14315858706381662 0.087899193177223445 0.046283792563908896
leaf_weight=72.151714295148849 1669.8174047470093 14.714161988347767 37.352637767791748 74.190670609474182 39.544937115162611 83.077000357210636 38.153590939939022 118.96971789002419 33.908774469047785 387.79919263720512 52.0946902371943 11.112523127347229 32.623679388314486 58.93637315556407
leaf_count=1334 1153 263 31 541 458 1261 292 1894 109 1118 318 42 78 508
internal_value=0.0550981 0.0380449 0.0223412 0.0646577 0.0172696 0.00914962 0.0181553 0.0107815 0.0270304 0.0561199 0.0590932 0.0561995 0.041036 0.0149437
internal_weight=2724.45 980.439 525.831 1744.01 488.478 405.197 333.045 294.892 175.922 454.608 439.894 83.2811 72.1686 142.013
internal_count=9400 7706 6007 1694 5976 5398 4064 3772 1878 1699 1436 578 536 1769
cat_boundaries=0 1
cat_threshold=1
is_linear=0
shrinkage=0.03


Tree=17
num_leaves=15
num_cat=1
split_feature=6 76 77 4 75 65 1 59 63 51 38 1 1 42
split_gain=563.391 328.819 413.883 199.246 154.869 139.919 121.78 120.244 115.194 113 111.495 109.951 114.162 100.992
threshold=0 0.0038670620422451446 0.018064272391107885 2.2179731450359234e-05 0.13517474374332314 0.0079486159838258932 20.500000000000004 0.033163972549320998 0.017365115981032939 0.19229813700192419 0.027151325646537688 70.500000000000014 77.500000000000014 0.3156513435869695
decision_type=9 2 2 2 2 2 2 2 2 2 2 2 2 2
left_child=-1 2 3 -2 -3 11 8 10 -7 -9 -4 13 -13 -5
right_child=1 4 7 5 -6 6 -8 9 -10 -11 -12 12 -14 -15
leaf_value=0.063003467369629182 0.087334782383211573 0.064161172471250402 0.066806535143743337 -0.023981580278123964 -0.032061863401193109 0.06417567362558585 -0.03276011914506078 -0.034496045717010114 -0.031105861492662805 0.073215459784019249 -0.0047505519456139669 0.097116641174362056 -0.031340083524852735 0.054240887271795678
leaf_weight=1799.4070995263755 22.389637064188719 287.96240982785821 196.02887587621808 243.36592213436961 15.301913846284149 60.240205347537994 21.866046246141195 25.27442355453968 13.396454971283672 12.155173316597937 21.619617508724332 14.526243906468155 9.749072600156067 14.884895555675028
leaf_count=2020 162 513 577 4363 206 281 288 268 194 45 214 32 136 77
internal_value=0.0529652 0.0330782 0.0214174 0.00236228 0.0592166 -0.00288756 0.0283228 0.0512038 0.0466569 0.00147798 0.0597094 -0.0135003 0.046329 -0.0192812
internal_weight=2758.17 958.761 655.497 400.418 303.264 378.029 95.5027 255.078 73.6367 37.4296 217.648 282.526 24.2753 258.251
internal_count=9376 7356 6637 5533 719 5371 763 1104 475 313 791 4608 168 4440
cat_boundaries=0 1
cat_threshold=392
is_linear=0
shrinkage=0.03


Tree=18
num_leaves=15
num_cat=1
split_feature=6 49 33 52 63 65 70 65 84 72 0 1 46 28
split_gain=576.295 354.418 202.97 185.967 176.415 156.352 174.794 129.775 124.515 109.263 124.036 109.213 102.985 171.294
threshold=0 0.0016945493828262707 0.00084395031654219783 0.99799105881973205 0.84873562535286606 0.16244542630529443 0.022460505108790215 0.067852171977191109 0.00014022981104115252 0.30622704407537532 25.500000000000004 1.0000000180025095e-35 0.059347140682757128 0.065414935269497917
decision_type=9 2 2 2 2 2 2 2 2 2 2 2 2 2
left_child=8 2 3 4 5 9 -7 -4 11 10 -2 -1 13 -12
right_child=1 -3 7 -5 -6 6 -8 -9 -10 -11 12 -13 -14 -15
leaf_value=-0.031921875614178037 -0.026414974588266103 0.048846808768487002 0.058952133202060636 0.13998932734157538 0.2342484703722332 0.0022188379163153461 0.15093252431779655 -0.034162852496164804 0.0088104313971389524 0.073685780421367433 -0.031775623130230454 0.062257788905550775 0.10994953590215352 0.080655704881329421
leaf_weight=10.583188995718954 226.22520191222429 451.07018143311143 96.084795441478491 7.2895650044083586 1.7775789722800244 18.575708527117971 10.558206610381601 14.971136085689066 41.317126948386431 11.759076748043297 36.82629632204771 1835.8712192475796 8.8975908011198026 17.00239185616374
leaf_count=108 4093 1646 258 16 9 207 23 135 189 43 688 1894 30 64
internal_value=0.0507195 0.0297523 0.0112049 -0.00036677 -0.0038636 -0.00585098 0.0593333 0.0462067 0.0602298 -0.012342 -0.016085 0.061701 0.0210004 0.00456041
internal_weight=2788.81 901.038 449.968 338.912 331.622 329.844 29.1339 111.056 1887.77 300.711 288.951 1846.45 62.7263 53.8287
internal_count=9403 7212 5566 5173 5157 5148 230 393 2191 4918 4875 2002 782 752
cat_boundaries=0 1
cat_threshold=328
is_linear=0
shrinkage=0.03


Tree=19
num_leaves=15
num_cat=1
split_feature=72 77 76 52 36 45 28 9 77 71 72 45 63 46
split_gain=374.254 234.053 250.731 162.079 175.502 205.994 129.682 123.368 194.382 111.588 124.771 133.48 108.446 107.005
threshold=0.00019122414460882113 0.018722965033875532 0.0037712145633829529 0.3177641826691549 0.17588281470175685 0.16142225740484203 0.0047739027493780197 0 0.028990894887128929 1.0000000180025095e-35 0.024657881626593537 0.011353800957375247 0.017365115981032939 0.57689173165915297
decision_type=2 2 2 2 2 2 2 9 2 2 2 2 2 2
left_child=1 2 3 4 5 -1 -7 -3 -9 10 -2 -12 -11 -5
right_child=9 7 -4 13 -6 6 -8 8 -10 12 11 -13 -14 -15
leaf_value=-0.011859015919364019 0.051419217145402055 0.062252465224106511 0.050599012532603231 0.0467203616362976 0.043222246836261295 0.08707759728258202 -0.02940360187688338 0.063484930399908671 -0.035699405784439468 0.061865618177841052 -0.036841561298732985 0.059413442994219245 0.018443239637027504 0.19587970900972992
leaf_weight=287.77071130461991 130.26638774946332 304.24339138530195 228.12526309117675 17.028692567721013 96.221470460295677 32.41546469181776 11.021233780309556 33.276112876832485 36.02220430970192 1637.4286779649556 35.334974557161331 19.162111949175596 54.522450938820839 5.3027275316417208
leaf_count=4452 288 772 721 191 682 107 265 105 368 865 277 42 213 8
internal_value=0.0500073 0.035616 0.0250473 0.0120036 0.00778161 -0.00261363 0.0575261 0.0546776 0.0106396 0.0580468 0.0355768 -0.00253593 0.0604781 0.0890166
internal_weight=2928.14 1051.43 677.886 449.76 427.429 331.207 43.4367 373.542 69.2983 1876.71 184.763 54.4971 1691.95 22.3314
internal_count=9356 7671 6426 5705 5506 4824 372 1245 473 1685 607 319 1078 199
cat_boundaries=0 1
cat_threshold=193
is_linear=0
shrinkage=0.03


Tree=20
num_leaves=15
num_cat=2
split_feature=6 48 36 65 6 17 44 28 49 87 72 2 28 2
split_gain=504.862 285.121 239.298 232.666 169.118 129.251 187.212 155.104 147.257 119.426 105.554 101.127 75.4738 74.7255
threshold=0 0.0010554364351880962 0.029248632758009145 0.0011521881840253067 1 0.00041566307442722825 0.1183009382550667 0.022135836422738021 0.14723009986426219 0.0052455141809762693 0.45291373133239637 1349.5000000000002 0.0059588431411560549 689.50000000000011
decision_type=9 2 2 2 9 2 2 2 2 2 2 2 2 2
left_child=5 2 3 10 -5 6 7 8 11 13 -2 -1 -4 -3
right_child=1 9 12 4 -6 -7 -8 -9 -10 -11 -12 -13 -14 -15
leaf_value=-0.036281570784380379 -0.022721857993207105 -0.031168929405260035 -0.032468736942438937 0.04965710355164317 -0.016154848422764538 0.061547076845260257 -0.03517348259942988 0.058823950534937365 0.10129145490850099 -0.032764954398213947 0.1198354573641137 0.02593874825711643 0.043314984057469794 0.051813255569516971
leaf_weight=27.505796335637569 215.10665144212544 9.3825591914355737 11.823626011610029 94.511672347784042 50.230968438088894 1232.847399905324 24.921836905181408 374.17845571786165 19.209691680967808 15.689359638839958 3.7977746427059165 135.10255403071642 211.35563988052309 410.6911570802331
leaf_count=197 4178 121 136 418 702 343 194 337 11 179 9 524 1046 996
internal_value=0.0460985 0.0282097 0.0147946 -0.00023358 0.0291625 0.0557006 0.0441658 0.0477788 0.0248507 0.046846 -0.0197149 0.0152565 0.0391732 0.0498902
internal_weight=2836.36 1022.59 586.826 363.647 144.743 1813.77 580.918 555.996 181.818 435.763 218.904 162.608 223.179 420.074
internal_count=9391 7785 6489 5307 1120 1606 1263 1069 732 1296 4187 721 1182 1117
cat_boundaries=0 1 2
cat_threshold=264 4244
is_linear=0
shrinkage=0.03


Tree=21
num_leaves=15
num_cat=2
split_feature=6 63 73 51 71 49 70 6 0 1 42 17 44 82
split_gain=452.727 315.359 234.565 152.287 129.084 147.172 140.923 140.61 117.389 107.755 94.255 93.3829 177.547 107.939
threshold=0 0.017365115981032939 0.062541619751413632 0.36545518207282918 0.0013333925952264548 0.0016945493828262707 0.0026059616903164134 1 17.500000000000004 11.500000000000002 0.34216639368069218 0.00030977067951925592 0.1183009382550667 0.0034081959250651648
decision_type=9 2 2 2 2 2 2 9 2 2 2 2 2 2
left_child=11 2 3 4 5 6 7 8 -2 -8 -9 12 13 -1
right_child=1 -3 -4 -5 -6 -7 9 10 -10 -11 -12 -13 -14 -15
leaf_value=0.050154330783243002 -0.029607411547258152 -0.025926032224527412 -0.032224133007543725 -0.031691236495630347 0.066304888914255511 0.045110671056009091 0.074451092673131172 -0.021890077953671747 0.075299066043698279 0.014208418952957628 0.057044793813320754 0.059476011306942737 -0.034772328354037582 -0.035232908487246598
leaf_weight=579.03429235517979 12.204753857105969 85.392086619511247 45.180142637342215 27.277600381523371 136.1038895919919 461.10457176715136 54.849728647619486 129.09222968667746 37.261602770537138 52.350858889520168 14.243475392460821 1279.2549042776227 23.458032879978418 12.971085287630556
leaf_count=990 252 1307 806 542 300 1481 199 2185 233 417 74 354 190 86
internal_value=0.0456264 0.0288356 0.0339769 0.0372435 0.0393722 0.0344753 0.0180332 0.00264154 0.0411817 0.0454351 -0.0128173 0.0545164 0.0450124 0.0482272
internal_weight=2949.78 1055.06 969.669 924.489 897.211 761.107 300.003 192.802 49.4664 107.201 143.336 1894.72 615.463 592.005
internal_count=9416 7796 6489 5683 5141 4841 3360 2744 485 616 2259 1620 1266 1076
cat_boundaries=0 1 2
cat_threshold=264 1168
is_linear=0
shrinkage=0.03


Tree=22
num_leaves=15
num_cat=0
split_feature=71 63 49 37 65 0 52 4 57 77 7 85 45 28
split_gain=359.005 296.78 184.993 260.895 148.756 146.881 124.542 121.321 108.751 128.349 105.58 106.015 93.9822 91.1626
threshold=0.00060753543249251574 0.017365115981032939 0.0016945493828262707 0.00018609526637347517 0.050845170454545459 16.500000000000004 0.99799105881973205 4.8374503868516451e-05 0.00077085193300659323 0.00067041058364429649 2.5000000000000004 0.12345397717910696 0.9854824561403509 0.034253123843184567
decision_type=2 2 2 2 2 2 2 2 2 2 2 2 2 2
left_child=2 -2 3 5 -3 -1 7 12 9 -4 13 -12 -7 -9
right_child=1 4 8 -5 -6 6 -8 10 -10 -11 11 -13 -14 -15
leaf_value=-0.033259325605711466 0.055876096279545914 -0.025576566414859898 -0.031744038919992341 0.052650183539485099 0.050762300203325568 -0.025328000884018889 0.12607255066667911 0.014987549103036509 0.01617155335931951 0.053279301798386643 -0.035460477772616003 0.11081570702874836 0.10447529813683144 0.051675531520922205
leaf_weight=64.397641407325864 1581.6878091990948 62.722158400341868 15.966267913579939 161.40186177194118 34.927013520151377 84.980694549158216 7.9331342652440062 160.98899636045098 105.72712453082204 432.3157299272716 41.093478241935372 4.0112946927547446 4.3526960946619502 98.345601156353951
leaf_count=1066 1341 816 278 380 117 1409 10 1528 375 1116 466 2 21 491
internal_value=0.0438212 0.0527444 0.0311045 0.0199002 0.001966 0.00847109 0.0152269 0.01268 0.0437364 0.0501871 0.0216875 -0.0203303 -0.0179169 0.0290455
internal_weight=2860.85 1679.34 1181.51 627.505 97.6492 466.104 401.706 393.773 554.009 448.282 304.439 45.1048 89.3334 259.335
internal_count=9416 2274 7142 5373 933 4993 3927 3917 1769 1394 2487 468 1430 2019
is_linear=0
shrinkage=0.03


Tree=23
num_leaves=15
num_cat=2
split_feature=6 63 70 48 65 9 49 16 49 72 77 52 71 26
split_gain=465.142 255.374 173.711 186.544 191.356 149.658 111.829 110.268 105.57 125.324 113.258 108.279 96.5907 137.814
threshold=0 0.024962589267436382 0.0026059616903164134 0.0052146710989954756 0.0011521881840253067 1 0.56780587456518961 0.00019835998287082382 0.16882962593314829 0.09132049846565464 0.0039842602538527313 0.99815973957187831 0.0024435964516997103 0.00059764318032251129
decision_type=9 2 2 2 2 9 2 2 2 2 2 2 2 2
left_child=7 2 3 4 8 -5 -7 12 9 11 -10 -2 13 -1
right_child=1 -3 -4 5 -6 6 -8 -9 10 -11 -12 -13 -14 -15
leaf_value=0.047940903844073589 -0.029142312214772419 -0.033240300026486994 0.044806084784029469 0.051851318394301536 0.042960109487639328 -0.03575575688707526 0.064394277663997579 0.0036015965266489474 -0.03168528964083446 0.04745819822115413 0.051936925392528061 0.11376551800603164 0.055508596073432268 0.004831430547291295
leaf_weight=300.87630032002926 184.30506439879537 63.50478146225214 363.5710800755769 170.1653693318367 90.134386913850904 37.656240554526448 12.570040132850407 43.659504685550928 20.483383011072874 22.88095623254776 45.264274012297392 3.9314123317599288 1449.8519041985273 85.992730107158422
leaf_count=784 3404 1036 1015 407 482 354 26 200 371 106 214 3 687 369
internal_value=0.0416444 0.0243865 0.0285219 0.0183836 0.00524841 0.0401339 -0.00830281 0.0505388 -0.00713918 -0.0174707 0.0258004 -0.0255722 0.051927 0.0383957
internal_weight=2894.85 1014.47 950.962 587.391 366.999 220.392 50.2263 1880.38 276.865 211.117 65.7477 188.236 1836.72 386.869
internal_count=9458 7418 6382 5367 4580 787 380 2040 4098 3513 585 3407 1840 1153
cat_boundaries=0 1 2
cat_threshold=392 1
is_linear=0
shrinkage=0.03


Tree=24
num_leaves=15
num_cat=2
split_feature=6 27 51 73 7 65 45 49 28 0 75 6 3 44
split_gain=433.932 232.877 162.431 128.855 172.643 128.728 122.438 128.929 120.448 144.719 118.461 140.193 86.4513 81.9122
threshold=0 0.0007259264445224849 0.16679451774572981 0.11226355459370242 1.5000000000000002 0.16244542630529443 0.9854824561403509 0.17922854740783437 0.0030441408140360997 21.500000000000004 0.13517474374332314 1 966.50000000000011 0.083523876434395697
decision_type=9 2 2 2 2 2 2 2 2 2 2 9 2 2
left_child=8 2 3 4 5 6 7 -2 9 -1 11 -6 -11 -10
right_child=1 -3 -4 -5 10 -7 -8 -9 13 12 -12 -13 -14 -15
leaf_value=-0.036139153519650309 -0.032831571090457409 0.044699148617519176 -0.033615988421008082 -0.023008527177705448 0.00048240765103092661 0.093642182834380056 0.15046980290051948 0.039193373743271295 0.052232202875425945 -0.033172406404192348 -0.031555532214839796 0.043677438577003076 0.05660177065575582 0.018860407855640266
leaf_weight=31.185143448412418 107.05288674123585 335.57549987733364 57.282614387571812 60.040147289633751 94.196188621222973 9.9405868835747224 3.00309183448553 27.306056270375848 1673.2930192574859 10.977275520563124 24.403959263116121 342.64975411631167 54.882272303104401 70.44450269639492
leaf_count=244 1836 547 910 1027 1190 21 2 214 925 88 441 1646 127 224
internal_value=0.0399442 0.0238382 0.0144738 0.018638 0.0227779 -0.00547051 -0.013268 -0.0180124 0.0488189 0.0163454 0.0317915 0.0353943 0.0413661 0.0508956
internal_weight=2902.23 1061.45 725.875 668.593 608.553 147.303 137.362 134.359 1840.78 97.0447 461.25 436.846 65.8595 1743.74
internal_count=9442 7834 7287 6377 5350 2073 2052 2050 1608 459 3277 2836 215 1149
cat_boundaries=0 1 2
cat_threshold=264 2656
is_linear=0
shrinkage=0.03


Tree=25
num_leaves=15
num_cat=1
split_feature=6 4 73 3 28 41 63 33 58 76 27 28 4 5
split_gain=367.872 217.287 138.765 128.924 125 121.706 88.2338 148.699 87.2117 131.909 140.153 89.559 85.2308 83.0876
threshold=0 5.6692801707137226e-05 0.11226355459370242 16931.000000000004 0.0030441408140360997 0.080346545221660862 0.017365115981032939 0.12560285810548902 0.00089929221174126276 0.0010277930703549547 0.00068516623320532936 0.0057163279893801709 4.0413246567387236e-05 10648.095967931631
decision_type=9 2 2 2 2 2 2 2 2 2 2 2 2 2
left_child=4 8 3 5 13 6 -3 -8 9 10 -2 -10 -12 -1
right_child=1 2 -4 -5 -6 -7 7 -9 11 -11 12 -13 -14 -15
leaf_value=-0.033301880084080145 -0.028167858672681886 0.044420270176546317 -0.031675865443857448 -0.033674048832858655 0.049823691189605147 -0.035527436004155706 -0.033727059274738354 0.097049738696947149 0.070618750101748326 0.030246470953925391 0.053017663373427726 -0.029554395319575447 -0.036905333908165895 0.030047208328908431
leaf_weight=22.937938533723354 155.12610849179327 593.07228420116007 26.925339134410024 21.815703088417649 1838.0000251866877 18.284386217594147 30.730603449046612 9.3867664188146573 30.216179827228189 83.34365538880229 35.761949867010117 10.1801535859704 11.986519776284693 84.4510727673769
leaf_count=225 2921 2200 465 303 1634 207 424 4 121 298 63 187 72 293
internal_value=0.0399843 0.0245569 0.0342102 0.0368881 0.0477391 0.039299 0.0415124 -0.00151145 0.00456984 -0.00131217 -0.0143617 0.0452703 0.0301499 0.0163336
internal_weight=2972.22 1026.83 700.215 673.29 1945.39 651.474 633.19 40.1174 326.615 286.218 202.875 40.3963 47.7485 107.389
internal_count=9417 7265 3603 3138 2152 2835 2628 428 3662 3354 3056 308 135 518
cat_boundaries=0 1
cat_threshold=328
is_linear=0
shrinkage=0.03


Tree=26
num_leaves=15
num_cat=1
split_feature=6 63 36 17 48 65 26 79 8 77 71 85 35 14
split_gain=371.103 240.253 140.358 120.453 116.715 212.534 108.851 105.067 102.595 89.1903 88.3608 89.0158 76.5269 75.5211
threshold=0 0.017365115981032939 0.017140869027369724 0.00030977067951925592 0.00085369252260383084 0.0011521881840253067 0.003678193018930249 0.03669614486185372 2.5000000000000004 0.0039842602538527313 0.0028070189262019954 0.086612308857969431 0.13356954216310959 0.97824254934013066
decision_type=9 2 2 2 2 2 2 2 2 2 2 2 2 2
left_child=3 2 4 6 5 -2 8 12 13 -6 11 -8 -4 -1
right_child=1 -3 7 -5 9 -7 10 -9 -10 -11 -12 -13 -14 -15
leaf_value=0.047590688891259933 -0.019850472493950298 -0.03336669239207276 0.042398119774175624 0.051738568424817145 -0.031737527994995907 0.036010214396589267 -0.02842886561471852 -0.017380465500278799 -0.01213437461889846 0.038647754940070445 0.034162016469219188 0.054198378700477993 -0.036054303225267696 -0.030770665432001996
leaf_weight=458.53820789605379 162.33194237574935 63.52618638984859 471.73363647051156 1217.5521362200379 17.139514990150928 97.128969324752688 55.89332652464509 29.352175783365965 28.885931607335806 171.11177197657526 82.051290608942509 13.814080208539961 10.741954352706669 10.699458017945288
leaf_count=784 3226 1079 1261 402 232 572 333 239 224 675 138 29 84 113
internal_value=0.0378774 0.0225388 0.0265055 0.0458978 0.0141905 0.0011189 0.0355975 0.0372291 0.0423684 0.0321056 0.0132411 -0.0115195 0.0405805 0.0457423
internal_weight=2890.5 1023.07 959.54 1867.43 447.712 259.461 649.882 511.828 498.124 188.251 151.759 69.7074 482.476 469.238
internal_count=9391 7368 6289 2023 4705 3798 1621 1584 1121 907 500 362 1345 897
cat_boundaries=0 1
cat_threshold=392
is_linear=0
shrinkage=0.03


Tree=27
num_leaves=15
num_cat=0
split_feature=72 77 77 37 0 52 17 8 4 17 4 4 37 75
split_gain=377.854 144.804 123.89 120.325 147.813 129.239 130.33 112.5 104.762 99.2766 91.4043 85.371 78.3147 65.638
threshold=0.00019122414460882113 0.00044803191143420799 0.078028058905806288 0.00026281237979614469 26.500000000000004 0.99799105881973205 0.083544222261046977 2.5000000000000004 7.1432385362527211e-05 0.057441503933058517 5.935170272321332e-05 7.0842022078614392e-05 0.0012636955803125387 0.13517474374332314
decision_type=2 2 2 2 2 2 2 2 2 2 2 2 2 2
left_child=1 3 -3 4 5 6 -1 -2 11 13 -8 12 -9 -5
right_child=7 2 -4 9 -6 -7 10 8 -10 -11 -12 -13 -14 -15
leaf_value=-0.023529199244790962 0.046948923212842907 0.035504047673905866 -0.01917944013112869 0.053845188114708904 0.040743069763912884 0.092294289003872571 -0.013980267070291883 -0.013394307799573322 -0.035592776119490889 -0.033023280269945991 0.056406723922408863 0.1180415182918963 0.058550249377573964 -0.029750953384969622
leaf_weight=209.49706175923347 1713.3581380285323 614.06870092079043 39.087008291855454 95.79734780266881 68.665044100955129 10.130002774298189 29.729472786188126 29.869504552334547 27.530506182461977 15.486078169196842 35.702567936852574 8.2703234106302244 23.581820674240589 8.6348436418920738
leaf_count=3518 1151 2265 364 204 499 17 370 259 271 196 179 4 5 151
internal_value=0.0367167 0.0230565 0.0322073 0.0103961 0.0015602 -0.0079876 -0.0120037 0.0452381 0.012239 0.0362311 0.0246969 0.0338014 0.0188388 0.0467165
internal_weight=2929.41 1126.8 653.156 473.642 353.724 285.059 274.929 1802.61 89.2522 119.918 65.432 61.7216 53.4513 104.432
internal_count=9453 7763 2629 5134 4583 4084 4067 1690 539 551 549 268 264 355
is_linear=0
shrinkage=0.03


Tree=28
num_leaves=15
num_cat=2
split_feature=6 27 7 17 73 82 44 63 33 51 16 14 9 17
split_gain=401.926 215.455 232.324 154.773 153.46 127.776 119.474 119.323 138.957 133.801 101.295 103.392 82.341 81.7271
threshold=0 0.00068516623320532936 1.5000000000000002 0.00019184691995980879 0.11226355459370242 0.0013439054133326401 0.1183009382550667 0.0070285165671869409 0.12560285810548902 0.098270358943913436 0.00094809244429423193 0.91343742258877703 1 0.72833297137724917
decision_type=9 2 2 2 2 2 2 2 2 2 2 2 9 2
left_child=3 2 -2 5 7 6 10 9 -9 12 11 -1 -4 -14
right_child=1 -3 4 -5 -6 -7 -8 8 -10 -11 -12 -13 13 -15
leaf_value=0.040638917391332852 -0.024290270926986279 0.038752268904647835 -0.01069078938328199 0.049620591782583233 -0.031935497046618778 -0.037554416254823149 -0.035331692109455061 -0.024837262069729728 0.091202549571688149 -0.034630140120417971 -0.035846685025616339 -0.032173278074187572 0.04472153904772172 -0.030144913080175639
leaf_weight=570.96932793408632 147.24679092131555 321.57502393424511 32.92374493740499 1229.0303402468562 48.047041937708855 22.547731690108776 20.895768981426954 68.637797750532627 9.7258622497320157 25.098287587985396 16.252681903541088 17.403630241751671 295.93038061074913 13.064945625141261
leaf_count=1214 2375 500 470 356 961 144 161 1032 3 325 107 176 1265 238
internal_value=0.0350218 0.0185601 0.00866973 0.0431177 0.0185348 0.0313922 0.0339335 0.0240388 -0.00946764 0.0311992 0.0363816 0.0384343 0.0361182 0.0401731
internal_weight=2839.35 962.25 640.675 1877.1 493.428 648.069 625.521 445.381 78.3637 367.017 604.626 588.373 341.919 308.995
internal_count=9327 7169 6669 2158 4294 1802 1658 3333 1035 2298 1497 1390 1973 1503
cat_boundaries=0 1 2
cat_threshold=328 8
is_linear=0
shrinkage=0.03


Tree=29
num_leaves=15
num_cat=1
split_feature=71 63 63 26 87 51 77 6 25 85 49 41 37 0
split_gain=297.805 220.077 166.439 162.277 130.613 115.442 123.189 152.279 167.137 103.334 98.3806 80.4852 78.0498 79.2382
threshold=1.0000000180025095e-35 0.033129191224084385 0.84873562535286606 0.0020439880431399504 0.0033553822159068446 0.36545518207282918 0.0038567231890525066 0 0.0082165170729691216 0.086612308857969431 0.25312624325092364 0.065892137811810289 0.00018609526637347517 15.500000000000002
decision_type=2 2 2 2 2 2 2 9 2 2 2 2 2 2
left_child=3 -2 -3 4 5 6 7 12 11 -5 -8 -9 13 -1
right_child=1 2 -4 9 -6 -7 10 8 -10 -11 -12 -13 -14 -15
leaf_value=-0.031718617852055264 0.045403039446180626 -0.024609186606522435 0.19716391230219404 -0.037853492533548035 -0.035024707222726124 -0.032390174214757171 0.031312343665150309 -0.033948320300148979 0.059316632246951821 0.050557054843765374 0.059454282224723487 0.039128284192227657 0.052162242219133181 0.026061801318112591
leaf_weight=22.578008515760303 1680.5354825295508 57.116255635395646 2.2179713137447825 57.059660350903869 29.285078490152955 26.672168053686619 372.78670300543308 98.325848324224353 25.682870768010616 14.044281482696531 162.63794466480613 14.854637719690798 100.40628454461694 242.01198184676468
leaf_count=427 1598 774 6 485 355 527 1207 1493 24 27 263 40 190 1981
internal_value=0.035531 0.0433985 -0.0131886 0.0237677 0.0266203 0.0283451 0.0299335 0.0192256 -0.00779939 -0.0199319 0.0399555 -0.0240985 0.0289233 0.0210304
internal_weight=2906.22 1739.87 59.3342 1166.35 1095.24 1065.96 1039.28 503.86 138.863 71.1039 535.425 113.18 364.996 264.59
internal_count=9397 2378 780 7019 6507 6152 5625 4155 1557 512 1470 1533 2598 2408
cat_boundaries=0 1
cat_threshold=1244
is_linear=0
shrinkage=0.03


Tree=30
num_leaves=15
num_cat=1
split_feature=72 73 1 1 9 42 44 76 4 73 79 49 1 46
split_gain=304.949 106.279 102.516 111.645 105.047 115.229 90.8632 98.7033 116.349 92.6921 89.1094 81.4446 88.0687 81.1022
threshold=0.00019122414460882113 0.0711879253419581 77.500000000000014 75.500000000000014 0 0.014301117322444764 0.0025581161155316715 0.0016035293716826166 2.2179731450359234e-05 0.060153852339279258 0.083235892202222703 0.33381361900070539 30.500000000000004 0.57689173165915297
decision_type=2 2 2 2 9 2 2 2 2 2 2 2 2 2
left_child=1 2 3 4 10 6 7 8 -6 11 13 -10 -13 -1
right_child=-2 -3 -4 -5 5 -7 -8 -9 9 -11 -12 12 -14 -15
leaf_value=0.03113679599400479 0.0420231794661401 -0.031469005764587298 -0.038832580343623073 0.13275811761877074 0.080470820939524179 -0.038037121871556868 -0.03553692852405968 0.047041937767411286 -0.013670254213224398 0.13849717808038958 -0.032381982040297144 -0.031492959707951941 0.069121622635863994 0.12134529974231309
leaf_weight=694.82352955639362 1671.5735112689435 31.92972238175571 22.490660913288593 7.5860195979475966 17.234749356284738 39.801239361986518 27.371752984821796 87.445174327120185 131.02956650592387 3.2827497869729987 18.902759496122599 10.778093913570045 23.606101037934422 8.2188072837889177
leaf_count=3347 1660 748 220 13 85 377 304 187 1921 8 296 181 23 21
internal_value=0.033894 0.0217834 0.023367 0.0247093 0.0238138 0.00906259 0.0157015 0.0209426 0.00848185 0.000696288 0.0302067 -0.00285428 0.0375842 0.0323622
internal_weight=2796.07 1124.5 1092.57 1070.08 1062.49 340.549 300.748 273.376 185.931 168.697 721.945 165.414 34.3842 703.042
internal_count=9391 7731 6983 6763 6750 3086 2709 2405 2218 2133 3664 2125 204 3368
cat_boundaries=0 1
cat_threshold=225
is_linear=0
shrinkage=0.03


Tree=31
num_leaves=15
num_cat=2
split_feature=17 76 42 28 6 44 2 6 0 4 7 63 88 24
split_gain=349.528 172.534 180.504 137.842 126.896 119.411 116.866 105.754 106.439 110.462 93.3393 83.2213 81.2109 79.9371
threshold=0.00030977067951925592 0.0015297580412806744 0.00025234084128638034 0.054788747842451323 0 0.11314205888673975 3572.5000000000005 1 17.500000000000004 0.00019119920011014677 1.5000000000000002 0.017365115981032939 0.00025209606086400892 0.0012331974940697039
decision_type=2 2 2 2 9 2 2 9 2 2 2 2 2 2
left_child=1 2 3 6 -2 -3 13 12 -9 -10 -5 -6 -8 -1
right_child=4 5 -4 10 11 -7 7 8 9 -11 -12 -13 -14 -15
leaf_value=-0.021381103548460276 0.046172306541394932 0.040580252026593322 0.031193220839055662 -0.032273852362210254 0.025108154350802842 -0.018121375395330069 -0.033145327147597166 -0.034059299124973526 0.05687461609096392 -0.040568156355739377 0.037411105686652409 -0.033563658105398124 0.07977361661836109 0.050966186016927054
leaf_weight=242.69915298372507 1319.4286765158176 455.63287515565753 361.43520793132484 19.074043896049261 166.25277494080365 32.921403884887695 50.735373912379146 17.447240028530359 83.738037340342999 11.222610831260679 133.43496160395443 24.129238648340106 5.4891835097223511 13.630992373451589
leaf_count=3033 889 699 1299 295 778 214 837 254 218 78 478 346 38 48
internal_value=0.0328155 0.0221468 0.0145975 0.00417444 0.0428809 0.0365957 -0.00461706 0.014727 0.0299437 0.0450559 0.0285423 0.0166647 -0.0178078 -0.0173507
internal_weight=2937.27 1427.46 938.907 577.472 1509.81 488.554 424.963 168.632 112.408 94.9606 152.509 190.382 56.2246 256.33
internal_count=9504 7491 6578 5279 2013 913 4506 1425 550 296 773 1124 875 3081
cat_boundaries=0 1 2
cat_threshold=28 790
is_linear=0
shrinkage=0.03


Tree=32
num_leaves=15
num_cat=1
split_feature=6 36 45 4 17 44 16 65 49 82 0 48 5 4
split_gain=360.942 150.479 136.428 155.133 118.119 118.166 106.212 98.1573 185.735 82.4109 81.1552 66.4083 65.779 65.4331
threshold=0 0.001985780418933855 0.36978568157002595 5.6692801707137226e-05 0.00035452613656169145 0.1183009382550667 0.0009981713752812186 0.16244542630529443 0.0055421529960745447 0.0031986688658109472 21.500000000000004 0.0010554364351880962 496.72563926873147 0.00028053577704369501
decision_type=9 2 2 2 2 2 2 2 2 2 2 2 2 2
left_child=4 2 3 -2 5 6 9 8 -5 12 -4 -10 -1 -3
right_child=1 13 10 7 -6 -7 -8 -9 11 -11 -12 -13 -14 -15
leaf_value=-0.032431272023538099 -0.028551418145788567 0.028377001688380581 -0.028002516444784412 -0.019956733038355001 0.045330186732476067 -0.035520269683607539 -0.036298942269141828 0.058587234571811857 -0.030073987030229007 -0.03689691270846851 0.083157940981557668 0.038565827984584862 0.037235913440231187 -0.044677165327153691
leaf_weight=11.748042162507771 127.6155812907964 548.27566948533058 6.9425923712551585 132.93563615530729 1155.5196729451418 23.771187048405409 19.263740517199039 33.417660679668188 13.569623185321687 13.652787402272223 27.22121218778193 110.54527245461941 550.59999078139663 10.40205108001828
leaf_count=116 2472 1963 156 1994 411 185 135 101 255 86 108 272 1074 53
internal_value=0.0312695 0.0163777 0.00366121 -0.00110949 0.0394247 0.0289819 0.031613 0.0110036 0.00461441 0.0339432 0.0604145 0.030881 0.0357255 0.0269394
internal_weight=2785.48 1010.93 452.248 418.084 1774.56 619.036 595.265 290.468 257.051 576.001 34.1638 124.115 562.348 558.678
internal_count=9381 7374 5358 5094 2007 1596 1411 2622 2521 1276 264 527 1190 2016
cat_boundaries=0 1
cat_threshold=392
is_linear=0
shrinkage=0.03


Tree=33
num_leaves=15
num_cat=0
split_feature=72 63 7 79 71 59 11 63 65 38 77 65 2 28
split_gain=290.008 147.016 121.524 108.729 83.7483 78.7057 126.933 75.7963 111.221 71.4274 66.8355 84.5964 93.6896 139.139
threshold=0.00079782223489515975 0.0072420406492476495 2.5000000000000004 0.075610649626347767 0.00013402450844691107 0.037828215747452064 0.00017608068594910701 0.017365115981032939 0.065206654163863093 0.18371193684694831 0.018722965033875532 0.0033211438785051583 3714.0000000000005 0.00058486833621069774
decision_type=2 2 2 2 2 2 2 2 2 2 2 2 2 2
left_child=1 2 3 5 -2 9 -7 -6 -9 10 11 12 13 -1
right_child=4 -3 -4 -5 7 6 -8 8 -10 -11 -12 -13 -14 -15
leaf_value=-0.032761092915968591 0.01955606569415666 -0.012612761172157353 -0.017078025777428382 -0.033783363476214225 0.043427346960621685 -0.038562829938296538 0.051411896598156086 -0.041490129201702163 0.044239156883823169 -0.033657120650714599 0.041518253703453328 0.047801221659452081 0.033691335733117195 0.018960792373175724
leaf_weight=60.062654996290803 166.96729169040918 109.03798665106297 61.061180621385574 25.655799675732851 1443.7289718352258 37.601757591590285 21.25276830419898 23.211595486849546 30.166535012423992 14.877892300486563 343.01130568608642 114.80392343737185 215.24002793990076 199.88513247296214
leaf_count=1159 587 1442 730 326 811 320 61 189 16 210 798 234 1171 1297
internal_value=0.0317638 0.0205111 0.0238227 0.026256 0.039878 0.0278181 -0.00575622 0.0421298 0.00688216 0.0299066 0.0309551 0.0247541 0.0190972 0.00693036
internal_weight=2866.56 1202.49 1093.45 1032.39 1664.07 1006.74 58.8545 1497.11 53.3781 947.881 933.003 589.992 475.188 259.948
internal_count=9351 7748 6306 5576 1603 5250 381 1016 205 4869 4659 3861 3627 2456
is_linear=0
shrinkage=0.03


Tree=34
num_leaves=15
num_cat=1
split_feature=71 16 49 5 63 63 6 35 52 5 44 37 57 3
split_gain=337.727 172.827 144.508 120.747 113.379 131.8 107.195 86.7866 93.1889 79.7053 78.1585 75.5953 68.7612 83.3775
threshold=1.0000000180025095e-35 1.0000000180025095e-35 0.0034866180394832178 43133.314293764706 0.033129191224084385 0.84873562535286606 0 0.0085822640113242931 0.99799105881973205 169154.02161232883 0.040476697833877619 0.00085616501114553869 0.00077085193300659323 1333.5000000000002
decision_type=2 2 2 2 2 2 9 2 2 2 2 2 2 2
left_child=2 4 3 6 -2 -6 7 8 11 12 -5 -1 13 -4
right_child=1 -3 9 10 5 -7 -8 -9 -10 -11 -12 -13 -14 -15
leaf_value=-0.013468792260730496 0.040969424738629169 -0.02600411290763506 0.0067438826527390474 0.029826011756119687 -0.013998925194203291 0.17427819077922793 -0.026162010966925751 0.041746463093580544 0.080744105908858776 -0.022819985713851673 -0.034863811572953686 0.031649841323991096 0.0082509771920460592 0.042679648221471238
leaf_weight=178.74835761450231 1575.6376589220017 36.449507851153612 70.794482594355941 205.26621581055224 53.365743534639478 2.5659587271511546 113.36917967163026 52.553527388721704 11.002747774124144 25.351607518270612 17.47158201597631 40.074210949242115 97.284089956432581 334.3175270371139
leaf_count=2269 1434 300 530 881 650 6 1846 84 15 100 154 122 302 725
internal_value=0.0294196 0.0380346 0.0168607 0.00700287 0.0394803 -0.00245194 -0.00294879 0.00710283 -0.000657856 0.0283784 0.0246186 -0.00509957 0.0310021 0.0364318
internal_weight=2814.25 1668.02 1146.23 618.486 1631.57 55.9317 395.748 282.379 229.825 527.748 222.738 218.823 502.396 405.112
internal_count=9418 2390 7028 5371 2090 656 4336 2490 2406 1657 1035 2391 1557 1255
cat_boundaries=0 1
cat_threshold=1166
is_linear=0
shrinkage=0.03


Tree=35
num_leaves=15
num_cat=1
split_feature=33 63 71 9 42 63 0 28 0 1 36 42 3 3
split_gain=266.995 144.694 172.37 119.668 136.457 114.181 101.922 97.385 87.945 75.7709 68.7566 65.423 64.344 63.9054
threshold=0.00029501252080187232 0.0084349826478098307 0.0041939190790757598 0 0.00075935545472868621 0.84873562535286606 25.500000000000004 0.00089007583271803108 27.500000000000004 5.5000000000000009 0.45922381679717467 0.030897868751633431 471.50000000000006 5001.0000000000009
decision_type=2 2 2 9 2 2 2 2 2 2 2 2 2 2
left_child=1 2 3 9 6 13 7 -5 -6 -1 -8 -11 -9 -3
right_child=-2 5 -4 4 8 -7 10 12 -10 11 -12 -13 -14 -15
leaf_value=-0.033662979951507403 0.042343244128524464 -0.025501488856615611 0.039218812514494363 -0.032877496957687775 0.041425571322626094 0.15051224292559051 0.028469757665278275 -0.035795835773595908 -0.039802943593979977 0.014349901514278788 0.098895037697331156 -0.025487632362236612 0.017787565194301556 0.021137647083176017
leaf_weight=40.106428060680628 1078.7840527743101 89.811416070908308 571.97844151221216 50.600666893646121 365.58541281707585 3.0166778713464728 66.208433447405696 21.374178802594543 11.645463412627576 299.59723095037043 14.865212567150591 41.398293474689126 209.57075476832688 36.432574355974793
leaf_count=715 764 1266 726 827 712 8 386 255 83 2098 46 294 1109 182
internal_value=0.0305087 0.0234829 0.025818 0.0189512 0.025855 -0.007063 0.0130096 0.00441747 0.0388194 0.00471598 0.0424302 0.00945307 0.0126954 -0.0119816
internal_weight=2900.98 1822.19 1692.93 1120.95 739.85 129.261 362.619 281.546 377.231 381.102 81.0736 340.996 230.945 126.244
internal_count=9471 8707 7251 6525 3418 1456 2623 2191 795 3107 432 2392 1364 1448
cat_boundaries=0 1
cat_threshold=78
is_linear=0
shrinkage=0.03


Tree=36
num_leaves=15
num_cat=1
split_feature=6 27 33 63 2 87 33 44 63 5 45 74 5 28
split_gain=307.978 141.262 118.792 129.437 93.7283 82.4419 78.2966 101.287 86.2425 75.1423 72.1165 69.0953 64.2803 64.2736
threshold=0 0.00068516623320532936 0.096477983410403631 0.017365115981032939 1062.5000000000002 1.0000000180025095e-35 0.00021800001776683522 0.0048150229023679828 0.00080224745134383705 12584.828889278046 0.05751337083967923 0.0654611955157339 160074.59901660428 0.0038957425434887876
decision_type=9 2 2 2 2 2 2 2 2 2 2 2 2 2
left_child=6 2 3 4 -2 11 7 8 13 -9 12 -6 -10 -1
right_child=1 -3 -4 -5 5 -7 -8 9 10 -11 -12 -13 -14 -15
leaf_value=0.014644364704806184 -0.020025928370383719 0.031313677135217134 0.066693812626226021 -0.032793676528853941 0.019355699540818474 -0.033907390406447316 0.043594853407270921 0.036635790999612512 -0.033505642402533314 -0.028353505286401497 0.041484344712343454 -0.033501245996253155 0.042403707718941135 0.040426240814863824
leaf_weight=102.67671644687653 79.540071133524179 369.80079667270184 29.510449290275574 68.219566153362393 527.78498975932598 29.100709175691009 829.51099838316441 24.21575440466404 41.883748091757298 42.906774912029505 29.644697666168213 22.350679388269782 12.182923287153242 630.94368705898523
leaf_count=413 1357 559 22 1282 3966 367 252 65 200 237 17 248 7 399
internal_value=0.028698 0.0159985 0.0086918 0.00624899 0.0103356 0.0145322 0.0367217 0.0306483 0.0335546 -0.00471374 0.00464439 0.0171514 -0.0159415 0.0368427
internal_weight=2840.27 1126.31 756.506 726.996 658.776 579.236 1713.97 884.454 817.332 67.1225 83.7114 550.136 54.0667 733.62
internal_count=9391 7801 7242 7220 5938 4581 1590 1338 1036 302 224 4214 207 812
cat_boundaries=0 1
cat_threshold=264
is_linear=0
shrinkage=0.03


Tree=37
num_leaves=15
num_cat=1
split_feature=72 17 8 77 28 6 0 35 41 65 75 49 0 14
split_gain=270.939 122.071 136.133 114.902 110.759 194.002 111.612 105.011 94.864 91.6609 85.437 84.2464 77.5695 99.6497
threshold=0.00041135899067292988 0.001639075605418272 1.5000000000000002 0.0037727476336600094 0.023829586068954928 0 20.500000000000004 0.00065524455899105985 0.018107556915847936 0.089603632425818411 0.089188317504242234 0.2442711007656409 23.500000000000004 0.01033800499980571
decision_type=2 2 2 2 2 9 2 2 2 2 2 2 2 2
left_child=3 2 -2 4 5 6 -1 -4 9 12 -10 -5 13 -6
right_child=1 -3 7 11 8 -7 -8 -9 10 -11 -12 -13 -14 -15
leaf_value=-0.017141083256208542 0.039961974756343797 0.0418652635274031 -0.0012802902080813895 0.019866846968320091 -0.02885582616200736 -0.028104840621770981 0.041695296503698812 0.041339673450496897 0.063541597755874729 0.047884709108019223 -0.031141382719810158 0.044952215842844742 0.022937743025661352 0.059228317279858826
leaf_weight=42.953702706843615 258.06360553950071 1145.5396500825882 204.40738360583782 464.46455029584467 84.146810919046402 147.67630429379642 85.610959257930517 68.769083511084318 61.177090073004365 46.482013337314129 9.3330021332949382 163.60396097227931 78.143581325188279 12.424335286021231
leaf_count=665 191 484 909 1748 1062 2513 669 50 110 120 161 306 390 8
internal_value=0.0285599 0.0363422 0.0243761 0.0176281 0.00782934 -0.00577734 0.0204769 0.00956045 0.0206903 0.0109235 0.0507487 0.0264623 0.000873543 -0.0170325
internal_weight=2872.8 1676.78 531.24 1196.02 567.948 276.241 128.565 273.176 291.707 221.197 70.5101 628.069 174.715 96.5711
internal_count=9386 1634 1150 7752 5698 3847 1334 959 1851 1580 271 2054 1460 1070
cat_boundaries=0 1
cat_threshold=1488
is_linear=0
shrinkage=0.03


Tree=38
num_leaves=15
num_cat=1
split_feature=6 73 17 48 33 45 16 82 28 1 77 27 72 2
split_gain=268.327 156.09 118.393 97.9044 89.0865 93.9638 85.9201 71.9675 66.9303 56.8646 82.3523 90.8317 90.6417 56.7742
threshold=0 0.0711879253419581 0.00030977067951925592 0.00085369252260383084 0.096477983410403631 0.042397852574121729 0.00096065228760920033 0.0034081959250651648 0.0068469710181617025 9.5000000000000018 0.0214076933939767 0.001318841163090835 0.001238934521427965 689.50000000000011
decision_type=9 2 2 2 2 2 2 2 2 2 2 2 2 2
left_child=2 3 6 4 5 9 7 -1 -7 -2 12 -12 -11 -5
right_child=1 -3 -4 13 -6 8 -8 -9 -10 10 11 -13 -14 -15
leaf_value=0.028466918906648903 0.016012726798939021 -0.032945065841754703 0.041279104071146148 -0.033928817429576423 0.064071525495172713 0.063945729298691453 -0.035960117101014717 -0.037374171727704866 -0.029844053423421436 -0.024528753695646551 -0.034767019562347484 0.047830133544453694 0.022161679716790419 0.029049977633617368
leaf_weight=580.39863759279251 161.46037979796529 55.35506484657526 1101.4696473479271 12.416152561083434 24.136469066143036 36.580784007906914 19.466507740318775 14.50958241149783 7.748100144788622 174.80674711428583 15.739751268178223 42.323183067142963 46.69780308008194 509.8376077786088
leaf_count=1352 1772 1038 421 148 20 82 143 91 153 2508 200 46 172 1224
internal_value=0.0277683 0.0155877 0.0351763 0.0183719 0.00898919 0.00612388 0.0247573 0.0268011 0.0472558 0.00189205 -0.00629116 0.0252301 -0.0146301 0.0274907
internal_weight=2802.95 1087.1 1715.84 1031.75 509.493 485.357 614.375 594.908 44.3289 441.028 279.567 58.0629 221.505 522.254
internal_count=9370 7363 2007 6325 4953 4933 1586 1443 235 4698 2926 246 2680 1372
cat_boundaries=0 1
cat_threshold=392
is_linear=0
shrinkage=0.03


Tree=39
num_leaves=15
num_cat=1
split_feature=6 49 17 82 63 33 45 40 28 70 76 86 57 27
split_gain=332.762 215.507 119.146 111.824 85.3777 75.9362 106.092 67.7979 66.1248 63.673 81.4113 61.2563 63.5629 110.749
threshold=0 0.0016945493828262707 0.00019184691995980879 0.0013439054133326401 0.84873562535286606 0.00084395031654219783 0.20333982749852644 0.0069189663932270737 0.0065227521374447922 0.030858725976887394 0.0081210878480466233 0.0049663716691666403 0.00077085193300659323 0.0011822739831374481
decision_type=9 2 2 2 2 2 2 2 2 2 2 2 2 2
left_child=2 4 3 -1 5 6 9 -7 -8 -2 -11 12 -3 -14
right_child=1 11 -4 -5 -6 7 8 -9 -10 10 -12 -13 13 -15
leaf_value=0.026779197492650314 -0.019971185996993733 0.032616649927183758 0.040976781820807426 -0.038709685732431075 0.12874038335344282 -0.017675102969427436 0.048658128954857438 0.035118107527424204 -0.030106996829550151 0.033207886572402256 -0.038726026209453972 -0.033294273483676785 -0.039368599582474975 0.025458406091511891
leaf_weight=562.44568399339914 287.21387766487896 442.86249052174389 1074.3089425638318 23.632806789129972 3.5361918583512297 29.702592816203833 41.616384018212557 77.128226585686207 11.637017307803033 47.66506171412766 19.02912800386548 14.551510721445082 31.745091799646616 85.214451760053635
leaf_count=1106 4750 1184 352 150 9 225 165 168 263 363 133 194 220 129
internal_value=0.0263778 0.0130818 0.0348201 0.024077 -0.000843448 -0.00198322 -0.00789488 0.020412 0.0312086 -0.0138502 0.0124149 0.0258359 0.0274295 0.00767851
internal_weight=2752.29 1091.9 1660.39 586.078 517.528 513.992 407.161 106.831 53.2534 353.908 66.6942 574.374 559.822 116.96
internal_count=9411 7803 1608 1256 6076 6067 5674 393 428 5246 496 1727 1533 349
cat_boundaries=0 1
cat_threshold=264
is_linear=0
shrinkage=0.03


Tree=40
num_leaves=15
num_cat=0
split_feature=72 77 76 52 36 17 8 45 28 48 1 73 82 5
split_gain=325.998 137.557 154.044 129.281 127.363 100.467 148.221 92.2111 97.6713 104.884 74.5669 73.5313 75.6446 69.797
threshold=0.00019122414460882113 0.017770988213158225 0.0038670620422451446 0.3177641826691549 0.33499542914436536 0.001639075605418272 1.5000000000000002 0.042397852574121729 0.035231523294497052 0.0013629077346290943 66.500000000000014 0.11226355459370242 0.0011958417872009193 146180.35925136859
decision_type=2 2 2 2 2 2 2 2 2 2 2 2 2 2
left_child=1 2 3 7 10 6 -2 8 -1 -10 -3 12 -8 -4
right_child=5 4 13 -5 -6 -7 11 -9 9 -11 -12 -13 -14 -15
leaf_value=-0.024114286793144916 0.038731899199038779 0.032705293617045987 0.027912259529553597 0.054126499690300256 -0.045469016378899087 0.0398293416294042 0.018372272116994503 0.027019824738328053 -0.0095892674342724447 0.052936803782474451 -0.042728029054741885 -0.038971962932261038 -0.03893848759747004 -0.043784178521060958
leaf_weight=269.32602228410542 286.88225632160902 392.17040596343577 236.44658038951457 30.208642166107893 20.032395340502262 1034.4279773216695 213.94211745634675 54.766347235068679 81.05383893661201 33.253010809421539 11.332001300528644 26.486102543771267 22.00138571485877 12.010485105216501
leaf_count=3992 207 1141 650 192 94 477 555 482 996 30 64 279 145 65
internal_value=0.0255051 0.0132597 0.00523869 -0.00488982 0.0267952 0.0343102 0.0238635 -0.00907037 -0.0142794 0.00890154 0.0304864 0.0075244 0.0128863 0.0242848
internal_weight=2724.34 1140.6 717.065 468.608 423.535 1583.74 549.312 438.399 383.633 114.307 403.502 262.43 235.944 248.457
internal_count=9369 7706 6407 5692 1299 1663 1186 5500 5018 1026 1205 979 700 715
is_linear=0
shrinkage=0.03


Tree=41
num_leaves=15
num_cat=1
split_feature=72 1 14 28 73 51 75 65 44 4 14 6 5 41
split_gain=307.288 90.5166 104.423 89.657 89.516 87.2608 78.8258 74.7752 69.0706 67.3162 60.7519 69.8282 137.63 63.5023
threshold=0.00019122414460882113 59.500000000000007 0.97411293082816297 0.0037797442592759751 0.062541619751413632 0.34357390497699519 0.13517474374332314 0.00013410822801893958 0.21271998709578832 0.0002671764703322252 0.91343742258877703 0 5434.470665737269 0.092710082613301853
decision_type=2 2 2 2 2 2 2 2 2 2 2 9 2 2
left_child=1 4 -3 7 5 6 8 -2 9 10 11 12 -1 -13
right_child=3 2 -4 -5 -6 -7 -8 -9 -10 -11 -12 13 -14 -15
leaf_value=-0.032935907357972839 -0.019378436976375882 -0.040808664085497548 0.0992106400566415 0.035700770610797128 -0.032099637898755487 -0.033121918161180229 -0.032739544397112554 0.034199978501736623 -0.034687674767106401 -0.041424088915291563 -0.03229907267653323 0.018948083684919965 0.045728801476390878 -0.038170270757932633
leaf_weight=21.298555791378021 50.176111632958055 43.812954967841506 4.4110304191708556 1549.6765040289611 33.668083596974611 29.503090588375926 25.484039044007659 42.292998921126127 19.6182129252702 14.430238487198947 17.380723398178816 672.42955345101655 220.3449011258781 17.084306882694364
leaf_count=328 294 411 3 1359 784 594 482 34 217 136 181 3565 805 174
internal_value=0.025728 0.01359 -0.0262458 0.0339892 0.0154061 0.016977 0.0184746 0.00523068 0.0198348 0.0209804 0.0219724 0.023019 0.0371568 0.0172301
internal_weight=2761.61 1119.47 48.224 1642.15 1071.24 1037.57 1008.07 92.4691 982.586 962.968 948.538 931.157 241.643 689.514
internal_count=9367 7680 414 1687 7266 6482 5888 328 5406 5189 5053 4872 1133 3739
cat_boundaries=0 1
cat_threshold=464
is_linear=0
shrinkage=0.03


Tree=42
num_leaves=15
num_cat=0
split_feature=72 33 39 2 4 75 73 63 79 41 49 1 1 49
split_gain=250.33 89.3754 122.425 92.9482 98.0274 89.0698 83.3612 78.1418 74.6268 86.2597 96.8896 76.1086 95.7301 76.6532
threshold=0.00079782223489515975 0.00021800001776683522 0.006054949771224478 765.50000000000011 0.0001966348826673565 0.1129589035934485 0.0711879253419581 0.00080224745134383705 0.03669614486185372 0.017312227093040283 0.0078342707096899829 77.500000000000014 75.500000000000014 0.020706271198019214
decision_type=2 2 2 2 2 2 2 2 2 2 2 2 2 2
left_child=5 2 3 -2 7 6 8 -5 9 11 -11 12 13 -1
right_child=1 -3 -4 4 -6 -7 -8 -9 -10 10 -12 -13 -14 -15
leaf_value=0.0090431050733546115 -0.040415181133480381 0.040439848594719205 -0.043505396051001295 0.035141834936698674 -0.02861590237140188 -0.034078104815724916 -0.031697205278519811 -0.00067222460085923912 -0.015365040258148834 0.059384407090307123 -0.00090230174559206779 -0.039324287948077005 0.11195306616536764 0.026420601297119713
leaf_weight=514.8171855006367 16.631475519388914 797.30296866595745 21.403999257832766 597.93138303607702 24.29431950673461 31.321828905493021 30.581612115725875 60.314517358317971 57.245327955111861 88.941250247880816 32.680791594088078 20.569573476910591 8.6477908715605718 412.08862445876002
leaf_count=4088 134 259 141 672 126 531 750 237 614 141 76 201 7 1250
internal_value=0.025408 0.0334974 0.0257703 0.0279502 0.0296727 0.0151297 0.0164801 0.0318642 0.017805 0.0195795 0.0433096 0.0165188 0.0177873 0.016789
internal_weight=2714.77 1517.88 720.576 699.172 682.54 1196.89 1165.57 658.246 1134.99 1077.75 121.622 956.123 935.554 926.906
internal_count=9227 1569 1310 1169 1035 7658 7127 909 6377 5763 217 5546 5345 5338
is_linear=0
shrinkage=0.03


Tree=43
num_leaves=15
num_cat=2
split_feature=72 73 17 76 0 75 76 6 9 70 65 1 4 76
split_gain=273.474 161.893 89.3044 97.2102 91.3838 81.4646 87.0329 114.533 101.472 81.2951 77.895 97.7305 111.917 71.0597
threshold=0.0032693115423765473 0.021872519030781933 0.00030977067951925592 0.00023684087878049132 18.500000000000004 0.13517474374332314 0.0038670620422451446 0 1 0.034362867744666147 0.050845170454545459 34.500000000000007 2.2179731450359234e-05 0.076037589960149907
decision_type=2 2 2 2 2 2 2 9 9 2 2 2 2 2
left_child=1 5 3 4 -2 6 7 -1 10 -10 11 12 -9 -8
right_child=2 -3 -4 -5 -6 -7 13 8 9 -11 -12 -13 -14 -15
leaf_value=-0.027667735629968031 -0.04180878701987676 -0.034696724756109125 0.038603168353396937 0.037182317517472634 0.01576324253953305 -0.03391305978058743 0.038364849088925207 0.060462990597777343 0.025200787253287803 -0.037624884892373117 0.067969395160495924 0.023548904029163507 -0.027184134264006208 0.010512104719112628
leaf_weight=50.865395735949278 27.291266825050116 56.232678717002273 1008.3887964133173 205.62560642510653 202.39740914106369 26.827344996854663 268.31774247065187 13.528196776285766 518.01194046810269 18.366979552432895 12.758935794234274 69.974655644968152 138.59923214279115 120.19008772075176
leaf_count=962 193 1091 464 137 617 472 317 76 2389 179 55 330 1828 299
internal_value=0.0247146 0.0146802 0.0336898 0.0222459 0.00877104 0.0169502 0.0181044 0.0125491 0.0153929 0.0225636 -0.00126049 -0.00558081 -0.019046 0.0297973
internal_weight=2737.38 1293.67 1443.7 435.314 229.689 1237.44 1210.61 822.105 771.24 536.379 234.861 222.102 152.127 388.508
internal_count=9409 7998 1411 947 810 6907 6435 5819 4857 2568 2289 2234 1904 616
cat_boundaries=0 1 2
cat_threshold=3616 14
is_linear=0
shrinkage=0.03


Tree=44
num_leaves=15
num_cat=1
split_feature=33 44 6 39 73 36 77 17 28 50 79 0 52 85
split_gain=219.868 148.441 135.856 105.124 105.6 97.2466 110.619 92.1847 116.188 123.951 82.4049 76.4275 102.636 71.5438
threshold=0.00021800001776683522 0.0048150229023679828 0 0.045380562752405006 0.3715930159202418 0.044297407663663836 0.041344187730887862 0.0033063739987857564 0.034253123843184567 0.0440859137286716 0.0022046701075466618 17.500000000000004 0.3177641826691549 0.00894019529634907
decision_type=2 2 9 2 2 2 2 2 2 2 2 2 2 2
left_child=1 2 5 4 7 -1 10 8 9 11 -7 -4 -13 -3
right_child=-2 13 3 -5 -6 6 -8 -9 -10 -11 -12 12 -14 -15
leaf_value=-0.010165560235444307 0.036644612795199726 -0.040191113145897586 -0.022875161970981397 -0.038557809736722154 -0.023424286493407446 0.035733124635757701 -0.04501884440615448 0.039632180747621426 0.035287063754516637 0.052405282400379727 -0.022277125462391602 0.0078362665949511714 0.069484090233333615 0.016687926142965652
leaf_weight=197.69815140031278 924.14931503869593 54.607131708413363 64.696086496114731 21.961143122985959 36.442576786503196 150.06501464173198 20.407291747629642 407.03386180475354 352.9450586233288 60.817981533706188 25.106374345719814 338.88622606918216 25.223490439355373 30.292448569089174
leaf_count=2712 716 520 690 270 649 220 100 401 902 69 108 1852 80 88
internal_value=0.0247638 0.0185997 0.0205334 0.0251105 0.0264219 0.00453363 0.0195989 0.0278932 0.022182 0.0126825 0.0273396 0.00693975 0.0122855 -0.0199385
internal_weight=2710.33 1786.18 1701.28 1308.01 1286.05 393.277 195.579 1249.6 842.569 489.624 175.171 428.806 364.11 84.8996
internal_count=9377 8661 8053 4913 4643 3140 428 3994 3593 2691 328 2622 1932 608
cat_boundaries=0 1
cat_threshold=2594
is_linear=0
shrinkage=0.03


Tree=45
num_leaves=15
num_cat=1
split_feature=17 8 52 0 27 44 72 2 2 36 6 76 71 71
split_gain=189.611 91.0601 100.863 86.9701 108.404 89.3371 87.7132 87.7446 77.4122 76.4026 71.0856 97.2892 80.5989 103.327
threshold=0.0040765548472272888 2.5000000000000004 0.99799105881973205 21.500000000000004 0.00068516623320532936 0.035892538840632517 0.00079782223489515975 2270.5000000000005 2167.5000000000005 0.11919947528188339 0 0.011369175997872781 0.0031046562748837047 0.020490684317590904
decision_type=2 2 2 2 2 2 2 2 2 2 9 2 2 2
left_child=1 3 -3 4 6 -5 7 8 9 -1 -2 12 -12 -14
right_child=10 2 -4 5 -6 -7 -8 -9 -10 -11 11 -13 13 -15
leaf_value=-0.025402396474014901 0.0372436613120549 -0.014628481030681805 0.076015742691511082 0.028250152791023261 0.030635558552913084 -0.022356959378579996 0.017608715626092244 -0.027671937046137553 0.053742522690449171 0.025741609335841721 -0.035882489261987408 0.040840787426087218 0.046037218313911464 -0.034746736627500954
leaf_weight=59.996898805722594 911.54786654002964 119.241036105901 11.172040440142153 789.30821099504828 188.43934819847345 31.984647400677204 215.04334502667189 114.33670884184539 25.746334725990891 45.212219377979636 42.284002436324954 71.186946526169777 39.189861219376326 21.189700035378337
leaf_count=886 678 1625 8 2547 229 232 432 1393 58 221 577 77 85 320
internal_value=0.0242223 0.0176393 -0.00634394 0.0197698 0.0115329 0.0262545 0.00366367 -0.00858357 0.00816582 -0.00338851 0.033904 0.0133851 -0.00457179 0.0175826
internal_weight=2685.88 1600.48 130.413 1470.07 648.775 821.293 460.336 245.292 130.955 105.209 1085.4 173.851 102.664 60.3796
internal_count=9368 7631 1633 5998 3219 2779 2990 2558 1165 1107 1737 1059 982 405
cat_boundaries=0 1
cat_threshold=28
is_linear=0
shrinkage=0.03


Tree=46
num_leaves=15
num_cat=2
split_feature=6 73 16 64 75 44 17 6 76 49 71 71 77 3
split_gain=238.234 91.482 86.0087 74.5699 76.1521 64.4175 77.3301 62.8405 117.119 67.1491 113.375 74.7468 74.6169 57.5123
threshold=0 0.11226355459370242 0.00042232733467119122 0.020929185593770282 0.13517474374332314 0.11314205888673975 0.0017852021033621928 1 0.0038670620422451446 0.13054110179884967 0.0055534305122991465 0.0071760558266047844 0.0039842602538527313 6789.0000000000009
decision_type=9 2 2 2 2 2 2 9 2 2 2 2 2 2
left_child=2 3 5 4 7 -1 -7 8 9 10 -2 -12 -11 -4
right_child=1 -3 13 -5 -6 6 -8 -9 -10 12 11 -13 -14 -15
leaf_value=0.033743639223598486 -0.0310426025710582 -0.024812483042244978 -0.039654001938614528 -0.036027506464140185 -0.033431442037779417 -0.037134214226965966 0.031698742293593617 0.025060902869693751 0.02605309374561892 -0.032909434547697423 0.097618255469035312 0.0016518151620203583 0.022216455944837614 0.038256493535318292
leaf_weight=1524.1446211319417 115.09324697591364 53.937237545847893 24.432456197217107 24.322904042899609 26.248381279408932 25.255780236795545 32.346178740262985 496.19268087856472 220.32572349533439 26.343240436166525 9.5277566835284215 23.974597293883562 115.46873673424125 11.897895999252794
leaf_count=1607 1882 984 171 254 495 192 21 2374 344 446 8 183 405 10
internal_value=0.0239787 0.0128678 0.031325 0.0149329 0.0161663 0.0325674 0.00140002 0.0174911 0.00942821 -0.0029073 -0.0169449 0.0309821 0.0118174 -0.0137976
internal_weight=2729.51 1111.43 1618.08 1057.5 1033.17 1581.75 57.602 1006.93 510.733 290.408 148.596 33.5024 141.812 36.3304
internal_count=9376 7375 2001 6391 6137 1820 213 5642 3268 2924 2073 191 851 181
cat_boundaries=0 1 2
cat_threshold=392 2594
is_linear=0
shrinkage=0.03


Tree=47
num_leaves=15
num_cat=1
split_feature=6 73 17 16 83 63 33 51 44 0 75 35 2 26
split_gain=235.142 109.706 97.6131 89.8237 87.5677 78.2797 72.2434 70.7266 58.113 53.8202 54.0803 51.8863 55.8877 51.2494
threshold=0 0.11226355459370242 0.00019184691995980879 0.00042232733467119122 0.0013513117273298463 0.024962589267436382 0.1267239866643271 0.36545518207282918 0.37855488693121425 29.500000000000004 0.089188317504242234 0.086258480937358759 470.00000000000006 0.0020439880431399504
decision_type=9 2 2 2 2 2 2 2 2 2 2 2 2 2
left_child=2 5 3 4 8 7 -7 9 -1 10 11 12 -2 -14
right_child=1 -3 -4 -5 -6 6 -8 -9 -10 -11 -12 -13 13 -15
leaf_value=0.026590127593643358 -0.034148226672490345 -0.032682748866874778 0.036325909166135165 -0.037699862823170491 -0.040945778390016452 -0.034310112411305223 0.073494839929353878 -0.032670762987107173 -0.034291388301150215 -0.037658343239433796 -0.034220819919800895 -0.02051629026371422 0.022007633941508922 -0.037551988352606321
leaf_weight=600.7097591906786 15.916808523237703 47.198027802631259 950.92856367491186 21.648266678676009 17.695375978946686 46.534170504659414 5.3930564224719992 25.720752622932196 13.628637205809353 15.095501108095048 16.750827526673675 28.466881271451712 861.34393888525665 12.331123322248457
leaf_count=1258 261 976 430 159 103 820 3 574 113 169 279 159 4007 160
internal_value=0.0227323 0.0114874 0.0299938 0.0211989 0.0232727 0.0136577 -0.0219367 0.0155727 0.025186 0.016912 0.0178325 0.0188185 0.0200988 0.021125
internal_weight=2679.36 1074.75 1604.61 653.682 632.034 1027.55 51.9272 975.626 614.338 949.905 934.81 918.059 889.592 873.675
internal_count=9471 7408 2063 1633 1474 6432 823 5609 1371 5035 4866 4587 4428 4167
cat_boundaries=0 1
cat_threshold=392
is_linear=0
shrinkage=0.03


Tree=48
num_leaves=15
num_cat=0
split_feature=33 44 28 17 7 63 63 77 77 52 1 28 26 4
split_gain=232.606 176.016 131.618 120.021 112.017 94.03 88.1158 67.7886 79.8795 77.6593 95.4124 83.6809 65.0246 61.3523
threshold=0.00029501252080187232 0.007005796538692737 0.03372173291339748 0.0067206481057565381 2.5000000000000004 0.00086248790921311463 0.014736395639818468 0.078028058905806288 0.018064272391107885 0.3177641826691549 31.500000000000004 0.0019006942569138941 0.74066356603426053 5.6692801707137226e-05
decision_type=2 2 2 2 2 2 2 2 2 2 2 2 2 2
left_child=1 2 3 4 7 -4 -5 8 9 10 11 -1 -3 -10
right_child=-2 12 5 6 -6 -7 -8 -9 13 -11 -12 -13 -14 -15
leaf_value=-0.015238134744186548 0.034159158422533975 -0.04223814149850403 0.031585922271727157 0.031369423056079371 -0.027239948855817226 -0.011888455103858137 -0.03621414685691475 -0.036417841605772681 -0.004974555755231729 0.045802680229834844 -0.038873935542863093 0.016807897238679058 0.050842010171449063 0.031375511867756084
leaf_weight=119.00803405791521 846.11142116226256 60.575443236157298 550.40884090214968 265.72442504763603 89.143159031867981 48.226307030767202 17.753896899521351 28.123377304524183 52.736678851768374 32.276069972664118 52.994579844176769 187.69485890306532 6.7371555641293517 195.81375166401267
leaf_count=1647 732 547 1144 730 831 468 300 304 369 163 623 1108 10 409
internal_value=0.0213004 0.0149112 0.0168682 0.0104076 0.00416416 0.0280696 0.0270243 0.00838534 0.0104062 0.00195437 -0.00209626 0.00436416 -0.0323141 0.0236738
internal_weight=2553.33 1707.22 1639.9 1041.27 757.791 598.635 283.478 668.647 640.524 391.974 359.697 306.703 67.3126 248.55
internal_count=9385 8653 8096 6484 5454 1612 1030 4623 4319 3541 3378 2755 557 778
is_linear=0
shrinkage=0.03


Tree=49
num_leaves=15
num_cat=1
split_feature=33 6 39 2 4 17 49 57 0 44 4 28 42 70
split_gain=245.267 129.429 114.571 106.438 116.396 92.5115 82.4696 82.9715 79.6896 77.9464 73.9451 73.5707 64.649 61.9957
threshold=0.00029501252080187232 0 0.0044955227416366454 4510.5000000000009 2.2179731450359234e-05 0.00035452613656169145 0.017542562511952197 0.0015922153992215908 21.500000000000004 0.00063391499471168223 0.00014256950016160327 0.072602504836360229 0.22339738973398779 0.42404275885388343
decision_type=2 9 2 2 2 2 2 2 2 2 2 2 2 2
left_child=1 3 5 4 -1 6 8 -8 11 -10 -5 -3 -9 -6
right_child=-2 2 -4 10 13 -7 7 12 9 -11 -12 -13 -14 -15
leaf_value=0.046104066141199836 0.034269044390826592 -0.011667180943073103 -0.020570074923041869 0.027390955596167634 -0.01934265849420275 0.03450426056743771 0.044011581890604792 -0.043803969300704959 0.024363562374717838 -0.038907713562953264 -0.021658542941468309 0.024040521327141403 0.02910089818674268 0.046222429254465833
leaf_weight=29.341456474736333 949.59149350225925 184.54432074539363 57.368158409371972 160.87955181859434 248.91731899883598 389.39852035604417 148.95761810988188 18.755778282880783 302.78418030962348 17.717274006456137 32.581836530938745 71.118427174165845 23.561936821788549 12.756420083343981
leaf_count=135 758 1447 509 752 3227 391 100 102 1199 161 316 261 44 9
internal_value=0.0220605 0.0152195 0.0203729 0.00183128 -0.0095863 0.0225953 0.0165156 0.0335418 0.010815 0.0207558 0.0190614 -0.0016793 -0.0034768 -0.0159826
internal_weight=2648.27 1698.68 1214.21 484.477 291.015 1156.84 767.44 191.275 576.164 320.501 193.461 255.663 42.3177 261.674
internal_count=9411 8653 4214 4439 3371 3705 3314 246 3068 1360 1068 1708 146 3236
cat_boundaries=0 1
cat_threshold=6706
is_linear=0
shrinkage=0.03


Tree=50
num_leaves=15
num_cat=1
split_feature=6 17 48 36 28 51 64 2 28 71 72 82 48 80
split_gain=260.482 118.568 102.334 95.0833 91.9427 110.645 82.0604 78.4724 74.9469 66.8781 66.694 58.7534 55.1341 66.9006
threshold=0 0.00019184691995980879 0.087251845775225614 0.0015255752035263947 0.035709102218536189 0.015473306668168931 0.0014318179550818881 3158.5000000000005 0.0030441408140360997 0.018087946550732332 0.28522539064227342 0.00017876572524813734 0.16024017458896619 0.0070320334739263531
decision_type=9 2 2 2 2 2 2 2 2 2 2 2 2 2
left_child=1 4 3 7 5 8 -5 10 -1 11 -2 -10 -4 -14
right_child=2 -3 12 6 -6 -7 -8 -9 9 -11 -12 -13 13 -15
leaf_value=-0.038369165272626821 -0.024739015478930374 0.035897024027904782 0.038984966156339729 0.017322699543543811 0.029923185455419457 0.039964671320672447 -0.026881243179225588 0.0065160625696445845 0.018624306578649382 -0.046906650361529467 0.0427915211552213 -0.040116477527227593 -0.022820330596854597 0.028928860184560833
leaf_weight=45.625427834689617 174.53896856773645 904.26225774735212 142.98120728693902 474.15423792600632 296.05528493225574 64.065163969993591 40.178401611745358 222.85267366748303 128.43341396003962 18.900826066732407 13.328586064279078 16.433957293629646 35.427123392000794 57.954627007246017
leaf_count=349 3321 353 160 1612 363 105 341 2085 249 98 44 98 185 97
internal_value=0.0206034 0.0289432 0.00967273 0.00524068 0.0183657 0.00578982 0.0138241 -0.00551559 -0.00480643 0.00472019 -0.0197467 0.0117313 0.0273308 0.0092625
internal_weight=2635.19 1473.78 1161.42 925.053 569.514 273.459 514.333 410.72 209.394 163.768 187.868 144.867 236.363 93.3818
internal_count=9460 1615 7845 7403 1262 899 1953 5450 794 445 3365 347 442 282
cat_boundaries=0 1
cat_threshold=264
is_linear=0
shrinkage=0.03


Tree=51
num_leaves=15
num_cat=0
split_feature=71 63 26 79 63 37 48 5 35 3 35 77 42 17
split_gain=221.101 118.544 110.56 99.5343 92.1101 82.2444 79.7367 158.62 75.4138 73.8855 70.0191 64.0513 59.7858 58.5148
threshold=0.0024435964516997103 0.033129191224084385 0.0032596255718574788 0.083235892202222703 0.84873562535286606 0.00019883090039740092 0.0095551634758811732 7891.5842439437429 0.040368394613723615 1709.5000000000002 0.004370106308485582 0.035742717636890235 0.057767904610009878 0.0006887104608099085
decision_type=2 2 2 2 2 2 2 2 2 2 2 2 2 2
left_child=2 13 3 5 -3 6 7 -1 9 10 -9 -11 -8 -2
right_child=1 4 -4 -5 -6 -7 12 8 -10 11 -12 -13 -14 -15
leaf_value=-0.027937402837527141 0.0199061285947442 -0.025835399468749787 -0.019402976724838192 -0.035415470386904346 0.10772433609372363 0.032075073509547594 0.02957328400434452 -0.030851125640278126 0.035592647270931775 0.01671697886382803 0.029500389054687489 -0.038929495574084705 0.00084216010913884456 0.035829721928964338
leaf_weight=102.11299640033394 274.06381252221763 48.611901998519897 88.725333323702216 33.35116115026176 4.1398849263787261 243.06643173657358 303.5912818107754 70.95143324136734 103.31804666295648 325.77867592964321 21.906481869518757 18.807761915028095 83.006373921409249 919.48690573498607
leaf_count=1768 625 720 546 476 5 387 610 955 176 1950 38 171 299 670
internal_value=0.0210671 0.0302478 0.0128469 0.0150512 -0.0135447 0.0164006 0.0126722 0.0061811 0.0126634 0.00717905 -0.0164507 0.0135759 0.0234225 0.0321931
internal_weight=2640.92 1246.3 1394.62 1305.89 52.7518 1272.54 1029.47 642.875 540.762 437.444 92.8579 344.586 386.598 1193.55
internal_count=9396 2020 7376 6830 725 6354 5967 5058 3290 3114 993 2121 909 1295
is_linear=0
shrinkage=0.03


Tree=52
num_leaves=15
num_cat=1
split_feature=6 63 16 74 65 44 83 63 87 0 73 45 2 35
split_gain=190.501 113.47 97.6307 77.8533 68.1099 93.891 77.2328 68.1663 66.7846 93.3722 62.2827 53.3576 62.7361 68.6321
threshold=0 0.017365115981032939 0.00019835998287082382 0.061370389197548551 0.00042835821278935053 0.11314205888673975 0.0013513117273298463 0.0025268487657868197 1.0000000180025095e-35 17.500000000000004 0.24603057387279337 0.042397852574121729 793.50000000000011 0.093469804293713835
decision_type=9 2 2 2 2 2 2 2 2 2 2 2 2 2
left_child=2 3 4 8 5 6 7 -1 10 -10 11 12 -2 -14
right_child=1 -3 -4 -5 -6 -7 -8 -9 9 -11 -12 -13 13 -15
leaf_value=0.029096763975202226 -0.014895028439951977 -0.026906446630077546 -0.02413567493690618 -0.034768787211649582 0.03596780861801048 -0.036664925632443633 -0.026915644476900577 -0.010807808812817184 0.026929103608806734 -0.039518802660845676 -0.031352454131433824 0.047723475120875505 0.020264854775884539 -0.042324526078677545
leaf_weight=664.55961820855737 51.442503165453672 63.590326295234263 30.37579358741641 27.63775778375566 754.31502854265273 22.082972720265388 24.175250571221113 40.40215827897191 32.1164984498173 43.915412122383714 21.922238795086741 53.513126159086823 797.40817318856716 15.181614227592943
leaf_count=963 696 1116 178 323 377 180 109 234 101 460 521 195 3869 97
internal_value=0.0214794 0.0116126 0.0283171 0.0140955 0.0295786 0.0231238 0.0249824 0.0267977 0.0154582 -0.0114655 0.0176471 0.0188506 0.0170093 0.0190449
internal_weight=2642.64 1106.73 1535.91 1043.14 1505.54 751.22 729.137 704.962 1015.5 76.0319 939.468 917.545 864.032 812.59
internal_count=9419 7378 2041 6262 1863 1486 1306 1197 5939 561 5378 4857 4662 3966
cat_boundaries=0 1
cat_threshold=392
is_linear=0
shrinkage=0.03


Tree=53
num_leaves=15
num_cat=1
split_feature=33 6 39 49 83 14 63 65 38 76 30 82 36 39
split_gain=214.777 139.081 90.7727 85.7826 79.7086 66.6616 66.5794 109.262 51.2715 50.4202 45.8916 45.4576 47.1736 45.4206
threshold=0.00029501252080187232 0 0.045380562752405006 0.071072542755121232 0.0013513117273298463 0.86765721025929732 0.0018861254274520967 0.0099124533690550676 0.23803058956430886 0.26570143256464018 0.0016929071574979711 0.00059707286365324303 0.87047880677998546 0.044769438394420026
decision_type=2 9 2 2 2 2 2 2 2 2 2 2 2 2
left_child=1 3 4 10 5 6 8 13 9 11 -1 12 -3 -8
right_child=-2 2 -4 -5 -6 -7 7 -9 -10 -11 -12 -13 -14 -15
leaf_value=-0.021832375862820004 0.032262912639837986 0.027285779681047135 -0.03769862537447858 0.010209669365859408 -0.031601376349245577 -0.033046663538325458 -0.026544022223993855 0.03499475467038686 -0.034368526361441054 -0.045360396874199231 0.056448474693538857 -0.0056794993637101976 -0.030696175737094846 0.054350571008267248
leaf_weight=157.5847547845915 879.18862321600318 1032.715679439716 24.355431471019983 213.12571818009019 25.806182734668255 19.500357821583748 75.191512851975858 52.563112258911133 12.508009454235433 8.2685233168303949 6.1004145070910445 40.487111803144217 12.000206183642147 5.8770446777343741
leaf_count=2263 760 3022 314 1042 134 187 976 158 171 47 5 160 163 1
internal_value=0.0202449 0.0139628 0.018505 -0.00225708 0.0197428 0.0208193 0.0216927 0.00167695 0.0241074 0.0248071 -0.0185899 0.025383 0.026591 -0.0200888
internal_weight=2565.27 1686.08 1309.27 376.811 1284.92 1259.11 1239.61 133.632 1105.98 1093.47 163.685 1085.2 1044.72 81.0686
internal_count=9403 8643 5333 3310 5019 4885 4698 1135 3563 3392 2268 3345 3185 977
cat_boundaries=0 1
cat_threshold=6690
is_linear=0
shrinkage=0.03


Tree=54
num_leaves=15
num_cat=1
split_feature=71 63 65 77 73 9 77 77 75 1 5 70 52 12
split_gain=222.781 110.234 85.9267 71.0556 69.2442 67.7881 82.9696 81.9021 78.3019 67.2083 67.2367 64.9039 79.7756 61.8935
threshold=0.001775804904541453 0.02930220228496342 0.050845170454545459 0.097547904739497579 0.045524267399267404 0 0.028990894887128929 0.0039842602538527313 0.089188317504242234 11.500000000000002 54379.651386426798 0.070469563476171421 0.99799105881973205 0.0058539315575455763
decision_type=2 2 2 2 2 9 2 2 2 2 2 2 2 2
left_child=3 -2 -3 4 5 8 7 9 -1 11 -11 12 13 -7
right_child=1 2 -4 -5 -6 6 -8 -9 -10 10 -12 -13 -14 -15
leaf_value=0.020107432018842158 0.031603428192023907 -0.03618627087502381 0.036100618378361544 -0.037725760514673239 -0.034387419636718146 -0.021519700434186564 -0.041234088087288685 0.026800842244732219 -0.036048790107501311 -0.037094588863052273 0.0046517083677982607 0.047875997418858222 0.06929248213715164 0.075267778636055188
leaf_weight=852.77610747329891 1162.8316791001707 38.889441453851759 22.572338642552495 24.610965933650732 26.509000805206597 64.287671335972846 33.251050079241395 129.62170944362879 22.06384683214128 69.522739537060261 68.009621441364288 34.93100449629128 11.518764659762381 5.5632534045726052
leaf_count=3174 1302 684 89 260 491 946 264 441 317 959 345 76 5 24
internal_value=0.0202816 0.0295346 -0.00948539 0.0118287 0.0127819 0.0137759 0.00343736 0.00749761 0.0184411 -0.00242622 -0.0165665 0.0142942 -0.000528269 -0.0128576
internal_weight=2566.96 1224.29 61.4618 1342.67 1318.05 1291.55 416.706 383.455 874.84 253.833 137.532 116.301 81.3697 69.8509
internal_count=9377 2075 773 7302 7042 6551 3060 2796 3491 2355 1304 1051 975 970
cat_boundaries=0 1
cat_threshold=225
is_linear=0
shrinkage=0.03


Tree=55
num_leaves=15
num_cat=1
split_feature=17 37 2 4 28 6 76 48 4 0 2 76 27 79
split_gain=258.68 109.223 99.2563 91.6121 92.4045 86.1041 78.3472 77.4394 72.2033 67.2327 69.436 68.0908 56.7225 55.3564
threshold=0.001639075605418272 0.00018609526637347517 2099.0000000000005 7.7600555269565085e-05 0.0019006942569138941 0 0.011369175997872781 0.0076830222717444658 0.0001966348826673565 17.500000000000004 3832.5000000000005 0.036935758316020285 0.0017900483857121363 0.00026147756256557456
decision_type=2 2 2 2 2 9 2 2 2 2 2 2 2 2
left_child=1 2 3 4 12 -2 -7 8 9 11 -11 -4 -1 -6
right_child=5 -3 7 -5 13 6 -8 -9 -10 10 -12 -13 -14 -15
leaf_value=-0.034165393955874639 0.033894035096217884 0.027354157401073609 -0.035829214246338982 -0.042136245456664466 0.013611959074711022 -0.0036876625728089387 0.033486710498767391 0.025085096212386741 -0.028790528983401849 -0.0011913712787351618 0.026022797316067332 0.028074930609109854 0.054078880109347575 -0.036324705851205279
leaf_weight=77.996612469665706 891.45878161117435 275.42474685609341 50.269193581305444 53.511651984415948 223.57374823931605 127.03785900305957 84.080542877316475 280.65090408176184 49.403825022280216 144.62021374702454 201.28778629750013 20.360468214377761 6.2596849203109732 20.970558516681194
leaf_count=1410 622 446 794 489 1174 1185 109 485 434 1012 904 35 4 315
internal_value=0.0189996 0.0104491 0.00630407 -0.00611631 -0.000144148 0.0298709 0.0107011 0.0126639 0.00514457 0.00922878 0.0146742 -0.0172728 -0.027052 0.00919921
internal_weight=2506.91 1404.33 1128.9 382.312 328.801 1102.58 211.118 746.592 465.941 416.538 345.908 70.6297 84.2563 244.544
internal_count=9418 7502 7056 3392 2903 1916 1294 3664 3179 2745 1916 829 1414 1489
cat_boundaries=0 1
cat_threshold=24
is_linear=0
shrinkage=0.03


Tree=56
num_leaves=15
num_cat=0
split_feature=72 17 63 26 1 73 8 72 75 76 1 59 48 4
split_gain=226.78 93.4337 118.565 84.2765 76.0138 74.6386 74.336 82.0179 67.4412 63.7792 80.3784 74.8322 102.222 59.9123
threshold=0.0026533028092260683 0.0046478204354909866 0.0018861254274520967 0.0095286894700693809 77.500000000000014 0.0711879253419581 1.5000000000000002 0.067526796760477001 0.13517474374332314 0.0037712145633829529 74.500000000000014 0.054605646079697548 0.0052146710989954756 2.2179731450359234e-05
decision_type=2 2 2 2 2 2 2 2 2 2 2 2 2 2
left_child=3 2 6 4 5 8 -2 -8 9 10 11 12 13 -1
right_child=1 -3 -4 -5 -6 -7 7 -9 -10 -11 -12 -13 -14 -15
leaf_value=0.040394367032092461 0.033754135918188988 0.034237716417076604 -0.03480159032488165 -0.040871152343940981 -0.041218265886573506 -0.032685973970895218 0.022597394674949405 -0.015119623403608081 -0.03399473016728366 0.024781808328774371 0.072407554171557739 -0.03783063681981752 0.023730047766679498 -0.0014303383338236967
leaf_weight=32.032021282240748 218.65716702118516 722.64972575381398 35.753268353641033 28.512913378886878 24.164012707769871 32.555232520215213 144.13553430698812 79.905773591250181 26.260926976799965 337.80751255527139 16.801932103931904 29.983710749074817 292.76493335608393 460.42628151644021
leaf_count=180 130 371 244 267 237 847 341 363 512 538 19 289 689 4417
internal_value=0.0180636 0.0274251 0.0170855 0.00927353 0.0104465 0.0114953 0.021345 0.00913797 0.0127241 0.013801 0.0093183 0.00793087 0.00972417 0.0013665
internal_weight=2482.41 1201.1 478.452 1281.31 1252.8 1228.63 442.698 224.041 1196.08 1169.82 832.009 815.207 785.223 492.458
internal_count=9444 1449 1078 7995 7728 7491 834 704 6644 6132 5594 5575 5286 4597
is_linear=0
shrinkage=0.03


Tree=57
num_leaves=15
num_cat=1
split_feature=72 17 8 74 41 6 76 76 49 4 5 82 50 63
split_gain=266.942 82.3773 83.7996 75.8321 79.3744 78.9018 164.026 112.254 110.693 72.4011 76.2226 62.6005 54.9249 52.3668
threshold=0.00079782223489515975 0.0017852021033621928 1.5000000000000002 0.0053300467914438512 0.092710082613301853 0 0.0038670620422451446 0.051026085240348629 0.17922854740783437 9.8358270279884556e-05 57115.194115153026 0.0011958417872009193 0.0440859137286716 0.0018861254274520967
decision_type=2 2 2 2 2 9 2 2 2 2 2 2 2 2
left_child=3 2 -2 4 5 6 8 -8 -1 10 -10 13 -7 -4
right_child=1 -3 11 -5 -6 12 7 -9 9 -11 -12 -13 -14 -15
leaf_value=-0.02852843557431041 0.030995046125295286 0.033099015440585453 0.015696905472993759 -0.028302956113897181 -0.038565132144657829 0.014789855779614223 0.035349068372247189 -0.015567455736920381 -0.0032700175017544549 -0.04009626282078791 0.04722227110035291 -0.038517006278998935 0.044153176592797903 -0.028009567610310399
leaf_weight=169.14274245221168 224.23492749407887 810.92878470383584 217.72637948766351 50.090705174021423 29.644997945055366 521.49366627261043 150.61961879022419 51.797068981453776 62.98329012375325 22.228660315275192 45.822068450972438 24.597691413015127 63.876018062233925 26.886260548606515
leaf_count=2587 188 469 601 485 380 3190 148 202 519 215 59 178 57 191
internal_value=0.0178887 0.0272117 0.0174892 0.00745998 0.00908673 0.0104194 0.00146853 0.0223074 -0.0125623 0.00810727 0.0182306 0.00616667 0.0177609 0.0107985
internal_weight=2472.07 1304.37 493.445 1167.7 1117.61 1087.96 502.593 202.417 300.177 131.034 108.805 269.21 585.37 244.613
internal_count=9469 1627 1158 7842 7357 6977 3730 350 3380 793 578 970 3247 792
cat_boundaries=0 1
cat_threshold=2658
is_linear=0
shrinkage=0.03


Tree=58
num_leaves=15
num_cat=0
split_feature=33 39 28 45 77 44 63 63 17 2 2 27 53 63
split_gain=184.865 104.701 107.72 103.69 111.688 103.251 85.5402 60.3134 55.9726 52.4823 64.3229 64.4606 53.6199 46.5386
threshold=0.00021800001776683522 0.006054949771224478 0.0035000729926262142 0.29601610399179018 0.0021278211352182539 0.0030933008079195709 0.001060262002188348 0.84873562535286606 0.00041566307442722825 7525.0000000000009 2167.5000000000005 0.0017900483857121363 0.0009598617099214568 0.020273152963574532
decision_type=2 2 2 2 2 2 2 2 2 2 2 2 2 2
left_child=1 2 3 4 -1 6 -4 8 -8 10 11 12 -6 -2
right_child=13 -3 5 -5 9 -7 7 -9 -10 -11 -12 -13 -14 -15
leaf_value=-0.023284739821351444 0.031686504076754107 -0.024420602458225499 0.024149890067739307 0.050536207428108673 -0.034773598160685266 -0.013733157569784084 -0.038703495934980715 0.09112514145138588 0.0069073073413763323 -0.036465362510812394 0.022150486851107733 0.048824168938615076 0.050461644199571734 -0.0010263415411819726
leaf_weight=150.07894303929061 748.76212580874562 65.999758266843855 956.60666102450341 34.860182439908385 52.347516218200326 81.003348449245095 35.81071203853935 4.7369303554296485 70.078379028476775 20.264395827427506 180.33230578526855 12.219926759600638 6.6928098257631055 41.230460425838828
leaf_count=2165 540 670 2552 80 785 516 544 7 450 192 668 6 16 221
internal_value=0.0180262 0.0123604 0.0138871 0.00155997 -0.00259635 0.0187855 0.0212642 -0.00368162 -0.00873563 0.00886818 0.0126495 -0.0113678 -0.0244318 0.0299801
internal_weight=2461.02 1671.03 1605.03 456.796 421.936 1148.24 1067.23 110.626 105.889 271.857 251.593 71.2603 59.0403 789.993
internal_count=9412 8651 7981 3912 3832 4069 3553 1001 994 1667 1475 807 801 761
is_linear=0
shrinkage=0.03


Tree=59
num_leaves=15
num_cat=3
split_feature=71 16 73 72 26 9 49 70 6 50 40 6 70 24
split_gain=252.432 116.059 89.5255 93.2187 86.1382 63.8361 83.1266 62.8377 61.2861 59.656 55.3177 49.7752 69.3227 48.3597
threshold=0.0018269035007793231 0.00055410230667440376 0.085339039406225212 0.050806394919294194 0.0020439880431399504 0 0.1627969163502474 0.10654928069242586 1 0.25823278954017526 0.19106378933358689 2 0.2361957994579946 0.0055609499651497743
decision_type=2 2 2 2 2 9 2 2 9 2 2 9 2 2
left_child=4 2 -2 -4 5 6 10 8 -7 -8 11 -1 -13 -6
right_child=1 -3 3 -5 13 7 9 -9 -10 -11 -12 12 -14 -15
leaf_value=0.012336428206570445 0.032014949539788007 -0.037621501025637424 -0.032037650691875967 0.023789652785215092 -0.027515722435945359 -0.012141751526551161 0.030554061961941083 -0.029958631632032353 0.019114868839461056 -0.034125835217955883 0.037330551558057673 -0.0273387819974979 0.022527314345886097 0.052336500473136621
leaf_weight=52.291556354612112 1005.6781728062779 23.115346705541015 40.590749158523977 75.349064173176885 77.992849005386233 57.293020256794989 95.281784953549504 25.794406523928046 713.89161388576031 13.96125424467027 20.578548376448452 169.25365902110934 28.648423627018929 6.5517150312662116
leaf_count=470 1069 254 652 104 554 802 265 174 2666 224 26 1932 147 8
internal_value=0.0175644 0.0277598 0.0291396 0.00413758 0.00829829 0.0104035 7.91194e-05 0.0151295 0.0168703 0.0220534 -0.00883202 -0.0127624 -0.0190837 -0.0207882
internal_weight=2406.27 1144.73 1121.62 115.94 1261.54 1176.99 380.015 796.979 771.185 109.243 270.772 250.194 197.902 84.5446
internal_count=9347 2079 1825 756 7268 6706 3064 3642 3468 489 2575 2549 2079 562
cat_boundaries=0 1 2 3
cat_threshold=12 5168 400
is_linear=0
shrinkage=0.03


Tree=60
num_leaves=15
num_cat=1
split_feature=72 17 82 6 77 70 59 76 2 65 36 45 77 3
split_gain=252.503 87.6257 82.4177 70.4212 89.1706 88.2814 82.1369 63.4498 62.6484 70.837 68.535 84.4769 61.1142 60.354
threshold=0.00019122414460882113 0.00030977067951925592 0.0013439054133326401 0 0.0041671691323663497 0.2361957994579946 0.00055714597232235088 0.00075479308564241701 14038.000000000002 0.0099124533690550676 0.0015255752035263947 0.90959267904868246 0.06904367014053632 662.00000000000011
decision_type=2 2 2 9 2 2 2 2 2 2 2 2 2 2
left_child=3 2 7 4 5 -1 8 -2 9 10 11 -5 13 -6
right_child=1 -3 -4 6 12 -7 -8 -9 -10 -11 -12 -13 -14 -15
leaf_value=-0.035175615590880067 0.007149197069146707 0.031504313015168685 -0.038280996288501963 -0.02230937097647516 -0.035911460300595908 0.028277118935396767 0.032970304831203237 0.030452097111292518 0.034252451736071117 0.025037558891111162 0.0082270239255361165 0.048548674109768153 -0.039351858721349817 0.01512986986776872
leaf_weight=110.49049961101264 227.3190173022449 808.64030624553561 23.877593100070953 165.4306848468259 22.054494991898537 23.188604421913624 132.46363830938935 196.00540815293789 66.330059828236699 109.11631740629673 250.96941725257784 15.719139987602828 23.476407658308744 221.63214054517448
leaf_count=2100 796 541 176 2310 280 40 197 158 273 326 1245 80 232 629
internal_value=0.0163327 0.0256089 0.0149022 0.00610822 -0.00403184 -0.0240406 0.0114979 0.0179851 0.0069589 0.003557 -0.00191244 -0.0159279 0.0058818 0.0103826
internal_weight=2396.71 1255.84 447.202 1140.87 400.842 133.679 740.029 423.324 607.566 541.236 432.119 181.15 267.163 243.687
internal_count=9383 1671 1130 7712 3281 2140 4431 954 4234 3961 3635 2390 1141 909
cat_boundaries=0 1
cat_threshold=2594
is_linear=0
shrinkage=0.03


Tree=61
num_leaves=15
num_cat=1
split_feature=6 40 85 44 14 73 64 3 4 75 1 45 0 5
split_gain=199.057 89.2449 113.188 68.0276 65.9929 61.3542 59.869 59.2852 75.9554 58.6244 54.7458 49.6464 70.5245 70.3049
threshold=0 0.00033692817992146446 0.00040433789618410967 0.0041092631110360668 0.91343742258877703 0.11226355459370242 0.020929185593770282 471.50000000000006 3.1124978446219624e-05 0.13517474374332314 77.500000000000014 0.20333982749852644 28.500000000000004 55273.31365640265
decision_type=9 2 2 2 2 2 2 2 2 2 2 2 2 2
left_child=1 2 3 4 7 6 9 8 -1 10 11 12 13 -2
right_child=5 -3 -4 -5 -6 -7 -8 -9 -10 -11 -12 -13 -14 -15
leaf_value=0.036154339314000944 0.0051777457357988282 0.030976141602581445 -0.027310711611045192 -0.024458193203157248 -0.032743393874364722 -0.025374846353150658 -0.036513611203067169 0.028991784407487918 -0.043433308768866273 -0.033594804925458979 -0.029607757385874508 0.041178557530108427 -0.039255853769269468 0.022501651715197295
leaf_weight=18.309889085590839 572.76394016854465 754.83628894388676 51.208108277991414 28.920760966837406 17.777026161551476 50.229047246277332 25.262961570173502 357.5704124122858 23.524528313428164 26.857241900637746 28.722252657637 48.174833001568913 24.297312377020717 333.42216005641967
leaf_count=21 4462 482 264 174 178 1036 261 362 140 526 242 185 294 850
internal_value=0.0161337 0.0242798 0.0145614 0.0194182 0.0225111 0.00665012 0.00825357 0.025046 -0.00856893 0.00938129 0.0105592 0.0117671 0.0102018 0.0115697
internal_weight=2361.88 1252.15 497.311 446.103 417.182 1109.73 1059.5 399.405 41.8344 1034.24 1007.38 978.658 930.483 906.186
internal_count=9477 1621 1139 875 701 7856 6820 523 161 6559 6033 5791 5606 5312
cat_boundaries=0 1
cat_threshold=264
is_linear=0
shrinkage=0.03


Tree=62
num_leaves=15
num_cat=4
split_feature=33 6 17 40 9 6 6 16 4 42 42 70 33 26
split_gain=195.55 146.522 123.165 83.4553 68.9829 62.4328 61.7449 67.8669 57.1334 59.6084 46.0692 40.028 39.9836 38.4675
threshold=0.0021176534599949303 0 0.032924312898342627 0.00099651245466786907 1 2 3 0.00019835998287082382 4.8614086290193773e-05 0.037252523487587542 0.00075935545472868621 0.090159737089561667 0.0032481372916706966 0.39579424793173085
decision_type=2 9 2 2 9 9 9 2 2 2 2 2 2 2
left_child=1 -1 4 12 5 -3 7 11 -8 10 -10 13 -2 -6
right_child=3 2 -4 -5 6 -7 8 -9 9 -11 -12 -13 -14 -15
leaf_value=-0.029904355349381045 0.0261788199617436 -0.025304250578680795 0.030072776161517243 0.033080974861081698 0.022960916628607633 0.0041403447370994637 -0.026588636694344123 -0.038069263906482548 -0.0032721528070880483 -0.052603457738690865 0.028618251159683836 -0.035768802484314438 -0.033310227492663921 -0.038108935636167296
leaf_weight=66.550807341001928 15.514776948839424 65.054160967469215 300.85416751168668 606.31739427894354 576.79088418371975 427.43216084968299 53.11748868227005 17.171407135203481 76.819790563546121 12.255843993276356 85.430968776345253 10.132455883547662 25.67997220531106 8.5683454312384111
leaf_count=1329 19 864 412 379 1490 2705 765 164 709 60 135 122 182 54
internal_value=0.0162551 0.0109006 0.0126856 0.0302759 0.00883615 -0.000216954 0.0139726 0.0189397 0.000346367 0.00866954 0.0135918 0.0209622 -0.010816 0.0220035
internal_weight=2347.69 1700.18 1633.63 647.512 1332.77 492.486 840.287 612.663 227.624 174.507 162.251 595.492 41.1947 585.359
internal_count=9389 8809 7480 580 7068 3569 3499 1830 1669 904 844 1666 201 1544
cat_boundaries=0 1 2 3 4
cat_threshold=7712 142 4 332
is_linear=0
shrinkage=0.03


Tree=63
num_leaves=15
num_cat=2
split_feature=33 39 28 2 45 6 44 57 6 49 8 4 74 30
split_gain=185.576 84.9848 80.1556 66.4716 62.3587 59.6411 58.8133 63.9147 51.6921 82.7506 62.7801 77.1972 57.2725 53.9991
threshold=0.00029501252080187232 0.006054949771224478 0.034253123843184567 2167.5000000000005 0.90959267904868246 0 0.0070957635419614676 0.0016526386926337779 1 0.071072542755121232 1.5000000000000002 0.00013281465095188794 0.8771222025020563 0.0016929071574979711
decision_type=2 2 2 2 2 9 2 2 9 2 2 2 2 2
left_child=1 2 3 4 5 -1 7 -4 9 13 11 -11 -10 -5
right_child=-2 -3 6 8 -6 -7 -8 -9 12 10 -12 -13 -14 -15
leaf_value=0.022192256536228114 0.02903062314490526 -0.023361099326128551 0.026660012683460341 -0.036432018279021615 0.055761172970156689 -0.011648304350623027 -0.021035714952179319 -0.018139267106790449 0.019823518251204555 -0.043578719707046021 0.033152558426821965 0.018457569038308971 -0.051503530828186282 0.051324271424570925
leaf_weight=46.105762329883873 745.98209805972874 61.624754939228296 478.15851357579231 60.136494026519358 14.219693411141632 274.07096124533564 26.765469085425138 29.809437055140734 468.9288383750245 29.231993235647678 68.472347382456064 43.88275926373899 9.4236362949013692 6.1587516628205767
leaf_count=338 748 665 1228 1000 57 2698 207 102 1735 214 214 140 48 3
internal_value=0.0166593 0.0109376 0.0123106 0.007369 -0.00359163 -0.00639301 0.0217113 0.0240006 0.0127075 -0.000209094 0.012723 -0.00659848 0.0179396 -0.027638
internal_weight=2362.97 1616.99 1555.36 1020.63 334.396 320.177 534.733 507.968 686.235 207.882 141.587 73.1148 478.352 66.2952
internal_count=9397 8649 7984 6447 3093 3036 1537 1330 3354 1571 568 354 1783 1003
cat_boundaries=0 1 2
cat_threshold=416 546
is_linear=0
shrinkage=0.03


Tree=64
num_leaves=15
num_cat=0
split_feature=33 17 75 42 28 37 63 63 51 82 74 41 28 36
split_gain=163.601 84.1048 84.9832 78.303 69.9749 49.1484 50.8028 64.5376 56.548 49.6653 48.0343 79.6067 57.8686 54.0395
threshold=0.0023738984813624318 0.0055165510577095955 0.00055376153894945576 0.00025234084128638034 0.054788747842451323 0.0010201670982191177 0.84873562535286606 0.00074446308180835957 0.13912306293537427 0.00039785708751835074 0.3168691939388783 0.018107556915847936 0.066757701430528768 0.45922381679717467
decision_type=2 2 2 2 2 2 2 2 2 2 2 2 2 2
left_child=1 3 -3 4 5 6 7 8 9 -1 11 12 -6 -13
right_child=-2 2 -4 -5 10 -7 -8 -9 -10 -11 -12 13 -14 -15
leaf_value=0.0025466077456206965 0.029751865763640237 0.025799133834168611 -0.041861667992671422 0.017159109593612984 0.020624917475254426 0.024181146715115107 0.07832567165153706 -0.038069876751686368 -0.036069290132154451 -0.040099439382245645 0.032092787397764791 -0.030811464495057027 -0.025424997479762734 0.06012398129685214
leaf_weight=380.36161156184971 630.57309120893478 428.30653701070696 16.510659293271601 518.88660089857876 37.70560762938112 51.03531688824296 5.2934453524649134 54.272541209124029 42.837941754609346 25.270585022866726 95.900200985372066 6.6598036373034111 66.468079101294279 28.861297376453876
leaf_count=2946 572 1134 230 1476 144 161 9 902 800 191 97 117 622 24
internal_value=0.0166488 0.0119356 0.0231994 0.00810649 0.00218135 -0.00360038 -0.00643322 -0.00747937 -0.00370094 -0.000202289 0.0158587 0.00456516 -0.00871963 0.0426978
internal_weight=2388.94 1758.37 444.817 1313.55 794.666 559.071 508.036 502.743 448.47 405.632 235.595 139.695 104.174 35.5211
internal_count=9425 8853 1364 7489 6013 5009 4848 4839 3937 3137 1004 907 766 141
is_linear=0
shrinkage=0.03


Tree=65
num_leaves=15
num_cat=2
split_feature=6 63 33 40 83 3 4 1 65 0 2 50 9 45
split_gain=156.857 75.9093 85.5346 73.5495 84.0853 84.6296 71.2334 54.2758 53.6565 49.4579 50.5362 61.554 58.4364 59.7321
threshold=0 0.024962589267436382 0.12560285810548902 0.0050481344778458143 0.0013513117273298463 430.50000000000006 3.1124978446219624e-05 59.500000000000007 0.00096238687381177768 29.500000000000004 3714.0000000000005 0.25823278954017526 1 0.36978568157002595
decision_type=9 2 2 2 2 2 2 2 2 2 2 2 9 2
left_child=3 7 -3 4 5 6 -1 9 -9 10 12 -12 -2 -14
right_child=1 2 -4 -5 -6 -7 -8 8 -10 -11 11 -13 13 -15
leaf_value=0.032295757313428167 -0.020730137859100231 -0.034568402901937946 0.051996483508077153 0.031892974412251369 -0.042856272356137017 0.02286243449015822 -0.03779456655300481 -0.041298657365191123 0.015695439337962993 -0.038896586986124783 0.023382344992250042 -0.035424883398143321 0.0080119431211114773 0.049074134089301079
leaf_weight=18.464578293263912 50.38953367434442 61.340843828395009 11.379403807222841 633.16432998329401 19.249697282910347 571.9020387083292 39.023215245455503 33.429202224127948 25.430410709232092 15.574890099465845 417.24207407329232 15.796774156391619 485.68841748032719 33.19668688904494
leaf_count=27 903 1241 5 363 124 892 237 314 71 189 1518 213 3180 139
internal_value=0.0172257 0.00889835 -0.020501 0.0244209 0.0174652 0.0193752 -0.0151149 0.0109836 -0.0168234 0.0126065 0.0134448 0.0211604 0.00754878 0.0105259
internal_weight=2431.27 1149.47 72.7202 1281.8 648.64 629.39 57.4878 1076.75 58.8596 1017.89 1002.31 433.039 569.275 518.885
internal_count=9416 7773 1246 1643 1280 1156 264 6527 385 6142 5953 1731 4222 3319
cat_boundaries=0 1 2
cat_threshold=264 8
is_linear=0
shrinkage=0.03


Tree=66
num_leaves=15
num_cat=1
split_feature=72 33 16 1 4 71 26 4 4 28 50 71 50 9
split_gain=256.304 81.291 79.5863 65.8728 67.7295 65.022 61.392 49.329 59.5334 47.0231 73.5932 70.5496 63.2638 62.7142
threshold=0.00079782223489515975 0.00021800001776683522 1.0000000180025095e-35 5.5000000000000009 0.0001966348826673565 0.017278698313181077 0.0034595346477249264 2.2179731450359234e-05 2.9978985174887998e-05 0.036631464145104063 0.041182450104348116 0.0055534305122991465 0.33914334376047045 0
decision_type=2 2 2 2 2 2 2 2 2 2 2 2 2 9
left_child=5 2 3 -2 -5 6 7 -1 -9 10 11 13 -12 -10
right_child=1 -3 -4 4 -6 -7 -8 8 9 -11 12 -13 -14 -15
leaf_value=0.036339434081771302 -0.016207432895665869 0.03263850464234884 -0.038762751665227045 0.024102469024448483 -0.027291460713332646 -0.030376263699174007 -0.040044087300937281 -0.029465912973921246 0.00092725692900290444 0.016797991646063427 0.020340998057194429 0.042152663778133592 -0.032814580658392913 -0.02380707074777207
leaf_weight=46.760394969955087 44.238405944779515 541.4189417809248 21.734601195901632 483.89311480522156 23.427047463133931 46.805003891699016 25.099200016818941 41.911556828767061 242.60858743544668 285.49079680163413 215.81345752999187 25.167780988849699 21.318185401149094 140.2929761512205
leaf_count=205 248 258 189 782 115 864 279 686 1736 1065 566 108 426 1765
internal_value=0.014187 0.0242982 0.0163784 0.0186175 0.0216802 0.00384573 0.0054069 0.00656416 0.00509678 0.00668319 0.00218848 -0.00553364 0.0154446 -0.00876965
internal_weight=2205.98 1114.71 573.293 551.559 507.32 1091.27 1044.46 1019.36 972.603 930.692 645.201 408.069 237.132 382.902
internal_count=9292 1592 1334 1145 897 7700 6836 6557 6352 5666 4601 3609 992 3501
cat_boundaries=0 1
cat_threshold=33
is_linear=0
shrinkage=0.03


Tree=67
num_leaves=15
num_cat=1
split_feature=71 63 65 49 77 37 44 17 39 85 74 6 27 0
split_gain=197.313 120.009 83.4237 81.5607 102.802 61.1984 62.1098 56.0321 57.0501 52.1073 48.9914 53.5209 71.4707 61.4781
threshold=0.00050302625452926057 0.012315653753231693 0.050845170454545459 0.33171877114241149 0.0070334904195663702 0.00078416020971059253 0.00082253756305613907 0.0017852021033621928 0.014904187836135913 0.12345397717910696 0.76223472539238923 0 0.0028523135800414411 13.500000000000002
decision_type=2 2 2 2 2 2 2 2 2 2 2 9 2 2
left_child=3 7 -3 5 -5 6 10 8 -2 -8 11 13 -13 -1
right_child=1 2 -4 4 -6 -7 9 -9 -10 -11 -12 12 -14 -15
leaf_value=-0.03699496223085972 0.018514115078297047 -0.029375762809882123 0.025057131547120668 -0.034515753886625963 0.035816629176830421 0.019418677699856831 -0.030876143794172858 0.031500708747225714 -0.044609038417789168 0.051865871307251857 -0.046714238905804319 -0.016140126730976166 0.023086998573313471 0.011165178951021858
leaf_weight=24.182074394077063 297.39625832717866 62.239555516280234 41.337043607607484 21.080064514651895 127.20903072506189 151.276351518929 84.856999739073217 627.86943829618394 12.536139123141764 6.546026572585105 17.451154122129083 209.03222825471312 51.259519524872303 463.88253722991794
leaf_count=312 619 892 119 327 148 358 752 575 95 9 108 2702 69 2342
internal_value=0.0134936 0.0229606 -0.00761992 0.00495854 0.0256543 0.00189302 -0.00121885 0.0263427 0.0158257 -0.0244532 0.00158257 0.00276965 -0.00804828 0.00853374
internal_weight=2198.15 1041.38 103.577 1156.78 148.289 1008.49 857.211 937.802 309.932 91.403 765.808 748.356 260.292 488.065
internal_count=9427 2300 1011 7127 475 6652 6294 1289 714 761 5533 5425 2771 2654
cat_boundaries=0 1
cat_threshold=1484
is_linear=0
shrinkage=0.03


Tree=68
num_leaves=15
num_cat=0
split_feature=71 63 16 49 2 75 57 0 74 2 0 86 76 12
split_gain=201.352 135.036 69.3073 59.8904 77.0537 69.383 55.7431 50.4572 49.6066 61.777 45.7052 42.3407 42.0739 48.4546
threshold=0.00050302625452926057 0.033129191224084385 0.00015180818057440931 0.0016945493828262707 3186.5000000000005 0.002849940020992653 0.24977726069193498 14.500000000000002 0.4673246117876016 1334.5000000000002 28.500000000000004 0.0049663716691666403 0.004616899480373071 0.0032634146118818725
decision_type=2 2 2 2 2 2 2 2 2 2 2 2 2 2
left_child=3 2 8 4 12 10 -7 -6 -2 -10 11 -5 13 -1
right_child=1 -3 -4 5 7 6 -8 -9 9 -11 -12 -13 -14 -15
leaf_value=-0.022844620921260054 0.029734233770246976 -0.026995666240576321 -0.022117448805389961 0.018331428915856367 -0.033568232378391225 -0.056219131966917101 0.040547489477938396 0.012532018778070236 -0.046673964318074461 0.017213693787874795 -0.042523227091016122 -0.035240063238857887 0.0066355077442389219 0.03245801454430456
leaf_weight=195.66939066164196 883.80843691434711 44.528798236511648 25.672637584619224 487.63922354578972 22.020293137989938 20.726773239672188 6.3105119168758383 304.78949845768511 14.34243589825928 122.51747040264308 10.998480291105805 12.753855825401841 79.583780527114868 14.508585241623221
leaf_count=2845 1121 777 170 1377 404 95 3 1687 86 163 94 177 306 93
internal_value=0.0144834 0.023721 0.025903 0.00574583 -0.000640147 0.0130462 -0.0329931 0.00933288 0.0271313 0.0102285 0.01554 0.0168985 -0.0118817 -0.0188915
internal_weight=2245.87 1090.87 1046.34 1155 616.572 538.429 27.0373 326.81 1020.67 136.86 511.392 500.393 289.762 210.178
internal_count=9398 2317 1540 7081 5335 1746 98 2091 1370 249 1648 1554 3244 2938
is_linear=0
shrinkage=0.03


Tree=69
num_leaves=15
num_cat=0
split_feature=72 17 28 63 73 64 51 82 1 62 79 14 26 40
split_gain=170.182 80.2693 100.963 72.5848 64.5674 52.6529 51.2317 47.8242 46.9425 45.0999 44.0388 45.567 41.8812 50.6937
threshold=0.0027979559320542753 0.0046478204354909866 0.0045003347701046735 0.012315653753231693 0.062541619751413632 0.037840355226261883 0.36545518207282918 0.0013439054133326401 77.500000000000014 1.0000000180025095e-35 0.083235892202222703 0.91343742258877703 0.0018940598819007805 0.026114531779743582
decision_type=2 2 2 2 2 2 2 2 2 2 2 2 2 2
left_child=4 2 -2 7 5 6 8 -4 9 10 11 12 -1 -14
right_child=1 -3 3 -5 -6 -7 -8 -9 -10 -11 -12 -13 13 -15
leaf_value=0.014656228445728791 -0.026918387919295281 0.031209643425014821 0.024408109636627498 -0.040579160291202281 -0.034203631591883943 -0.038029120164173986 -0.033601361510011848 -0.022914330879938466 -0.028462233569915247 -0.041655446647962134 -0.01930048699698678 -0.032721426754243797 -0.038953401795321904 0.033911907106133461
leaf_weight=1039.9570316681638 47.402004754170775 564.95346221141517 351.44110444933176 16.650134345516562 32.116413508541882 20.752687651664019 23.81906352378428 19.566880200058222 26.971680784597993 13.548043943941591 39.254856537096202 18.608500581234694 27.015452935360372 11.504415430128573
leaf_count=4934 281 350 532 151 862 228 571 115 214 159 537 196 288 18
internal_value=0.0145261 0.0237511 0.0140164 0.0190783 0.0071537 0.00826825 0.00909944 0.0218574 0.00999147 0.0109174 0.0115803 0.0127018 0.0135151 -0.0168839
internal_weight=2253.56 1000.01 435.06 387.658 1253.55 1221.43 1200.68 371.008 1176.86 1149.89 1136.34 1097.09 1078.48 38.5199
internal_count=9436 1429 1079 798 8007 7145 6917 647 6346 6132 5973 5436 5240 306
is_linear=0
shrinkage=0.03


Tree=70
num_leaves=15
num_cat=1
split_feature=6 17 63 63 37 63 4 4 86 73 71 27 36 70
split_gain=191.7 90.9122 81.3706 72.6488 60.4394 97.3919 69.7224 58.1684 53.9603 52.3474 53.0551 63.0291 60.4215 50.6555
threshold=0 0.0017852021033621928 0.0070285165671869409 0.84873562535286606 0.00018609526637347517 0.00074446308180835957 0.0001966348826673565 0.00028053577704369501 0.0014640164234748013 0.25348605008108965 0.00079547340277688801 0.00081925388413593941 0.55799245198694003 0.043968918518454435
decision_type=9 2 2 2 2 2 2 2 2 2 2 2 2 2
left_child=1 4 7 -4 5 6 -1 8 9 10 11 12 -2 -13
right_child=2 -3 3 -5 -6 -7 -8 -9 -10 -11 -12 13 -14 -15
leaf_value=0.01488444060098711 -0.0036396765686349695 0.030908013090726941 -0.027914435376472955 0.077557357642050656 0.029336218392056881 -0.041950699928447313 -0.046326778792462449 -0.044229678995353731 -0.037283577278624414 -0.032104546900408738 0.027621292943239541 0.024122768753478175 0.024044964042609591 -0.013109377792347127
leaf_weight=346.31624910794199 413.99611840303987 574.97216992080212 92.123263275250793 5.3201094232499591 160.215406447649 31.90827614068985 16.638112086802721 18.429531407542527 21.927336075343192 25.719273188151419 137.83336775563657 236.32029937207699 84.584576655179262 37.528160151094198
leaf_count=860 4065 294 1581 9 120 211 97 182 278 582 345 292 416 108
internal_value=0.0137989 0.022351 0.00453605 -0.0214267 0.0138495 0.00750757 0.0119589 0.00719294 0.00822737 0.00933222 0.0105369 0.00745662 0.00109577 0.0189913
internal_weight=2203.83 1130.05 1073.78 97.4434 555.078 394.863 362.954 976.339 957.909 935.982 910.263 772.429 498.581 273.848
internal_count=9440 1582 7858 1590 1288 1168 957 6268 6086 5808 5226 4881 4481 400
cat_boundaries=0 1
cat_threshold=264
is_linear=0
shrinkage=0.03


Tree=71
num_leaves=15
num_cat=1
split_feature=33 6 16 49 70 77 38 77 40 4 75 82 38 26
split_gain=152.869 98.4448 76.4211 73.9466 92.5901 80.1702 70.1217 68.5209 57.749 56.8169 55.6968 50.253 51.4392 47.5582
threshold=0.0024693911359046782 0 0.00094809244429423193 0.2500026852257537 0.0009430966834748294 0.0039842602538527313 0.026473410070018136 0.041344187730887862 0.00046222943500970825 4.8614086290193773e-05 0.1129589035934485 0.0013439054133326401 0.19613219800837065 0.25842850520460203
decision_type=2 9 2 2 2 2 2 2 2 2 2 2 2 2
left_child=1 3 10 4 6 -5 -1 -6 -2 -7 11 12 13 -3
right_child=8 2 -4 5 7 9 -8 -9 -10 -11 -12 -13 -14 -15
leaf_value=-0.030448168490856783 -0.0084649737628943404 0.019623201949402671 -0.037155689642975519 -0.033909154106497905 0.012737268035957594 -0.036852505366417335 0.034864025926042812 -0.046885414412566724 0.030488103270347067 0.033441313357917488 -0.035305784061067248 -0.022272192856242698 -0.03599675565202768 -0.015707267977181118
leaf_weight=155.9818574571982 36.160247592255473 1074.578500664793 24.008443155325949 22.469608584418893 160.92984286509454 10.616266990080474 15.50307084713131 18.443475034087896 539.63250675424933 107.5798969194293 17.893664496950805 28.147048141807318 14.916527612134812 34.711812766268849
leaf_count=2632 185 3724 306 390 456 108 53 96 397 163 373 168 197 158
internal_value=0.0146952 0.0101262 0.0147081 -0.00128628 -0.00867826 0.0169916 -0.0243757 0.00638081 0.0280314 0.0268714 0.0159285 0.016754 0.01775 0.0185045
internal_weight=2261.57 1685.78 1194.26 491.524 350.858 140.666 171.485 179.373 575.793 118.196 1170.25 1152.35 1124.21 1109.29
internal_count=9406 8824 4926 3898 3237 661 2685 552 582 271 4620 4247 4079 3882
cat_boundaries=0 1
cat_threshold=2658
is_linear=0
shrinkage=0.03


Tree=72
num_leaves=15
num_cat=0
split_feature=17 37 72 44 1 3 5 48 4 35 45 48 0 76
split_gain=166.58 110.632 65.7375 57.5938 55.5382 46.0482 105.93 65.5993 63.5992 61.9266 50.9903 49.1058 44.5414 43.5105
threshold=0.0017852021033621928 0.00018609526637347517 0.02367323966310881 0.090708933373534514 55.500000000000007 1647.5000000000002 10648.095967931631 0.18083731619292329 0.0002671764703322252 0.0042859040717480278 0.00020845169775850358 0.0095551634758811732 18.500000000000004 0.017411548039012247
decision_type=2 2 2 2 2 2 2 2 2 2 2 2 2 2
left_child=1 3 4 5 13 6 11 8 10 -8 -7 12 -1 -2
right_child=2 -3 -4 -5 -6 7 9 -9 -10 -11 -12 -13 -14 -15
leaf_value=-0.0357908677839711 0.0076710007580729654 0.024421003854634284 0.031176695039871052 -0.036474133408461409 -0.045319213307125072 0.013179878002284529 -0.037117293290385711 -0.047292437752945234 -0.045759767484748581 0.0078136556582916045 -0.037539516186231775 0.027306381814679453 0.0058146270246110538 0.03046589011136772
leaf_weight=27.536141861230135 200.01475896500051 261.43710341304541 488.37022629007697 31.795933966524899 12.768448458984492 615.16483838483691 102.04673421010375 17.411447256803513 16.841168275102973 37.292378798127174 17.427968613803387 77.074997974559665 121.94799584709108 120.8796080769971
leaf_count=463 1330 452 288 362 113 2900 1134 96 157 102 273 253 1300 121
internal_value=0.0135611 0.00697431 0.0241644 0.00267073 0.0138383 0.00391003 -0.00463372 0.0085979 0.0101667 -0.0251221 0.0117255 0.00802213 -0.00203634 0.0163257
internal_weight=2148.01 1325.98 822.033 1064.54 333.663 1032.74 365.898 666.845 649.434 139.339 632.593 226.559 149.484 320.894
internal_count=9344 7492 1852 7040 1564 6678 3252 3426 3330 1236 3173 2016 1763 1451
is_linear=0
shrinkage=0.03


Tree=73
num_leaves=15
num_cat=0
split_feature=71 63 26 73 39 77 85 42 0 1 28 2 39 51
split_gain=167.72 101.766 73.6845 70.1996 57.2178 55.5895 55.132 53.9136 66.0018 52.8105 50.6225 87.3033 65.9473 49.8693
threshold=0.0020233369199449086 0.010607876513529109 0.0020439880431399504 0.0012760536669852733 0.0075262585956433351 0.097547904739497579 0.086612308857969431 0.00025234084128638034 27.500000000000004 76.500000000000014 0.01675441069583555 2650.5000000000005 0.0018844002217424805 0.00036424229118808084
decision_type=2 2 2 2 2 2 2 2 2 2 2 2 2 2
left_child=2 4 5 -3 -2 7 9 10 -9 -4 11 -1 13 -12
right_child=1 3 6 -5 -6 -7 -8 8 -10 -11 12 -13 -14 -15
leaf_value=-0.029669863991105942 0.027852968837341466 0.019822065992243058 -0.042913764883872281 -0.03193120235592118 -0.015531227958218017 -0.038521339484186214 0.029637722649431139 0.018164277038836642 -0.043795055941433736 0.033034931271595312 0.017010097772906095 0.0051987820058365542 -0.040348924313205123 -0.047333951192874472
leaf_weight=93.149680999107659 808.28953393828124 45.1800073729828 58.325630118139088 47.28772587608546 27.71325009316206 21.517608503811061 14.944528751075266 501.44299542531371 15.038394786417483 8.8147769272327405 299.46061397250742 205.35839774832129 19.931016284041107 10.302720602601765
leaf_count=1813 957 246 530 713 137 248 32 1245 111 5 1378 1693 256 52
internal_value=0.0134482 0.0230977 0.00625824 -0.00670287 0.026398 0.00819689 -0.0210519 0.00910795 0.0162791 -0.0326041 0.00319567 -0.00574474 0.0112833 0.0147246
internal_weight=2176.76 928.471 1248.29 92.4677 836.003 1166.2 82.0849 1144.68 516.481 67.1404 628.202 298.508 329.694 309.763
internal_count=9416 2053 7363 959 1094 6796 567 6548 1356 535 5192 3506 1686 1430
is_linear=0
shrinkage=0.03


Tree=74
num_leaves=15
num_cat=1
split_feature=6 17 36 37 4 2 28 4 35 14 70 2 2 5
split_gain=175.447 98.2506 80.1924 71.269 72.0622 62.0308 61.2771 59.8431 77.0378 66.8063 59.5424 56.8426 67.4393 47.8901
threshold=0 0.0017852021033621928 0.65337459334388759 0.00018609526637347517 0.0001966348826673565 3832.5000000000005 0.079163188785987798 7.1432385362527211e-05 0.0042859040717480278 0.84035676549195115 0.0026059616903164134 2167.5000000000005 2270.5000000000005 7891.5842439437429
decision_type=9 2 2 2 2 2 2 2 2 2 2 2 2 2
left_child=1 3 6 4 5 7 10 -1 9 -9 11 -2 -13 -7
right_child=2 -3 -4 -5 -6 13 -8 8 -10 -11 -12 12 -14 -15
leaf_value=0.012441019344033823 -0.018889172968352082 0.029637753907079269 0.039734807923602115 0.029691499677046974 -0.04355649276155981 -0.031804196394160135 -0.033632637125948828 -0.037879927104987623 0.018841363721618848 0.059838459529893272 0.01308382897689114 0.043797392221571189 -0.0011498332221578905 0.029422343915146316
leaf_weight=199.47934814170003 150.22357207164168 598.88247909024358 50.231256499886513 170.6673443345353 22.914454476907849 11.631074003875254 42.424857837148011 78.178509058430791 42.384991385042667 5.9532394111156455 316.66805897094309 32.227280264720321 313.07707808539271 150.95164785720408
leaf_count=859 2641 390 79 138 153 128 398 474 74 3 1013 93 2604 396
internal_value=0.0135357 0.0206124 0.00324193 0.0129587 0.00732852 0.00979913 0.00109098 0.00222753 -0.0138474 -0.0303436 0.00294389 -0.00354936 0.00315945 0.0248746
internal_weight=2185.9 1281.04 904.852 682.161 511.493 488.579 854.621 325.996 126.517 84.1317 812.196 495.528 345.304 162.583
internal_count=9443 2615 6828 2225 2087 1934 6749 1410 551 477 6351 5338 2697 524
cat_boundaries=0 1
cat_threshold=456
is_linear=0
shrinkage=0.03


Tree=75
num_leaves=15
num_cat=1
split_feature=33 39 84 63 71 79 40 39 40 63 9 2 12 85
split_gain=170.911 71.0656 83.8074 81.8312 114.35 61.9569 58.1721 50.7252 44.9575 44.0216 43.2552 56.5239 69.9068 53.7464
threshold=0.0023738984813624318 0.0044955227416366454 1.0000000180025095e-35 0.0084349826478098307 0.0028070189262019954 0.024167635544048532 0.00046222943500970825 0.0024227185976436693 0.00126143185045807 0.011405858548825512 0 3750.5000000000005 0.0032634146118818725 0.12345397717910696
decision_type=2 2 2 2 2 2 2 2 2 2 9 2 2 2
left_child=1 2 3 4 5 7 -2 8 10 -3 -1 12 13 -12
right_child=6 9 -4 -5 -6 -7 -8 -9 -10 -11 11 -13 -14 -15
leaf_value=0.010848244566792615 -0.010097910826533198 -0.045611747444601315 -0.044352254237492159 -0.021984908627895403 0.02428126591365088 -0.028628995658239148 0.029001166741903603 0.04314704072191803 -0.051395403823325442 0.0022969971958599488 -0.027328955576752911 0.010382249651276111 0.039744260109454276 0.059843216347933006
leaf_weight=608.86746784299612 36.240178460255265 35.373001118190587 25.812737509608269 71.146411855239421 401.78781766071916 45.176984645426273 508.07157677784562 32.659878780134022 11.288755087181924 32.678094195201993 128.91414202563465 141.56630965694785 17.078953355550766 5.7711853981018058
leaf_count=2988 193 342 226 1041 694 446 396 21 93 379 1738 796 43 1
internal_value=0.0119269 0.00686276 0.00823674 0.00919344 0.0108004 0.00531752 0.0263842 0.00696692 0.00562761 -0.0229059 0.00639722 -0.00311015 -0.0158851 -0.0231802
internal_weight=2102.43 1558.12 1490.07 1464.26 1393.11 991.324 544.312 946.147 913.487 68.0511 902.198 293.331 151.764 134.685
internal_count=9397 8808 8087 7861 6820 6126 589 5680 5659 721 5566 2578 1782 1739
cat_boundaries=0 1
cat_threshold=193
is_linear=0
shrinkage=0.03


Tree=76
num_leaves=15
num_cat=1
split_feature=71 85 0 16 41 73 45 14 2 45 9 49 80 42
split_gain=165.09 88.1791 77.8701 73.8984 60.1737 57.5935 61.5737 49.9579 47.0467 52.2938 46.3272 80.9279 59.8869 76.423
threshold=0.0020233369199449086 0.00040433789618410967 27.500000000000004 0.00085381704514058744 0.11116531165311654 0.085339039406225212 0.0040364570604481684 0.78546102662350126 793.50000000000011 0.9854824561403509 0 0.17297175098375683 0.0066754012288124309 0.031403237507707758
decision_type=2 2 2 2 2 2 2 2 2 2 9 2 2 2
left_child=1 2 4 5 8 -2 -7 -4 9 -1 12 -12 13 -10
right_child=3 -3 7 -5 -6 6 -8 -9 10 -11 11 -13 -14 -15
leaf_value=-0.025500647670716636 0.026326934238835541 -0.04173632190883194 -0.040902532652724241 -0.03661784217910919 -0.039779016926141809 0.013894894438909428 -0.04256332319150602 0.038500911408342796 0.012346756986595318 0.060911637527368771 -0.0074094609357764204 0.025991105325394833 0.028546108424993333 -0.037939485166069653
leaf_weight=55.632559178397059 760.17190273292363 34.131921011954546 44.894285482354462 18.009307177737355 22.100231840275228 89.532882352359593 20.521927493624389 7.6257481612265101 465.8599371984601 6.1354583874344817 249.86523337475955 87.25964570697397 210.48659189231694 27.922301232814789
leaf_count=843 1085 288 523 239 309 428 337 15 2368 9 2115 310 395 126
internal_value=0.0123192 0.00511117 0.00650306 0.0221371 0.00817819 0.0233937 0.00307866 -0.0288694 0.00917409 -0.0160836 0.0106862 0.0012501 0.014965 0.00943225
internal_weight=2100.15 1211.91 1177.78 888.236 1125.26 870.227 110.055 52.52 1103.16 61.768 1041.39 337.125 704.269 493.782
internal_count=9390 7301 7013 2089 6475 1850 765 538 6166 852 5314 2425 2889 2494
cat_boundaries=0 1
cat_threshold=129
is_linear=0
shrinkage=0.03


Tree=77
num_leaves=15
num_cat=1
split_feature=71 26 16 6 51 72 71 4 57 0 2 4 1 2
split_gain=162.355 111.435 80.1027 54.8665 51.3181 47.515 93.0577 76.4233 46.204 42.146 40.3085 37.3098 36.8128 34.5274
threshold=0.0012733448813535507 0.0020439880431399504 0.00019835998287082382 0 0.36545518207282918 0.0030090391899437129 0.02191011927475044 8.1261855995100695e-05 0.15773883761536545 21.500000000000004 2099.0000000000005 7.653257770870686e-05 291.00000000000006 765.50000000000011
decision_type=2 2 2 9 2 2 2 2 2 2 2 2 2 2
left_child=1 3 5 4 8 6 7 -2 10 -5 11 -1 -3 -7
right_child=2 12 -4 9 -6 13 -8 -9 -10 -11 -12 -13 -14 -15
leaf_value=0.0043826335922664645 0.034960627535608219 -0.040531277679139735 -0.031527397784204582 -0.030242488422089677 -0.033858022045906287 -0.015643680939208596 -0.025138904752585806 -0.026026310732875122 -0.039449462277772733 0.0047110165754104816 0.015027619935847234 -0.040004114140594731 0.037544504287884181 0.027626390310286991
leaf_weight=251.20810191240162 95.241180152632296 57.753339501097798 23.871447183191776 59.018115999177098 23.109245151281357 16.397266564890742 50.038052779156715 22.113931060768664 15.456869883462785 63.83783030230552 713.57548228371888 17.279851992614567 5.2111163139343253 698.04686680063605
leaf_count=1750 274 552 260 1032 568 68 827 132 129 706 2368 184 1 613
internal_value=0.0121737 0.00496015 0.0217665 0.00710999 0.00935116 0.0232433 0.0087892 0.0233457 0.0104787 -0.0112781 0.0113039 0.00138806 -0.0335836 0.0266128
internal_weight=2112.16 1206.45 905.709 1143.49 1020.63 881.837 167.393 117.355 997.52 122.856 982.063 268.488 62.9645 714.444
internal_count=9464 7290 2174 6737 4999 1914 1233 406 4431 1738 4302 1934 553 681
cat_boundaries=0 1
cat_threshold=1358
is_linear=0
shrinkage=0.03


Tree=78
num_leaves=15
num_cat=2
split_feature=6 17 37 35 44 76 35 80 9 45 5 63 42 75
split_gain=174.79 104.675 61.3852 90.8903 64.0763 56.2946 56.9709 53.2338 82.6642 59.0007 58.8406 56.1755 51.1574 47.9373
threshold=0 0.0017852021033621928 0.00091259821361155166 0.00025508479676264554 0.00013336207507298772 0.0006002219751348655 0.093469804293713835 0.0066754012288124309 1 0.36978568157002595 55273.31365640265 0.84873562535286606 0.0054155421887205355 0.13517474374332314
decision_type=9 2 2 2 2 2 2 2 9 2 2 2 2 2
left_child=1 2 3 4 -1 7 13 9 -9 10 11 -2 -12 -7
right_child=5 -3 -4 -5 -6 6 -8 8 -10 -11 12 -13 -14 -15
leaf_value=0.00030079791601168919 -0.018749217122126061 0.029259225123470574 0.027459197580896127 0.026443910378726732 -0.041686854802788789 0.017544381720904913 -0.043920104240300975 0.020276164559003097 -0.02830144061733637 0.028950844571675606 0.012047420029651531 0.069354378679490264 -0.046508506424482829 -0.033898308020022527
leaf_weight=218.64927598275244 327.48431471129879 544.30196258425713 134.97130436450243 110.61060404032469 37.463087420910597 317.80655375123024 14.529286641627548 149.51362310629338 29.914383003488183 36.467739298008382 127.86179833579808 5.6839182004332534 14.002865858376024 16.275153625756502
leaf_count=769 4883 324 110 103 311 646 78 424 316 277 776 9 77 238
internal_value=0.0113917 0.0199649 0.0102403 0.00384552 -0.00597923 0.00253815 0.0123727 -0.00239791 0.0116205 -0.00732848 -0.0101686 -0.0170431 0.00598252 0.0149446
internal_weight=2085.54 1046 501.694 366.723 256.112 1039.54 348.611 690.929 179.428 511.501 475.033 333.168 141.865 334.082
internal_count=9341 1617 1293 1183 1080 7724 962 6762 740 6022 5745 4892 853 884
cat_boundaries=0 1 2
cat_threshold=264 1
is_linear=0
shrinkage=0.03


Tree=79
num_leaves=15
num_cat=2
split_feature=6 17 73 37 35 4 4 0 35 75 76 6 42 7
split_gain=110.089 87.458 73.3645 55.2529 95.728 46.5871 89.407 56.9296 50.9745 46.465 59.1314 51.6805 49.3681 44.9541
threshold=0 0.0055165510577095955 0.0711879253419581 0.00091259821361155166 0.0023008768743014488 2.2179731450359234e-05 3.166275345010442e-05 28.500000000000004 0.093469804293713835 0.13517474374332314 0.0037712145633829529 1 0.00025234084128638034 1.5000000000000002
decision_type=9 2 2 2 2 2 2 2 2 2 2 9 2 2
left_child=1 3 5 4 -1 -2 -7 8 9 10 11 13 -13 -8
right_child=2 -3 -4 -5 -6 6 7 -9 -10 -11 -12 12 -14 -15
leaf_value=-0.0039214437351500183 0.036866153243708774 0.029226690292786642 -0.028257590607876453 0.026694507517863519 0.028744278390014123 -0.03544723878574578 -0.0013116188271179363 -0.038481102046608734 -0.041675870776126465 -0.033397566420624865 0.022618805076566082 -0.01853983587637301 0.0085652284531138947 0.020275165218543459
leaf_weight=282.03979668952525 44.634854763746262 452.57855676859617 54.28516183886677 151.62110878527164 112.02085860446095 44.084203447215259 132.53183925896883 22.376972039230168 16.602199828252196 20.828446426428854 271.321084395051 122.38307551201433 117.76247826218605 250.10609156172723
leaf_count=1104 198 268 1149 123 89 833 1038 281 123 433 403 1986 404 967
internal_value=0.0121339 0.0192909 0.0053842 0.0113648 0.0054138 0.00721277 0.00585096 0.00779465 0.00894634 0.00990942 0.0109544 0.00584466 -0.00505792 0.0124888
internal_weight=2095.18 998.26 1096.92 545.682 394.061 1042.63 997.996 953.912 931.535 914.933 894.105 622.783 240.146 382.638
internal_count=9399 1584 7815 1316 1193 6666 6468 5635 5354 5231 4798 4395 2390 2005
cat_boundaries=0 1 2
cat_threshold=264 4308
is_linear=0
shrinkage=0.03


Tree=80
num_leaves=15
num_cat=2
split_feature=33 6 17 48 5 6 52 49 65 77 42 70 27 45
split_gain=140.067 68.5875 66.7382 83.3311 66.5411 63.9054 56.3769 48.9319 69.7919 59.7082 51.3804 48.3851 41.6352 52.7584
threshold=0.00029501252080187232 0 0.04502033312545474 0.0095551634758811732 5131.4925933578015 1 0.99815973957187831 0.1627969163502474 0.14790937864401135 0.0039842602538527313 0.015899309137236434 0.42404275885388343 0.0024978652065998264 0.36978568157002595
decision_type=2 9 2 2 2 9 2 2 2 2 2 2 2 2
left_child=1 2 3 4 6 -2 -1 8 11 -9 -11 12 13 -3
right_child=5 7 -4 -5 -6 -7 -8 9 -10 10 -12 -13 -14 -15
leaf_value=-0.036475540864280467 0.028058762885856566 -0.030881197121427076 0.027850100984364651 0.024067852059540241 0.0049150193058431968 0.00063127295954058132 0.051887530560756602 -0.033941206291766744 0.02925527845299546 0.023148715901011044 -0.044738360676969458 0.038841629362316846 0.010421792442288547 0.014384857801819405
leaf_weight=57.842908542603254 458.56197184324265 177.81054870178923 161.60544587671757 194.70093621313572 597.61765513708815 102.49628520384431 6.4213722646236411 23.061713496223092 32.513508438132703 118.72232656739652 10.030755568295715 12.399531707167624 34.256626401096582 26.027094186283648
leaf_count=737 323 3078 197 306 2958 417 6 437 175 349 53 9 64 268
internal_value=0.0108498 0.00592576 0.0101241 0.00686939 0.00178156 0.0235687 -0.0269864 -0.00404539 -0.0114953 0.00956214 0.0175558 -0.01688 -0.0199322 -0.0250594
internal_weight=2014.07 1453.01 1018.19 856.583 661.882 561.058 64.2643 434.822 283.007 151.815 128.753 250.494 238.094 203.838
internal_count=9377 8637 4204 4007 3701 740 743 4433 3594 839 402 3419 3410 3346
cat_boundaries=0 1 2
cat_threshold=1484 10
is_linear=0
shrinkage=0.03


Tree=81
num_leaves=15
num_cat=0
split_feature=33 3 79 84 40 4 5 74 14 77 28 27 75 45
split_gain=144.627 67.1416 76.848 69.3443 60.9305 56.6836 51.0445 49.4584 44.4434 46.9 54.6544 50.4864 44.2681 43.9947
threshold=0.0043287909099183194 1647.5000000000002 0.049450913551770691 1.0000000180025095e-35 0.0024980265600575758 0.00021419456511935088 139251.20275001394 0.62170278897849474 0.080260666405689018 0.018722965033875532 0.0016494870605392362 0.00039952114924181971 0.076258010579528426 0.002479762082112751
decision_type=2 2 2 2 2 2 2 2 2 2 2 2 2 2
left_child=1 7 3 5 -2 12 -7 8 9 10 -1 -12 -3 -9
right_child=4 2 -4 -5 -6 6 -8 13 -10 -11 11 -13 -14 -15
leaf_value=-0.03290198105303159 -0.010397051420846662 0.015829463199917019 -0.037457577670925779 -0.04269295281609882 0.029286540370638464 -0.04075061057553106 0.013228502618421926 -0.049356218633607923 -0.037694354073367298 0.018866603469974597 0.0051066739259724107 -0.049687191436340636 -0.036515526980429883 0.016447045681206439
leaf_weight=46.210054234135896 37.553738003596663 958.72218349669129 27.8505670260638 19.360108589753509 410.15452663972974 31.290885994210839 30.083039852790534 33.088598779402673 24.725858638994396 119.311926336959 264.5125932157971 15.050228819251059 13.84944142308086 11.931010330095885
leaf_count=1199 183 3505 378 176 323 272 70 217 280 440 1990 72 243 26
internal_value=0.0108921 0.0066566 0.0108996 0.0122125 0.0259421 0.0132809 -0.0145043 -0.00225764 0.000648348 0.00285813 -0.00304465 0.00199027 0.0150473 -0.0319387
internal_weight=2043.69 1595.99 1081.16 1053.31 447.708 1033.95 61.3739 514.83 469.811 445.085 325.773 279.563 972.572 45.0196
internal_count=9374 8868 4644 4266 506 4090 342 4224 3981 3701 3261 2062 3748 243
is_linear=0
shrinkage=0.03


Tree=82
num_leaves=15
num_cat=3
split_feature=17 79 6 76 82 8 28 6 77 88 0 6 72 8
split_gain=108.812 79.497 71.4364 60.848 60.8352 53.5732 46.8783 67.0323 84.2812 66.5914 50.3471 49.9459 64.2746 49.8606
threshold=0.0040765548472272888 0.041130331898574089 0 0.017411548039012247 0.0012981992057440976 3.5000000000000004 0.00517967033888358 1 0.014358362038603937 0.00025209606086400892 22.500000000000004 2 0.45291373133239637 2.5000000000000004
decision_type=2 2 9 2 2 2 2 9 2 2 2 9 2 2
left_child=1 4 3 -2 5 6 7 10 9 -9 13 12 -8 -1
right_child=2 -3 -4 -5 -6 -7 11 8 -10 -11 -12 -13 -14 -15
leaf_value=-0.022570796432305803 -0.01486640350516861 -0.037901984192627906 0.026330452779175104 0.027294397695973555 -0.037933512219194304 -0.034249017759121252 -0.034480214262924781 -0.026844937568713718 0.0084467934576118557 0.069649312024778018 0.041812920087797308 0.015548834384614213 0.067034551719040172 0.043823851203726331
leaf_weight=29.636162724345922 82.015048763249069 33.174745719879866 558.2794494451955 47.990440023131669 24.028334612026811 23.994918265379965 36.208417654503137 135.33703898126259 180.43141964450479 5.8145734434947363 58.581000715494156 844.7317180018872 5.6607973128557196 14.245475599542258
leaf_count=229 932 564 721 63 207 500 824 2017 906 31 121 2207 3 33
internal_value=0.0121453 0.0073113 0.0218958 0.000730676 0.00844234 0.00930504 0.0101279 0.00191761 -0.00496963 -0.022408 0.0217507 0.0140482 -0.0158211 -0.000520639
internal_weight=2080.13 1391.84 688.285 130.005 1358.67 1334.64 1310.65 424.046 321.583 141.152 102.463 886.601 41.8692 43.8816
internal_count=9358 7642 1716 995 7078 6871 6371 3337 2954 2048 383 3034 827 262
cat_boundaries=0 1 2 3
cat_threshold=162 384 688
is_linear=0
shrinkage=0.03


Tree=83
num_leaves=15
num_cat=0
split_feature=71 16 73 49 35 57 38 50 80 42 52 33 39 4
split_gain=134.278 79.088 71.6308 53.2151 50.3825 47.8276 67.6745 63.0374 49.5108 63.4491 45.5499 46.7542 42.5601 38.6288
threshold=0.00090625014885843452 1.0000000180025095e-35 0.11226355459370242 0.0016945493828262707 0.03804123686088668 0.00077085193300659323 0.07740795871362062 0.042309930518118009 0.22051076980800469 0.024034668940381771 0.99799105881973205 0.096477983410403631 0.015503426160796486 5.7565138607415844e-05
decision_type=2 2 2 2 2 2 2 2 2 2 2 2 2 2
left_child=3 2 12 4 10 8 7 -7 9 -5 11 13 -2 -1
right_child=1 -3 -4 5 -6 6 -8 -9 -10 -11 -12 -13 -14 -15
leaf_value=-0.021874293832360829 0.025402721565322934 -0.032715878812094326 -0.005825224830912498 0.015821053802579744 0.019537437816728377 -0.048560846313941482 0.027598673334496455 0.0046390813391804552 0.037756682993756292 -0.022677418643637145 0.045993863005072369 0.027090622314189645 -0.016052543513304849 -0.0034886323326682356
leaf_weight=149.09064190229401 742.83688205480576 24.192912600003183 78.645487135276198 299.49728415999562 84.076517319306731 38.335390670225024 35.989334059879184 40.552752943709493 74.869012579321861 43.300158955156803 14.121957086026667 33.14839456230402 22.338286920450628 328.31964773777872
leaf_count=2585 1063 268 710 1190 223 214 60 93 38 163 17 34 182 2584
internal_value=0.0109441 0.0198302 0.0213736 0.00417437 -0.0018847 0.0110911 -0.00601098 -0.0214975 0.0157981 0.0109063 -0.00534808 -0.00685532 0.0241731 -0.00926402
internal_weight=2009.31 868.014 843.821 1141.3 608.757 532.544 114.877 78.8881 417.666 342.797 524.681 510.559 765.175 477.41
internal_count=9424 2223 1955 7201 5443 1758 367 307 1391 1353 5220 5203 1245 5169
is_linear=0
shrinkage=0.03


Tree=84
num_leaves=15
num_cat=0
split_feature=33 63 71 73 45 63 28 28 44 77 2 24 63 85
split_gain=140.326 48.3017 56.833 47.0789 48.3971 44.8216 52.1363 42.4836 96.9256 65.8531 58.6195 61.8917 59.8019 55.7355
threshold=0.0023738984813624318 0.0070285165671869409 0.052214858068135521 0.21359828868361294 0.20333982749852644 0.84873562535286606 0.062014882557485052 0.034253123843184567 0.00037590218762262101 0.018064272391107885 3750.5000000000005 0.0012331974940697039 0.0067733806194999963 0.090534081942181391
decision_type=2 2 2 2 2 2 2 2 2 2 2 2 2 2
left_child=1 2 3 4 7 6 -3 9 -9 10 11 12 13 -1
right_child=-2 5 -4 -5 -6 -7 -8 8 -10 -11 -12 -13 -14 -15
leaf_value=-0.024300727489211901 0.024773958136418341 -0.028726393568459269 0.02383680964983758 -0.034457335281063393 0.036908400140929457 0.061623410701532572 0.017817101686528471 0.01879806496952556 -0.029261802137247054 0.012438556049036218 0.0056460209474574162 0.048309793550234875 0.070823893958799414 0.050951604201653157
leaf_weight=223.69161820132285 511.50186704844236 81.063550938852131 180.14926083572209 24.59865147434175 44.862191683612764 6.0517316423356524 28.658517059870064 344.57478209398687 41.50150622613728 295.99453262798488 220.95383165869862 12.039630422368644 5.5493959598243228 8.3088081330060941
leaf_count=2510 607 1314 289 535 161 10 202 962 291 1105 1408 10 4 7
internal_value=0.0111986 0.00661092 0.00815008 0.00582006 0.0066755 -0.0119411 -0.0165185 0.0054678 0.0135696 0.00137487 -0.00559635 -0.0155317 -0.0189563 -0.0213985
internal_weight=2029.5 1518 1402.22 1222.07 1197.48 115.774 109.722 1152.61 386.076 766.538 470.543 249.589 237.55 232
internal_count=9415 8808 7282 6993 6458 1526 1516 6297 1253 5044 3939 2531 2521 2517
is_linear=0
shrinkage=0.03


Tree=85
num_leaves=15
num_cat=0
split_feature=72 73 28 74 75 33 79 0 0 26 0 77 77 28
split_gain=136.773 73.9552 69.9615 51.8337 39.2418 36.9208 41.6969 61.1851 36.3867 41.7439 41.5929 40.8403 75.7238 75.3986
threshold=0.022645136519439907 0.0711879253419581 0.0037797442592759751 0.90700555939101057 0.13517474374332314 0.11928922454773097 0.041130331898574089 17.500000000000004 22.500000000000004 0.0029777097373945779 30.500000000000004 0.056726706336023093 0.019933093269316266 0.0019006942569138941
decision_type=2 2 2 2 2 2 2 2 2 2 2 2 2 2
left_child=1 3 -2 4 5 6 8 -8 11 10 -10 12 13 -1
right_child=2 -3 -4 -5 -6 -7 7 -9 9 -11 -12 -13 -14 -15
leaf_value=-0.027873888964833775 -0.018532695448019745 -0.033591761635349604 0.024107993460512133 -0.046926879462210851 -0.027308385756832844 0.034452182418270506 0.023612603946336189 -0.039007047558835307 0.016470027698131898 -0.033470953230313891 -0.042341573871221269 -0.027096424097240709 0.021437438899711999 0.0042557795493889921
leaf_weight=80.764844103250653 36.022139117121696 42.637100502382964 604.29572271835059 15.384712032973765 28.71547875367105 43.492964372038841 20.639181721955538 39.63828700222075 497.50447707250714 15.444053041748701 10.132675983943043 37.139648756012321 174.85457483306527 334.39177072700113
leaf_count=1351 194 986 819 96 536 24 113 487 2115 135 108 297 380 1796
internal_value=0.0102883 0.00483382 0.021684 0.00612082 0.00679313 0.00759516 0.00660256 -0.0175305 0.00788137 0.0137166 0.0152152 0.00300035 0.00493751 -0.00204671
internal_weight=1981.06 1340.74 640.318 1298.1 1282.72 1254 1210.51 60.2775 1150.23 523.081 507.637 627.151 590.011 415.157
internal_count=9437 8424 1013 7438 7342 6806 6782 600 6182 2358 2223 3824 3527 3147
is_linear=0
shrinkage=0.03


Tree=86
num_leaves=15
num_cat=1
split_feature=72 33 63 3 35 73 62 17 6 49 70 74 4 3
split_gain=119.054 64.2653 80.7099 59.9906 57.6641 54.8534 43.7547 40.9529 40.2804 53.1438 47.0414 40.3726 39.9209 38.9618
threshold=0.005299831472118822 0.00021800001776683522 0.00080224745134383705 636.50000000000011 0.0033635713328448382 0.062541619751413632 0.00013044262561123768 0.026260766973618382 0 0.071072542755121232 0.033788618319525669 0.0053300467914438512 0.0001966348826673565 9275.5000000000018
decision_type=2 2 2 2 2 2 2 2 9 2 2 2 2 2
left_child=5 2 3 4 -2 6 8 -4 9 -1 13 -10 -5 -11
right_child=1 -3 7 12 -6 -7 -8 -9 11 10 -12 -13 -14 -15
leaf_value=-0.014234843284936211 -0.043758648679731928 0.029438498982025087 -0.046774970473644206 0.023094895380293211 0.029122848953859498 -0.035311821891552984 -0.044246212440959679 0.010273615874224198 0.012159413088696702 0.014014034232593288 -0.049137780141923035 -0.012484076876839304 -0.018154952713488201 -0.03845830692086738
leaf_weight=175.67667624633759 26.224731530994177 324.39779230207205 28.769503321498632 317.53519084863365 14.382880493998526 29.882944548968226 14.902828832156954 17.782589267939329 688.72027950687334 205.70211933739483 11.463443353772162 64.712306971661747 21.894058037549257 12.619935117661951
leaf_count=2096 233 214 255 480 12 894 176 37 3505 836 54 368 103 132
internal_value=0.0100195 0.019385 0.011689 0.016265 -0.0178651 0.00416509 0.00519931 -0.025225 0.00587275 -0.00181159 0.00762832 0.00989785 0.0203887 0.0108194
internal_weight=1954.67 750.987 426.589 380.037 40.6076 1203.68 1173.8 46.5521 1158.89 405.462 229.785 753.433 339.429 218.322
internal_count=9395 1334 1120 828 245 8061 7167 292 6991 3118 1022 3873 583 968
cat_boundaries=0 1
cat_threshold=6690
is_linear=0
shrinkage=0.03


Tree=87
num_leaves=15
num_cat=0
split_feature=72 17 28 39 74 28 77 75 64 63 79 28 28 41
split_gain=112.73 66.8455 59.4025 55.8325 49.4131 68.5191 37.4381 37.135 37.8018 36.2429 33.0016 65.3435 42.3121 36.3399
threshold=0.0026533028092260683 0.0017852021033621928 0.0045003347701046735 0.014904187836135913 0.0053300467914438512 0.10311652072027629 0.10938005196667568 0.13517474374332314 0.035774639337402721 0.0047689338641414307 0.029812239955196794 0.036631464145104063 0.039580377888231856 0.017312227093040283
decision_type=2 2 2 2 2 2 2 2 2 2 2 2 2 2
left_child=4 2 -2 9 6 -6 7 8 10 -4 13 -12 -13 -1
right_child=1 -3 3 -5 5 -7 -8 -9 -10 -11 11 12 -14 -15
leaf_value=0.0077422616282022856 -0.024282673178157972 0.026922566121805106 0.019908895230898265 -0.044937222220996186 -0.043117577974704731 0.021150860075272022 -0.03599835183672552 -0.032854397365589968 -0.037168853801006277 -0.020464078438279899 -0.039502366923312868 0.060265245899017286 -0.0049188238053071483 0.025272523235020911
leaf_weight=891.80895582865924 40.866207182407379 454.92035865783691 258.00772777199745 12.880765173584221 41.415017534047365 22.283108111470938 17.55196578707546 19.697230243124068 15.653648005798457 20.890628724358976 35.796819104813039 12.029305811040102 28.288866423070431 120.23646114673465
leaf_count=5670 260 411 513 111 486 72 213 456 177 135 489 16 176 221
internal_value=0.0106372 0.0194565 0.00919599 0.0139519 0.00486057 -0.0206555 0.00630181 0.00699407 0.00773424 0.0168225 0.00841373 -0.0105351 0.0155173 0.00984784
internal_weight=1992.33 787.566 332.645 291.779 1204.76 63.6981 1141.06 1123.51 1103.81 278.898 1088.16 76.115 40.3182 1012.05
internal_count=9406 1430 1019 759 7976 558 7418 7205 6749 648 6572 681 192 5891
is_linear=0
shrinkage=0.03


Tree=88
num_leaves=15
num_cat=0
split_feature=71 63 73 79 59 73 17 33 39 0 76 5 48 37
split_gain=112.567 76.4153 55.0543 53.4114 52.1457 59.0242 43.2757 40.0346 43.0833 39.2323 65.1842 48.0457 59.9293 52.6417
threshold=0.00050302625452926057 0.012315653753231693 0.021872519030781933 0.083235892202222703 0.037828215747452064 0.0028040689960194608 0.00079714565303036088 0.0038613704353113927 0.005636965852829307 27.500000000000004 0.046433287488643574 49541.820086599975 0.087251845775225614 0.00078416020971059253
decision_type=2 2 2 2 2 2 2 2 2 2 2 2 2 2
left_child=3 6 -3 4 5 9 7 8 -2 11 -11 12 13 -1
right_child=1 2 -4 -5 -6 -7 -8 -9 -10 10 -12 -13 -14 -15
leaf_value=-0.0050881979375952289 0.0087514013646594457 0.0081725397626577906 -0.041669694509951019 -0.034932018598433111 -0.024118830657271304 -0.030067029739665407 0.027134642943743931 0.032577081460966655 -0.048253528618318282 -0.040253423804159492 0.026651212308639836 0.017753648354879279 0.024685985992127759 0.021892548115804055
leaf_weight=392.52141874376684 184.25716344732791 64.418897787109017 27.735098478384316 29.87811484746635 51.42140934150666 37.19032167783007 478.59689592849463 62.32000732794404 11.762939464300869 35.557774843648076 19.57506250590086 372.79656977392733 101.55145865585655 76.979852356947958
leaf_count=3806 565 420 577 497 387 594 610 28 106 437 29 968 181 192
internal_value=0.0102063 0.0185752 -0.0071145 0.003986 0.00508625 0.00655745 0.021793 0.0118307 0.00510305 0.00794962 -0.0164472 0.0093906 0.00390951 -0.000627282
internal_weight=1946.56 829.091 92.154 1117.47 1087.59 1036.17 736.937 258.34 196.02 998.982 55.1328 943.849 571.053 469.501
internal_count=9397 2306 997 7091 6594 6207 1309 699 671 5613 466 5147 4179 3998
is_linear=0
shrinkage=0.03


Tree=89
num_leaves=15
num_cat=2
split_feature=6 26 35 72 63 33 87 63 76 6 49 1 76 71
split_gain=141.406 61.7248 60.01 59.7485 43.8954 52.0393 44.3261 39.2197 39.054 54.1123 89.356 49.6568 49.3941 43.8644
threshold=0 0.0023233406444717543 0.093469804293713835 0.0036440676261048194 0.0070285165671869409 0.12560285810548902 0.0034069653513850539 0.0050409686791483268 0.0016035293716826166 1 0.13054110179884967 19.500000000000004 0.047156554802446689 0.0022053513902340629
decision_type=9 2 2 2 2 2 2 2 2 9 2 2 2 2
left_child=1 -1 4 -3 6 -6 7 8 9 11 -11 -2 -10 -14
right_child=2 3 -4 -5 5 -7 -8 -9 12 10 -12 -13 13 -15
leaf_value=0.022579904359907935 0.018429924328198101 -0.036124271423588282 -0.043074457360135883 0.010468610776158859 -0.027392542927239857 0.041212895904354223 -0.030905843144031345 0.035662833219226399 0.023229886721688877 -0.027137622462216005 0.0071592125833863677 -0.006592912699440223 -0.026507634032216915 0.030991655552643566
leaf_weight=763.36099258996546 204.03787566861138 27.596570311114192 24.568934611976147 184.59160549379885 68.663493231870234 10.699056826531885 28.278470002114773 38.997064671479166 177.84270598739386 126.92592544760555 146.15768442582339 108.8446945277974 38.445436336100101 16.17663687095046
leaf_count=1370 1350 223 168 408 1304 6 344 71 284 2117 789 773 180 11
internal_value=0.0103962 0.0184168 0.00227039 0.00426785 0.00349169 -0.0177459 0.00541252 0.00664493 0.00522044 0.0010845 -0.00851183 0.00943131 0.0155965 -0.00922786
internal_weight=1965.19 975.549 989.638 212.188 965.069 79.3626 885.706 857.428 818.431 585.966 273.084 312.883 232.465 54.6221
internal_count=9398 2001 7397 631 7229 1310 5919 5575 5504 5029 2906 2123 475 191
cat_boundaries=0 1 2
cat_threshold=392 1044
is_linear=0
shrinkage=0.03


Tree=90
num_leaves=15
num_cat=2
split_feature=72 28 4 9 49 70 2 5 6 4 63 3 27 38
split_gain=127.987 60.3815 48.0201 54.6153 93.3834 65.7903 78.7132 59.7997 59.621 59.4457 45.9708 43.2436 43.2005 48.6052
threshold=0.0026533028092260683 0.0018162555282123011 2.2179731450359234e-05 0 0.28369433117207604 0.0010219724734560343 9817.5000000000018 101926.07761132518 1 5.935170272321332e-05 0.012315653753231693 2228.0000000000005 0.0017756207289676884 0.026473410070018136
decision_type=2 2 2 9 2 2 2 2 9 2 2 2 2 2
left_child=2 -2 -1 4 5 6 -4 9 -5 -7 -3 -6 13 -10
right_child=1 10 3 8 11 7 -8 -9 12 -11 -12 -13 -14 -15
leaf_value=0.032570668901878694 -0.028356712913000955 0.022200628877464698 -0.038192050918551705 0.012438809632230735 -0.03339267501163936 -0.025069792672946258 0.011486392743855765 -0.04965819840888476 -0.017763007171141345 0.024470117293779736 -0.0085314598127800723 0.033359771397863169 0.013482365071669241 0.038995088739691243
leaf_weight=45.744608446024358 22.906362473033369 685.72808975540102 133.03176298830658 472.04327333811671 9.4455086030065996 29.910268585197628 36.026022766716778 16.665299510583282 170.14559002313763 73.432282774709165 46.286498551256955 57.240704744122922 75.651643138378859 13.813889280892907
leaf_count=216 171 1033 2380 1974 198 276 260 102 2072 203 222 123 116 28
internal_value=0.00917709 0.018738 0.00279655 0.00151525 -0.00798996 -0.0155979 -0.0276003 0.00139847 0.00616644 0.010029 0.0202484 0.0235512 -0.00528044 -0.0133131
internal_weight=1888.07 754.921 1133.15 1087.41 355.752 289.066 169.058 120.008 731.654 103.343 732.015 66.6862 259.611 183.959
internal_count=9374 1426 7948 7732 3542 3221 2640 581 4190 479 1255 321 2216 2100
cat_boundaries=0 1 2
cat_threshold=78 460
is_linear=0
shrinkage=0.03


Tree=91
num_leaves=15
num_cat=1
split_feature=6 17 3 37 63 83 49 0 57 27 1 5 75 36
split_gain=98.6734 63.8967 52.1957 46.0927 60.247 45.373 43.776 71.3188 56.1318 100.234 46.5279 42.4518 40.0357 37.6609
threshold=0 0.030750329994227502 16931.000000000004 0.00091259821361155166 0.00036156287891114304 0.0010331921139540318 0.0016945493828262707 20.500000000000004 0.00077085193300659323 0.0034648288954364785 11.500000000000002 160074.59901660428 0.071964035964035986 0.10172796395652113
decision_type=9 2 2 2 2 2 2 2 2 2 2 2 2 2
left_child=1 3 6 4 5 -1 7 10 -8 12 -2 -6 -10 -9
right_child=2 -3 -4 -5 11 -7 8 13 9 -11 -12 -13 -14 -15
leaf_value=0.012572316578059944 -0.00076839711577808903 0.028285959459040392 -0.03552077703228524 0.025110892454560482 -0.037144753075164988 -0.041609825809768006 0.016000103303910558 -0.001162881120714498 -0.046815337697367385 0.021155178208884864 -0.031899984278529719 0.029904811771965092 0.025808760555781445 0.019609146895095807
leaf_weight=355.33586942590773 82.412341140210629 315.359483897686 28.791239405050874 160.61283368617296 41.393940396606922 13.515466956421731 406.75341553706676 210.17720659589395 46.764352215453982 51.850116312503815 89.940899372566491 9.8261064663529378 7.3155606798827639 124.34045951534063
leaf_count=874 1005 217 400 144 242 107 1292 2827 285 62 1465 11 11 467
internal_value=0.00999357 0.0172338 0.00359617 0.0114895 0.00623415 0.0104798 0.00476976 -0.00148239 0.0109419 -0.00844886 -0.0171044 -0.0239555 -0.036701 0.00659353
internal_weight=1944.39 896.044 1048.35 580.684 420.071 368.851 1019.55 506.871 512.683 105.93 172.353 51.22 54.0799 334.518
internal_count=9409 1595 7814 1378 1234 981 7414 5764 1650 358 2470 253 296 3294
cat_boundaries=0 1
cat_threshold=264
is_linear=0
shrinkage=0.03


Tree=92
num_leaves=15
num_cat=1
split_feature=72 6 17 1 72 17 51 4 35 37 72 24 8 0
split_gain=112.092 66.5171 64.0756 48.2947 47.7976 53.0422 42.8211 41.5502 38.7171 41.1623 47.7804 51.0279 51.1209 45.3012
threshold=0.00032971950034830908 0 0.00035452613656169145 76.500000000000014 0.30622704407537532 0.91808795682250677 0.34357390497699519 2.2179731450359234e-05 9.4161598865275141e-05 0.0068191571913093782 0.070667959789032661 0.0055609499651497743 1.5000000000000002 18.500000000000004
decision_type=2 9 2 2 2 2 2 2 2 2 2 2 2 2
left_child=3 2 8 6 5 -3 7 -1 9 10 13 12 -12 -2
right_child=1 4 -4 -5 -6 -7 -8 -9 -10 -11 11 -13 -14 -15
leaf_value=0.031788841278858337 -0.041344006803173058 -0.034564500082431698 0.027478356189496452 -0.040420944972040657 0.032282855928385576 0.053831310251825505 -0.034823912409007451 0.0027469201977340226 0.025890759366146959 0.028085976445478961 0.013641686601460817 0.054302160067913691 -0.047112842267963709 0.015690824713597878
leaf_weight=45.497006186284125 13.382183227688072 50.555757949128747 419.73151356913149 22.461297030560672 16.53006698563695 6.0270912349224082 25.118320894427598 962.59320191899315 91.753739938139915 45.281138632446527 16.399667978286743 6.04316422343254 46.373120555654168 97.860713860020041
leaf_count=196 101 566 310 237 43 2 632 6705 67 36 25 2 292 219
internal_value=0.00859108 0.0169792 0.0195324 0.00214554 -0.00996043 -0.0243774 0.0031091 0.00408784 0.0095753 0.00284695 -0.00362022 -0.0230902 -0.0312754 0.00852249
internal_weight=1865.61 809.938 736.825 1055.67 73.1129 56.5828 1033.21 1008.09 317.094 225.34 180.059 68.816 62.7728 111.243
internal_count=9433 1663 1052 7770 611 568 7533 6901 742 675 639 319 317 320
cat_boundaries=0 1
cat_threshold=4366
is_linear=0
shrinkage=0.03


Tree=93
num_leaves=15
num_cat=1
split_feature=33 63 71 40 75 9 49 87 1 1 28 52 73 74
split_gain=100.823 64.2832 62.5697 57.9068 48.6105 48.4015 79.692 68.9586 57.6831 49.5018 54.5791 49.1692 43.5826 39.6994
threshold=0.0043287909099183194 0.0018861254274520967 0.01614942748267564 0.0024980265600575758 1.0000000180025095e-35 0 0.14576567274097749 1.0000000180025095e-35 11.500000000000002 5.5000000000000009 0.043095364119882053 0.99815973957187831 0.04130074309861808 0.63422961433856129
decision_type=2 2 2 2 2 9 2 2 2 2 2 2 2 2
left_child=1 2 5 -2 12 6 8 -7 9 11 -11 -1 -3 -10
right_child=3 4 -4 -5 -6 7 -8 -9 13 10 -12 -13 -14 -15
leaf_value=-0.030079923214180914 -0.011896845620467538 0.009638505179039393 0.021795657999486521 0.026840421548986852 -0.036504172579530043 0.011382032425404021 0.018151473269519037 -0.034287447494201657 -0.029905906682834837 0.026535537920009334 -0.04269698597417676 0.05560269828369542 -0.033335393521634039 0.011140660034036113
leaf_weight=47.397291881963611 38.170063877478242 83.315137145109475 230.4036281388253 334.76635859906673 50.436989053618163 685.30512738693506 109.31367919920012 30.151274923235178 138.0629340657033 72.533947113901377 10.98858944326639 5.9528156965970984 27.393064497504383 24.484921393916011
leaf_count=766 181 494 407 323 848 2990 525 260 1436 501 106 2 529 48
internal_value=0.00890064 0.00545461 0.00758686 0.0228544 -0.0124055 0.00465798 -0.00357925 0.00928266 -0.0116659 0.00268505 0.0170296 -0.0196723 -0.00119796 -0.0236927
internal_weight=1888.68 1515.74 1354.59 372.936 161.145 1124.19 408.734 715.456 299.42 136.873 83.5225 53.3501 110.708 162.548
internal_count=9416 8912 7041 504 1871 6634 3384 3250 2859 1375 607 768 1023 1484
cat_boundaries=0 1
cat_threshold=142
is_linear=0
shrinkage=0.03


Tree=94
num_leaves=15
num_cat=0
split_feature=71 39 79 73 26 85 72 35 79 74 5 3 3 0
split_gain=114.648 54.8978 53.095 51.2884 48.5145 54.4371 47.834 39.7614 37.8146 37.4313 36.8826 94.9798 63.3336 42.7481
threshold=0.0012733448813535507 0.00083302147217019929 0.083235892202222703 0.11226355459370242 0.0020439880431399504 0.086612308857969431 0.050806394919294194 0.03804123686088668 1.0000000180025095e-35 0.34042874528182515 43133.314293764706 2741.5000000000005 2465.5000000000005 28.500000000000004
decision_type=2 2 2 2 2 2 2 2 2 2 2 2 2 2
left_child=2 3 4 -2 7 -6 -5 10 9 -3 11 -1 -12 -14
right_child=1 8 -4 6 5 -7 -8 -9 -10 -11 12 -13 13 -15
leaf_value=0.0051006230450494688 0.02443899923998645 0.012417391889934938 -0.035652264810056476 -0.032765378503536079 -0.033793961243042597 0.031003701177711143 0.015494508586580231 0.02022785645164479 -0.048854505942227164 -0.05244946034999378 -0.028053247230579493 -0.026107482381112691 0.016070203845536268 -0.04473640236173005
leaf_weight=398.56019126158208 578.95570349972695 64.808465755544603 29.69874968053773 27.258955784607679 53.565177267417312 13.996645387262104 52.445559466257691 149.22952280379832 13.21759793628007 8.1216427590697986 34.025515490677208 111.4804192148149 344.58866012934595 9.7867806609719974
leaf_count=3291 935 334 518 574 494 32 112 296 125 61 241 1329 936 70
internal_value=0.0092425 0.018396 0.00327706 0.0213379 0.00434476 -0.0201136 -0.00121186 0.00593969 -0.00408329 0.00458195 0.00354661 -0.00175832 0.0104996 0.0142697
internal_weight=1889.74 744.808 1144.93 658.66 1115.23 67.5618 79.7045 1047.67 86.1477 72.9301 898.442 510.041 388.401 354.375
internal_count=9348 2141 7207 1621 6689 526 686 6163 520 395 5867 4620 1247 1006
is_linear=0
shrinkage=0.03


Tree=95
num_leaves=15
num_cat=1
split_feature=65 63 37 39 72 39 6 71 76 77 77 48 71 48
split_gain=89.274 61.0161 57.7846 57.3153 56.8557 54.109 49.7339 42.9299 51.1326 40.7581 53.2544 40.6642 40.4764 35.6834
threshold=0.002230400606513755 0.0012799191126505747 0.00018609526637347517 0.0018844002217424805 0.031029834067490488 0.024070098164239214 0 0.0012733448813535507 0.017411548039012247 0.0039842602538527313 0.065238254193440717 0.0095551634758811732 0.0024435964516997103 0.24940640250086507
decision_type=2 2 2 2 2 2 9 2 2 2 2 2 2 2
left_child=1 5 -3 7 -5 6 9 8 -2 -1 13 12 -8 -11
right_child=3 2 -4 4 -6 -7 11 -9 -10 10 -12 -13 -14 -15
leaf_value=-0.016024078467581682 -0.0081649037332073571 -0.03293283707518737 0.011501474675426178 -0.046228225717029905 0.02209258050090513 -0.044759454003545189 0.0029195663255565029 0.028350312773931248 0.027611398112189208 0.012232829956923317 -0.038532563154757671 0.024271213920310546 0.018552634442629279 -0.044680412850980893
leaf_weight=120.49817859986797 75.999183072708547 69.300197523552924 41.46666127210483 21.938229682855308 20.143717505037785 17.062503225635737 442.92111826874316 334.88961133221164 66.652602702379227 213.62918210960925 21.766166049055755 179.42463528178632 224.03140410780907 9.4263378372415882
leaf_count=2144 621 1174 189 269 23 180 2552 501 75 798 254 280 279 66
internal_value=0.00898799 0.00488645 -0.0163443 0.0195316 -0.0137708 0.00681204 0.00757456 0.0224889 0.00862706 -0.00176569 0.00521691 0.0114887 0.00819068 0.00963899
internal_weight=1859.15 1339.53 110.767 519.623 42.0819 1228.76 1211.7 477.541 142.652 365.32 244.822 846.377 666.953 223.056
internal_count=9405 7916 1363 1489 292 6553 6373 1197 696 3262 1118 3111 2831 864
cat_boundaries=0 1
cat_threshold=562
is_linear=0
shrinkage=0.03


Tree=96
num_leaves=15
num_cat=1
split_feature=6 84 73 16 4 40 39 76 39 48 73 51 48 4
split_gain=123.021 61.2372 54.9409 54.0051 51.1135 40.3948 44.5104 33.6324 65.9955 47.9473 51.4493 49.441 42.2688 39.6433
threshold=0 0.00085094355653132683 0.0711879253419581 0.00096065228760920033 0.0002671764703322252 0.011406069711073082 0.005636965852829307 0.0037712145633829529 0.00025767954739193129 0.087251845775225614 0.046827972585169082 0.11807032366133165 0.22697556471257177 0.00014256950016160327
decision_type=9 2 2 2 2 2 2 2 2 2 2 2 2 2
left_child=1 3 4 5 7 6 -1 9 -9 10 13 12 -11 -2
right_child=2 -3 -4 -5 -6 -7 -8 8 -10 11 -12 -13 -14 -15
leaf_value=0.014491717949117923 -0.0048900824560136951 -0.037619555061362588 -0.033675596289285258 -0.037580281252416629 -0.045750376050120521 0.026779259553883456 -0.052820849734916173 0.018415186731272761 -0.027107742971464885 0.028279159445801939 0.037163183896543099 -0.040296963571287724 -0.015629432947463353 -0.038889312118553898
leaf_weight=566.94235142040998 418.3993669655174 17.72998558357358 39.287840399891138 14.958952006883917 18.613336942158639 321.85601961519569 8.0222205407917482 217.81096373870969 32.080707622226328 105.9934663772583 23.585891546681523 12.454280939884482 23.511435659602284 32.372840436175466
leaf_count=1449 4517 143 1057 162 204 375 54 415 223 155 76 86 139 395
internal_value=0.00843268 0.0160502 0.000581783 0.0173098 0.00214574 0.0182662 0.0134625 0.00322652 0.0124863 -0.00054208 -0.00512257 0.0146924 0.0202489 -0.00741246
internal_weight=1853.62 929.51 924.11 911.78 884.822 896.821 574.965 866.209 249.892 616.317 474.358 141.959 129.505 450.772
internal_count=9450 2183 7267 2040 6210 1878 1503 6006 638 5368 4988 380 294 4912
cat_boundaries=0 1
cat_threshold=5512
is_linear=0
shrinkage=0.03


Tree=97
num_leaves=15
num_cat=1
split_feature=6 17 35 63 3 4 76 4 25 4 27 8 2 4
split_gain=94.9765 63.3579 59.7626 51.7614 45.0986 101.25 39.339 45.2944 43.0106 38.8029 58.3722 53.6774 62.2537 64.2951
threshold=0 0.0017852021033621928 0.082429733053467472 0.024962589267436382 2944.5000000000005 0.00012291054536075815 0.0037712145633829529 2.2179731450359234e-05 0.0007006245488867369 4.6132214730112568e-05 0.0033114760687617734 1.5000000000000002 1666.0000000000002 0.00011964102579857128
decision_type=9 2 2 2 2 2 2 2 2 2 2 2 2 2
left_child=1 4 3 6 5 -1 7 -2 9 10 -9 -11 -13 -14
right_child=2 -3 -4 -5 -6 -7 -8 8 -10 11 -12 12 13 -15
leaf_value=0.006849764329706241 0.032840079515176812 0.024699979438757614 -0.042054429054839026 -0.028557785746015054 0.018299160891185502 -0.05069757802269536 0.015449505210606446 -0.028310837416517184 0.028789500248040605 -0.0085293943497709596 0.027102123250719701 -0.032604563898566696 0.023864081825945117 -0.033188245575574683
leaf_weight=237.82607716321945 36.919666475616395 395.311353828758 26.027415875345469 43.001396927051246 230.50901843328029 30.099337983876467 229.10820586513728 95.161437773145735 39.890936921350658 249.6172287799418 19.976464703679085 23.967734079807997 167.11069402005523 19.00233519077301
leaf_count=844 172 390 188 1001 608 187 462 1890 110 1533 24 592 1046 364
internal_value=0.00862621 0.0155674 0.00190132 0.00320449 0.00860105 0.000220289 0.00478586 0.00101878 -0.000942601 -0.00305228 -0.0185461 0.000860194 0.0120044 0.0178927
internal_weight=1843.53 893.746 949.784 923.756 498.434 267.925 880.755 651.646 614.727 574.836 115.138 459.698 210.081 186.113
internal_count=9411 2029 7382 7194 1639 1031 6193 5731 5559 5449 1914 3535 2002 1410
cat_boundaries=0 1
cat_threshold=392
is_linear=0
shrinkage=0.03


Tree=98
num_leaves=15
num_cat=1
split_feature=33 6 49 1 35 46 76 17 0 50 0 35 40 72
split_gain=100.346 61.3381 74.4198 57.1198 63.1534 79.7828 72.0742 56.4365 56.7749 52.5828 58.1499 124.728 44.6776 42.0856
threshold=0.0021176534599949303 0 0.071072542755121232 22.500000000000004 0.0085822640113242931 0.0078496365053258663 0.028700271599991098 0.032924312898342627 27.500000000000004 0.0440859137286716 18.500000000000004 0.00065524455899105985 0.00076732064818208455 0.0016507747578064372
decision_type=2 9 2 2 2 2 2 2 2 2 2 2 2 2
left_child=1 7 3 4 5 -3 -6 8 9 10 11 -1 13 -2
right_child=12 2 -4 -5 6 -7 -8 -9 -10 -11 -12 -13 -14 -15
leaf_value=-0.033991543520357229 -0.044169169660766873 -0.033870539834107496 0.007419097091581831 -0.036898176365459355 0.030430440027737832 0.034871381594505937 -0.045054316889923327 0.02445237168652099 -0.035675733015949895 0.033590520278424942 0.0090822125554374331 0.024682278764953516 0.024580803200599178 0.018548400840235936
leaf_weight=88.346785319503397 16.480580203235149 81.226969565730542 245.5375451054424 78.13419868145138 56.747675752267241 17.783090893179178 13.245899690315126 170.95519995968789 28.134570885449648 60.535056993365288 537.23702677013353 50.460784267634153 362.05926067382097 20.557548400014639
leaf_count=1086 164 1952 1077 989 162 118 76 315 280 55 2699 55 416 28
internal_value=0.00809455 0.0043715 -0.00418018 -0.0158563 -0.00596829 -0.0212987 0.015712 0.00882444 0.00541862 0.00703451 0.0046105 -0.0126378 0.0213749 -0.00978609
internal_weight=1827.44 1428.34 492.675 247.138 169.004 99.0101 69.9936 935.669 764.714 736.58 676.045 138.808 399.097 37.0381
internal_count=9472 8864 4374 3297 2308 2070 238 4490 4175 3895 3840 1141 608 192
cat_boundaries=0 1
cat_threshold=5404
is_linear=0
shrinkage=0.03


Tree=99
num_leaves=15
num_cat=0
split_feature=33 63 39 57 38 40 71 2 77 1 85 63 45 2
split_gain=71.8614 75.6096 51.0236 49.8927 45.8391 45.2956 45.1498 44.6185 39.8873 45.5688 31.6398 29.2402 27.9657 36.1578
threshold=0.0043287909099183194 0.0012039038637777896 0.006054949771224478 0.12984883566743849 0.12988728986245546 0.0024980265600575758 0.035007835644002998 4629.0000000000009 0.018064272391107885 54.500000000000007 0.00894019529634907 0.00057554762321191028 0.35467623201809756 3714.0000000000005
decision_type=2 2 2 2 2 2 2 2 2 2 2 2 2 2
left_child=1 2 3 6 -4 11 8 10 12 -10 -3 -2 13 -1
right_child=5 7 4 -5 -6 -7 -8 -9 9 -11 -12 -13 -14 -15
leaf_value=-0.0030471635879803336 0.011627064822152852 -0.029730061323366419 -0.047493995325809578 -0.03912750545480586 0.042107622873680112 0.025509134900226788 0.024697860551780276 0.0072591219451883194 0.018355498545749849 -0.027218572417957002 0.022510873949226143 -0.041724017325436985 0.032169162944887093 0.010635521209672091
leaf_weight=409.010666789487 22.707684889435768 96.253091977909207 24.022021166514609 17.734155011363328 5.6354713439941397 296.64206087961793 168.065604519099 64.102673867251724 362.14759141765535 20.017044955864549 10.956242544576524 14.239435693249105 29.35981182102114 300.86445694928989
leaf_count=3312 48 1580 245 159 1 317 240 371 1052 104 19 136 193 1637
internal_value=0.00903418 0.0062388 0.00864443 0.00953525 -0.0296499 0.0216157 0.0102343 -0.0124751 0.00804657 0.0159036 -0.0242326 -0.00949215 0.00396869 0.00275874
internal_weight=1841.76 1508.17 1336.86 1307.2 29.6575 333.589 1289.47 171.312 1121.4 382.165 107.209 36.9471 739.235 709.875
internal_count=9414 8913 6943 6697 246 501 6538 1970 6298 1156 1599 184 5142 4949
is_linear=0
shrinkage=0.03


Tree=100
num_leaves=15
num_cat=0
split_feature=33 37 82 40 63 71 63 17 63 44 79 75 48 72
split_gain=76.4156 65.9475 50.6732 40.8176 39.5873 46.2909 40.742 33.5004 35.2259 36.9581 32.6448 37.4366 31.6391 33.5689
threshold=0.0023738984813624318 0.0069248572302128501 0.00039108623168456158 0.00046222943500970825 0.0074733338207577833 0.00064874768954745611 0.84873562535286606 0.0017852021033621928 0.00074446308180835957 0.00091063428462759787 0.0019658986620296579 0.00055376153894945576 0.21135340596319482 0.041814904576416505
decision_type=2 2 2 2 2 2 2 2 2 2 2 2 2 2
left_child=1 2 4 -2 5 10 -6 8 9 -7 12 -12 13 -1
right_child=3 -3 -4 -5 6 7 -8 -9 -10 -11 11 -13 -14 -15
leaf_value=0.0090514998518983845 -0.011352310623743648 -0.046990122696062842 -0.02526707380983656 0.023710788187161616 -0.017747534625327851 0.015652248643504226 0.056768890694785037 0.026253035656240962 -0.039184743401049042 -0.049353992600265642 -0.00096758772707278859 -0.043109518712809859 -0.022942093236438629 -0.031033429732712132
leaf_weight=784.09415976284072 32.244162349030375 20.481143355369568 44.241993808187544 331.7137197162956 84.164158992469311 125.29713171347976 6.1892289854586116 188.97498416248709 12.518304116092621 7.4307710137218228 83.26942949462682 23.588191904593259 29.734183851629496 18.306732180528343
leaf_count=5027 190 240 287 395 1338 318 9 346 137 41 477 259 183 153
internal_value=0.00832823 0.00519354 0.00598554 0.0205818 0.00701733 0.00838081 -0.0120776 0.0179537 0.00704996 0.011671 0.00495801 -0.0105836 0.00696408 0.00809948
internal_weight=1792.25 1428.29 1407.81 363.958 1363.57 1273.21 90.3534 334.221 145.246 132.728 938.993 106.858 832.135 802.401
internal_count=9400 8815 8575 585 8288 6941 1347 842 496 359 6099 736 5363 5180
is_linear=0
shrinkage=0.03


Tree=101
num_leaves=15
num_cat=0
split_feature=71 72 71 37 48 2 4 4 80 1 3 48 0 3
split_gain=67.5815 85.1389 50.8884 42.5957 52.7181 44.1808 70.0672 57.9657 50.5286 45.6279 49.6489 41.829 40.6604 41.0905
threshold=0.013052964367016419 0.015735828146709197 0.02191011927475044 0.00018609526637347517 0.087251845775225614 3714.0000000000005 0.00010198321243730629 0.00021419456511935088 0.76253120453674994 5.5000000000000009 4915.5000000000009 0.22697556471257177 24.500000000000004 3781.5000000000005
decision_type=2 2 2 2 2 2 2 2 2 2 2 2 2 2
left_child=3 2 -2 4 5 6 9 12 -9 -1 -11 -6 13 -7
right_child=1 -3 -4 -5 11 7 -8 8 -10 10 -12 -13 -14 -15
leaf_value=-0.023553346780221543 0.025708724654751016 0.024679745819960075 -0.019940229224868312 0.015966136185997206 0.024474632121536527 -0.019572386676283509 -0.039246319297669724 -0.04403819083874979 0.042900883749250794 0.0044536023571431667 -0.039694877906121855 -0.012355188905193118 0.023794675215469355 0.010077199410948852
leaf_weight=76.979516592808068 30.573433021549135 375.78003209177405 71.519505780190229 254.65013925544918 141.6458668699488 54.522654881700873 51.496999108698219 30.946633279323578 6.5677725262939921 357.20313258562237 23.494774520862848 33.798761900514364 132.29889993090183 172.75497330911458
leaf_count=1260 99 430 995 570 229 476 511 341 9 2602 287 185 441 1028
internal_value=0.00842169 0.0180935 -0.00615312 0.00495217 0.00234698 -0.000573334 -0.00641744 0.00691764 -0.0280988 -0.00264609 0.00163212 0.0173497 0.0106387 0.00290985
internal_weight=1814.23 477.873 102.093 1336.36 1081.71 906.265 509.174 397.091 37.5144 457.677 380.698 175.445 359.577 227.278
internal_count=9463 1524 1094 7939 7369 6955 4660 2295 350 4149 2889 414 1945 1504
is_linear=0
shrinkage=0.03


Tree=102
num_leaves=15
num_cat=1
split_feature=33 44 37 79 17 0 49 14 2 42 37 72 4 6
split_gain=78.968 57.4951 43.3575 39.3642 36.026 37.778 75.3299 46.4961 42.2305 38.1993 34.2683 31.8457 32.9547 31.3228
threshold=0.0047993061713717741 0.0040190423607358514 0.015682034213965777 0.049450913551770691 0.077346834283250482 19.500000000000004 0.14576567274097749 0.064502962475312717 4561.5000000000009 0.0054155421887205355 0.0018336031415425635 0.0026533028092260683 0.00010103330020511213 0
decision_type=2 2 2 2 2 2 2 2 2 2 2 2 2 9
left_child=1 2 3 4 5 6 7 8 -1 -9 -3 12 -2 -7
right_child=11 10 -4 -5 -6 13 -8 9 -10 -11 -12 -13 -14 -15
leaf_value=-0.030335402759197969 0.017841806829418997 -0.024696268854866737 -0.046770432528949968 -0.022998415664562254 0.020493055290658205 0.014467001798868515 0.022122242179081337 -0.034671723574565799 0.0012314371098470342 0.023125319143811076 0.01301069127931671 0.028048207911225073 -0.021250048658586609 0.0021820423454909695
leaf_weight=107.92201729398221 72.354688113555312 82.027557333931327 12.15747698349878 35.01502437889576 201.13350338162854 519.12371653784066 82.863462222740054 12.052160542458294 58.580227056052536 48.505828758701682 28.64750700071454 232.08276859670877 25.459200764074922 311.57878399454057
leaf_count=1372 179 690 164 463 799 1659 305 157 502 89 59 197 120 2645
internal_value=0.00874508 0.00581353 0.00747415 0.00798675 0.00881188 0.00673592 -0.00219758 -0.0111309 -0.0192882 0.0112463 -0.014907 0.0220131 0.00755482 0.0100675
internal_weight=1829.5 1499.61 1388.93 1376.77 1341.76 1140.63 309.924 227.06 166.502 60.558 110.675 329.897 97.8139 830.703
internal_count=9400 8904 8155 7991 7528 6729 2425 2120 1874 246 749 496 299 4304
cat_boundaries=0 1
cat_threshold=1420
is_linear=0
shrinkage=0.03


Tree=103
num_leaves=15
num_cat=0
split_feature=33 40 37 16 72 82 72 74 38 38 57 80 42 0
split_gain=70.8875 60.7841 47.5495 39.2003 38.4198 37.7302 36.0016 34.412 32.0439 41.7889 35.6474 31.0825 54.9316 34.8564
threshold=0.015168909607295651 0.0026863969805547444 0.020904115275790121 0.00094809244429423193 0.23174737479626284 0.00086250344833999255 0.034828780383460468 0.42882191401928249 0.19613219800837065 0.12988728986245546 0.12984883566743849 0.22051076980800469 0.12673207040739617 25.500000000000004
decision_type=2 2 2 2 2 2 2 2 2 2 2 2 2 2
left_child=2 -2 3 4 5 8 -4 -6 9 10 11 12 13 -1
right_child=1 -3 6 -5 7 -7 -8 -9 -10 -11 -12 -13 -14 -15
leaf_value=0.0025909997974136265 -0.035248236924442636 0.027515857955028651 -0.058464490578521669 -0.035785015722309972 0.024979704084034732 -0.040383596539216332 0.027663798616072377 -0.021629076933954185 -0.036199932102495079 0.038269271505168685 -0.040291135075747629 0.020032805505803605 -0.046385090142552959 0.016057204445723131
leaf_weight=922.98454977758229 14.009698718786238 213.18328247219324 16.458614127244804 18.755989749450237 146.77146083675325 15.223547905683516 5.1546736955642691 15.015926398336886 15.280402144417165 34.548578708432615 14.281074289232491 124.05566032603383 17.955308264121413 212.06497552525252
leaf_count=6222 110 202 188 319 230 121 3 56 213 59 112 345 110 1138
internal_value=0.00788769 0.023508 0.00559707 0.00622871 0.00677097 0.00511381 -0.0376083 0.0205475 0.00565995 0.00616929 0.00528154 0.00582229 0.0042773 0.00511885
internal_weight=1785.74 227.193 1558.55 1536.94 1518.18 1356.39 21.6133 161.787 1341.17 1325.89 1291.34 1277.06 1153 1135.05
internal_count=9428 312 9116 8925 8606 8320 191 286 8199 7986 7927 7815 7470 7360
is_linear=0
shrinkage=0.03


Tree=104
num_leaves=15
num_cat=1
split_feature=72 48 71 17 8 85 5 3 48 35 6 76 5 4
split_gain=99.0685 73.5043 64.3831 51.3647 53.449 52.0415 56.6183 72.6606 45.4265 40.7322 38.0116 46.7085 66.7048 48.2287
threshold=0.0026533028092260683 0.16024017458896619 0.02191011927475044 0.0046478204354909866 1.5000000000000002 0.041206685163738647 22255.968235855471 636.50000000000011 0.1278369912132078 0.00065524455899105985 0 0.0038670620422451446 110667.79489578349 2.1656320587856765e-05
decision_type=2 2 2 2 2 2 2 2 2 2 9 2 2 2
left_child=1 2 8 4 -2 6 7 -6 10 -8 -1 12 13 -12
right_child=3 -3 -4 -5 5 -7 9 -9 -10 -11 11 -13 -14 -15
leaf_value=0.014182398205856307 0.02217518895241561 -0.035341599641526139 -0.033867329636110749 0.024717292815123831 -0.030788020124568636 0.03491588104492601 -0.041860232033031991 0.021847706882571365 0.030675303394223728 0.013958781389287491 0.034329727908641652 0.0097787639017789061 -0.047103217374473531 -0.0054718786945906718
leaf_weight=193.06743195559829 137.50807385519147 46.67218027357012 40.485238579101861 309.73733297176659 33.475153085775673 28.448823925107718 52.226690324954689 73.952810199931264 54.420890780165792 14.566153813153504 28.279873099178076 261.02837256528437 32.011680853553116 427.03046096442267
leaf_count=1178 168 288 889 362 286 24 397 190 53 25 112 724 246 4462
internal_value=0.00664417 0.00108378 0.00275673 0.0158939 0.00781119 -0.00199559 -0.00818779 0.00531344 0.00427814 -0.0296609 0.00272126 -0.00043406 -0.00592215 -0.00292994
internal_weight=1732.91 1083 1036.32 649.915 340.178 202.67 174.221 107.428 995.839 66.7928 941.418 748.35 487.322 455.31
internal_count=9404 7952 7664 1452 1090 922 898 476 6775 422 6722 5544 4820 4574
cat_boundaries=0 1
cat_threshold=400
is_linear=0
shrinkage=0.03


Tree=105
num_leaves=15
num_cat=1
split_feature=6 17 63 27 5 1 36 5 4 0 35 48 79 2
split_gain=78.1878 74.4417 62.4708 52.9577 47.8821 67.1323 52.528 43.7953 48.6195 43.32 53.9799 65.8753 39.8976 39.6254
threshold=0 0.015772921915252914 0.0012039038637777896 0.0024978652065998264 101926.07761132518 46.500000000000007 0.38469785140651752 20410.397594998722 4.8614086290193773e-05 17.500000000000004 0.002520186312098742 0.036078836992203087 0.031669059600984255 2246.5000000000005
decision_type=9 2 2 2 2 2 2 2 2 2 2 2 2 2
left_child=3 2 9 4 5 6 7 8 -1 10 11 -2 -11 -10
right_child=1 -3 -4 -5 -6 -7 -8 -9 13 12 -12 -13 -14 -15
leaf_value=-0.033954253643595507 -0.036404297515444231 0.023161752274893969 -0.013876381517224768 0.015569513135415139 -0.038922474041779835 0.029204204397736994 0.015517779549120295 -0.034209363953090148 0.026786511821417999 0.013145490998653291 0.0200489119692202 0.02933896058119842 -0.03806115878523484 -0.01557065898451764
leaf_weight=36.538337078876793 60.707916868384928 330.24616035632789 116.18800780875608 96.19599150121212 42.571175852324814 42.606743807904422 52.086789332330227 85.433846432715654 42.53703672811389 724.92107768636197 41.494021773338318 16.820229897275567 13.016329951584337 35.682960497681051
leaf_count=988 837 585 1380 133 295 204 104 1041 322 2702 69 25 200 540
internal_value=0.00717003 0.010791 0.00668412 -0.00387205 -0.00955813 -0.00520173 -0.0111048 -0.0180743 -0.0058705 0.00948467 -0.00726239 -0.0219489 0.012192 0.00751108
internal_weight=1737.05 1303.39 973.148 433.653 337.457 294.886 252.279 200.192 114.758 856.96 119.022 77.5281 737.937 78.22
internal_count=9425 5798 5213 3627 3494 3199 2995 2891 1850 3833 931 862 2902 862
cat_boundaries=0 1
cat_threshold=6690
is_linear=0
shrinkage=0.03


Tree=106
num_leaves=15
num_cat=1
split_feature=33 6 2 63 39 28 45 44 44 76 51 50 63 3
split_gain=72.1658 53.5754 100.724 49.3902 53.4087 45.2574 43.3143 37.6416 47.0074 38.9416 39.4813 53.0832 37.2293 36.427
threshold=0.014617979532486468 0 2221.5000000000005 0.0064925747804643694 0.023514053140838584 0.0045003347701046735 0.29601610399179018 0.007005796538692737 0.032280247405344888 0.18698044461763666 0.10733131550848342 0.17165114464324785 0.84873562535286606 8700.5000000000018
decision_type=2 9 2 2 2 2 2 2 2 2 2 2 2 2
left_child=1 3 -3 4 5 6 13 9 -9 10 -7 -12 -5 -1
right_child=-2 2 -4 12 -6 7 -8 8 -10 -11 11 -13 -14 -15
leaf_value=-0.0061092573309202017 0.022633953600977367 0.010103129876732229 -0.037527163444818511 -0.01864312353982369 -0.042402336995799213 0.017836825502017678 0.034213302197379385 -0.05150735411056305 0.0051028459854534306 -0.038702839389871263 -0.05477282620705088 0.013975721364550194 0.0510084860285131 0.016805273376609371
leaf_weight=324.44043918885291 224.9837444331497 84.402348554460332 74.328528869897127 94.195265043526888 17.628567999694496 668.47900344524533 31.651625907048583 15.578999701887367 64.110538714565337 10.952834147959946 15.262478597462176 25.926040299236774 6.4914234317839137 76.26856399141252
leaf_count=2877 322 710 1269 1280 213 1698 76 94 278 51 78 41 10 381
internal_value=0.00682056 0.00445057 -0.0115715 0.00637862 0.00805578 0.00881118 0.000986338 0.013032 -0.00646542 0.0151941 0.0160792 -0.0121936 -0.0136951 -0.00171686
internal_weight=1734.7 1509.72 158.731 1350.99 1250.3 1232.67 432.361 800.31 79.6895 720.62 709.668 41.1885 100.687 400.709
internal_count=9378 9056 1979 7077 5787 5574 3334 2240 372 1868 1817 119 1290 3258
cat_boundaries=0 1
cat_threshold=414
is_linear=0
shrinkage=0.03


Tree=107
num_leaves=15
num_cat=1
split_feature=72 71 24 41 14 62 75 33 37 14 0 0 6 27
split_gain=71.1859 64.6076 35.9538 35.7154 35.8442 31.8129 27.8612 29.9962 31.8146 26.6633 32.8971 34.3061 59.9056 79.2155
threshold=0.031029834067490488 0.0012733448813535507 0.0055609499651497743 0.1328649010205519 0.86765721025929732 0.0015925020540233502 0.13517474374332314 0.11928922454773097 0.033615044147606278 0.78546102662350126 29.500000000000004 25.500000000000004 0 0.00068516623320532936
decision_type=2 2 2 2 2 2 2 2 2 2 2 2 9 2
left_child=3 2 -2 4 5 6 7 8 9 10 11 12 -1 -14
right_child=1 -3 -4 -5 -6 -7 -8 -9 -10 -11 -12 -13 13 -15
leaf_value=0.010190934890265532 -0.022783476036657292 0.022101066557656521 0.049483449617597715 -0.036964735910370833 -0.034028247595564928 -0.0361424163201675 -0.028435231937687412 0.032610333682094692 -0.030204204861049959 0.043032267919467633 -0.038332094640403422 0.017528507439261123 -0.015472774386900158 0.01192832663656399
leaf_weight=550.23989423341118 45.530282362364233 393.28573411982507 6.192396752536296 17.817774857860059 20.202514638192952 15.464109091553835 20.009268110152334 37.210658892989159 20.969519913196564 16.498957632109523 14.097496512345968 200.02069117501378 248.22546596731991 152.4882748760283
leaf_count=2468 342 564 3 303 202 224 374 23 131 16 199 955 3381 244
internal_value=0.00760264 0.0179591 -0.013357 0.00408224 0.00467489 0.00531422 0.00585138 0.00642723 0.00559061 0.00625087 0.00569354 0.00626559 0.00388066 -0.00491932
internal_weight=1758.25 445.008 51.7227 1313.24 1295.43 1275.22 1259.76 1239.75 1202.54 1181.57 1165.07 1150.97 950.954 400.714
internal_count=9429 909 345 8520 8217 8015 7791 7417 7394 7263 7247 7048 6093 3625
cat_boundaries=0 1
cat_threshold=1324
is_linear=0
shrinkage=0.03


Tree=108
num_leaves=15
num_cat=0
split_feature=33 37 59 83 16 71 37 48 5 2 27 57 87 28
split_gain=77.3118 48.796 38.328 38.0471 32.9731 41.4408 41.3372 50.5352 38.1761 36.8955 36.9394 45.7034 42.2657 58.8667
threshold=0.0021176534599949303 0.0069248572302128501 0.10548683558716758 0.0024246102904664029 0.00094809244429423193 0.00064874768954745611 0.00018609526637347517 0.099021214959755771 2697.5425580159108 15891.500000000002 0.001318841163090835 0.0013989354509245384 0.0013506388138944195 0.034253123843184567
decision_type=2 2 2 2 2 2 2 2 2 2 2 2 2 2
left_child=1 2 3 4 5 6 7 9 -7 10 11 12 13 -1
right_child=-2 -3 -4 -5 -6 8 -8 -9 -10 -11 -12 -13 -14 -15
leaf_value=-0.018214915411164757 0.018776920218280244 -0.044438808461330484 -0.036235504129837975 -0.042129156564920035 -0.035739235784251804 -0.042202658205708447 0.021983089640569709 0.016270155698476545 0.014562136124684601 0.018780258863055569 0.0072730007437907772 -0.039175211218922257 0.026498861042793188 0.0060058033932895612
leaf_weight=258.37950801756233 329.86784550733864 18.570293575059623 20.738442287780344 14.951431688386945 17.090001593809575 10.016825186088679 78.92547229770571 131.6965506952256 390.88610046822578 57.484369417652488 140.82928490266204 43.430366425774992 30.193639868404716 137.93492042412981
leaf_count=3625 584 241 234 130 308 127 161 277 1460 374 282 431 233 942
internal_value=0.005779 0.00259412 0.00328239 0.00393425 0.00449737 0.00506217 0.00141128 -0.000643316 0.0130424 -0.00399589 -0.00616673 -0.0102012 -0.0071661 -0.00979114
internal_weight=1681 1351.13 1332.56 1311.82 1296.87 1279.78 878.874 799.949 400.903 668.252 610.768 469.938 426.508 396.314
internal_count=9409 8825 8584 8350 8220 7912 6325 6164 1587 5887 5513 5231 4800 4567
is_linear=0
shrinkage=0.03


Tree=109
num_leaves=15
num_cat=1
split_feature=33 6 44 35 0 3 7 49 51 35 52 5 38 76
split_gain=72.3982 77.591 50.0533 51.312 37.9965 66.848 57.9184 49.8611 63.5264 46.7392 56.557 44.4226 39.7365 38.7555
threshold=0.00031870745742949949 0 0.00041749496051641963 0.060450521214703186 21.500000000000004 8089.0000000000009 1.5000000000000002 0.020706271198019214 0.22693230007422444 0.0023008768743014488 0.99799105881973205 139251.20275001394 0.012489433534750962 0.0048223405222457593
decision_type=2 9 2 2 2 2 2 2 2 2 2 2 2 2
left_child=2 -2 3 4 7 6 13 9 -9 10 12 -8 -1 -6
right_child=1 -3 -4 -5 5 -7 11 8 -10 -11 -12 -13 -14 -15
leaf_value=-0.025192913623230211 0.023737908045729467 -0.0088586839534089083 -0.016646197805570258 0.021912492981480666 -0.021981046590294512 0.030500833182415796 0.010390352111374112 0.016420471193487829 -0.03858307163202436 0.015594610141149268 0.038454161644702695 -0.056807412063399981 0.011146298536848145 0.026462882634396088
leaf_weight=202.88441614154726 310.8950113132596 80.744702494703233 109.46864220453426 133.52512477338314 103.55889690667391 92.804794440977275 358.46388618322089 140.56489754933864 20.845828782301396 47.102494763210416 14.771312370896338 8.0953367524780315 30.648240836337209 16.457779017277062
leaf_count=2915 320 425 831 251 1210 259 2000 401 276 131 20 58 208 29
internal_value=0.006122 0.0173909 0.00266099 0.00448053 0.00221528 0.00731083 0.00283431 -0.00424926 0.00912306 -0.0115621 -0.0167555 0.0087558 -0.0203967 -0.0151742
internal_weight=1670.83 391.64 1279.19 1169.72 1036.2 579.381 486.576 456.817 161.411 295.406 248.304 366.559 233.533 120.017
internal_count=9334 745 8589 7758 7507 3556 3297 3951 677 3274 3143 2058 3123 1239
cat_boundaries=0 1
cat_threshold=10
is_linear=0
shrinkage=0.03


Tree=110
num_leaves=15
num_cat=1
split_feature=72 74 6 5 87 17 82 72 87 4 4 17 28 72
split_gain=81.2613 80.8273 44.6764 44.3586 40.3805 39.1643 38.6592 38.4943 33.273 32.2696 55.483 32.2098 28.5745 32.481
threshold=0.00030315390803410935 0.00044877320130631826 0 193560.91817608211 0.0033553822159068446 0.015772921915252914 0.0012981992057440976 0.45291373133239637 0.0029080542891757647 2.2179731450359234e-05 3.166275345010442e-05 0.91808795682250677 0.0045003347701046735 0.067526796760477001
decision_type=2 2 9 2 2 2 2 2 2 2 2 2 2 2
left_child=1 3 5 4 8 6 12 11 9 -1 -11 -4 13 -2
right_child=2 -3 7 -5 -6 -7 -8 -9 -10 10 -12 -13 -14 -15
leaf_value=0.028737954451246165 0.0072370249371168276 -0.040994400796757278 -0.022527253379433017 -0.038544361484501202 -0.035953366818519752 0.027275267914513627 -0.02583261813776648 0.038298656682489732 0.042499968421499848 -0.029058241778710782 0.004496969235607079 0.04478346485641406 0.017308342049669991 -0.047529175046148231
leaf_weight=43.997308252379298 35.843288749456406 38.329062809702009 63.122402937151492 21.725005591288209 21.380294286180288 228.50167950615287 22.545881607569754 13.147066548466681 19.650360433384776 45.91650402941741 811.45753672067076 6.1760651171207419 306.12678142357618 12.285464219748972
leaf_count=210 82 601 646 128 342 209 156 14 18 904 5569 3 498 74
internal_value=0.00661624 0.00116419 0.0145499 0.00288096 0.00387577 0.0172034 0.0114949 -0.00622094 0.00483834 0.00397111 0.00266817 -0.0159766 0.0139366 -0.00742562
internal_weight=1690.2 1002.46 687.749 964.127 942.402 605.303 376.801 82.4455 921.022 901.371 857.374 69.2985 354.256 48.1288
internal_count=9454 7772 1682 7171 7043 1019 810 663 6701 6683 6473 649 654 156
cat_boundaries=0 1
cat_threshold=270
is_linear=0
shrinkage=0.03


Tree=111
num_leaves=15
num_cat=1
split_feature=6 17 79 75 2 2 2 2 16 4 37 4 57 49
split_gain=63.5293 72.7757 59.0102 48.5104 46.5915 52.6617 60.1278 40.8283 37.1752 35.2856 33.3536 58.9674 35.4637 37.9632
threshold=0 0.015772921915252914 0.03669614486185372 0.089188317504242234 4406.0000000000009 2246.5000000000005 2204.5000000000005 619.50000000000011 0.00039176028858971213 0.00028053577704369501 0.00078416020971059253 0.00022667993500616058 0.15773883761536545 0.0016945493828262707
decision_type=9 2 2 2 2 2 2 2 2 2 2 2 2 2
left_child=1 2 3 7 5 6 -2 -1 10 -6 11 12 13 -9
right_child=4 -3 -4 -5 9 -7 -8 8 -10 -11 -12 -13 -14 -15
leaf_value=-0.030523499180226357 -0.0051283564382364243 0.023897959674865313 -0.038781427096554827 -0.028854029492196419 0.010608495783239498 -0.023840209679429486 0.04423536208350641 0.0067818181603132117 -0.032411487522123146 -0.043551395159394012 0.025676577791508965 -0.041614515861423021 -0.039213589001444928 0.024509543399912386
leaf_weight=21.671679339371622 203.02944897953421 283.34165675006807 24.388460252899677 30.446154127363116 249.01198412617669 126.63173397025093 23.920074014924467 425.46645330963656 16.891024026088417 10.341967666521667 122.14985978975892 19.449591755867004 11.81154271494597 145.65157470107079
leaf_count=212 2560 420 524 455 1227 1377 37 1819 182 120 127 128 95 173
internal_value=0.00647045 0.0107228 0.00626603 0.00769758 -0.0013278 -0.00842333 0.000245724 0.00919179 0.0103922 0.00828984 0.0114334 0.00850741 0.0102481 0.0113378
internal_weight=1714.2 1101.27 817.926 793.538 612.935 353.581 226.95 763.092 741.42 259.354 724.529 602.379 582.93 571.118
internal_count=9456 4135 3715 3191 5321 3974 2597 2736 2524 1347 2342 2215 2087 1992
cat_boundaries=0 1
cat_threshold=1420
is_linear=0
shrinkage=0.03


Tree=112
num_leaves=15
num_cat=0
split_feature=71 73 77 44 74 63 73 72 2 37 77 36 5 5
split_gain=64.2868 43.1919 41.0625 41.385 35.4608 34.9111 31.0602 30.9166 30.2198 29.5167 23.8033 44.0241 41.5179 98.2712
threshold=0.0012733448813535507 0.12231068931553642 0.078028058905806288 0.083523876434395697 0.92821013431630617 0.0078008652260984071 0.0053026965723444348 0.050806394919294194 470.00000000000006 0.0066583541147132181 0.018064272391107885 0.29443536673928833 9409.0889008153226 5434.470665737269
decision_type=2 2 2 2 2 2 2 2 2 2 2 2 2 2
left_child=2 4 3 8 5 -2 -7 -3 -1 -5 11 12 13 -10
right_child=1 7 -4 9 -6 6 -8 -9 10 -11 -12 -13 -14 -15
leaf_value=-0.028575822059084835 0.021883625138407307 -0.033196527431084123 -0.0293619355245568 -0.040269429740060127 -0.04486693762952601 0.014531253375429371 -0.022622097585413881 0.0085860659470950486 -0.016171095341313696 0.014794284009366776 0.01262597153756911 0.015908003157808059 -0.0069558268526132352 0.034691852434940933
leaf_weight=22.544461667072028 453.53787734732032 25.518123468616977 33.66992813674733 30.290347579866648 7.1264433767646542 54.387826217804104 30.924788454547524 39.185496263206005 60.341179597191513 11.563090852461753 315.13503853324801 168.15490845311433 371.75104520330206 76.527822392992675
leaf_count=410 707 602 352 394 42 317 370 116 1159 17 870 615 2974 469
internal_value=0.00714127 0.0149256 0.00277027 0.00382129 0.0176698 0.0185785 0.000957552 -0.0081468 0.00503663 -0.0250664 0.00582859 0.00264949 -0.00175653 0.0123134
internal_weight=1700.66 610.681 1089.98 1056.31 545.977 538.85 85.3126 64.7036 1014.45 41.8534 991.91 676.775 508.62 136.869
internal_count=9414 2154 7260 6908 1436 1394 687 718 6497 411 6087 5217 4602 1628
is_linear=0
shrinkage=0.03


Tree=113
num_leaves=15
num_cat=2
split_feature=17 6 39 79 76 9 50 49 36 74 4 2 76 76
split_gain=69.478 60.2636 46.5157 43.6101 38.714 40.6379 63.4128 53.6648 46.3959 39.6621 33.4434 32.1931 29.4009 36.0366
threshold=0.0040765548472272888 0 0.019514502442987251 0.041130331898574089 0.0006002219751348655 1 0.24439793793794057 0.28369433117207604 0.85591823252810395 0.44209217055569233 9.0111921653831167e-05 2748.5000000000005 0.05407613520875601 0.13590285525068946
decision_type=2 9 2 2 2 9 2 2 2 2 2 2 2 2
left_child=2 10 3 4 5 6 -1 8 9 -7 -2 -11 -6 -14
right_child=1 -3 -4 -5 12 7 -8 -9 -10 11 -12 -13 13 -15
leaf_value=0.005571192559740615 0.0021647785068942891 0.020807333592421515 -0.035535464916236353 -0.036854170923651647 0.018625861772187145 -0.038615169562271137 -0.037334351167812869 0.028834325871353969 0.048804858341964082 -0.035939829840142448 -0.042594019096315439 0.014422062438882775 -0.036428735383282347 0.0075714398893235706
leaf_weight=603.71618447080255 88.736659978982061 364.05888552870601 28.435644637327641 23.602841558400542 215.79744013631716 78.354242267087102 31.684376825112849 21.519557661376894 7.1038395483046761 16.903850470669568 17.066392586566508 30.605285003781319 19.395530498120934 92.78706115949899
leaf_count=3708 817 727 451 508 386 1320 583 138 27 130 200 47 113 242
internal_value=0.00562103 0.0153521 0.00170303 0.00266099 0.00352751 -7.3768e-05 0.00332416 -0.0133369 -0.0213218 -0.0256333 -0.00492504 -0.0038683 0.0121745 -0.000290507
internal_weight=1639.77 469.862 1169.91 1141.47 1117.87 789.887 635.401 154.487 132.967 125.863 105.803 47.5091 327.98 112.183
internal_count=9397 1744 7653 7202 6694 5953 4291 1662 1524 1497 1017 177 741 355
cat_boundaries=0 1 2
cat_threshold=162 69
is_linear=0
shrinkage=0.03


Tree=114
num_leaves=15
num_cat=1
split_feature=6 65 63 39 28 4 2 39 27 39 79 35 2 33
split_gain=62.4818 56.0763 60.2106 53.0076 39.0099 50.7399 44.1746 40.4879 36.663 34.3752 33.5721 30.5001 30.2793 29.8196
threshold=0 0.017005696700839495 0.0012039038637777896 0.044769438394420026 0.015959944061532318 0.00015435171818736716 1567.5000000000002 0.024070098164239214 0.0017756207289676884 0.00083302147217019929 0.049450913551770691 0.0023008768743014488 1626.5000000000002 0.0011018206603076711
decision_type=9 2 2 2 2 2 2 2 2 2 2 2 2 2
left_child=8 2 4 -4 5 6 -2 10 9 13 -6 -7 -10 -1
right_child=1 -3 3 -5 7 11 -8 -9 12 -11 -12 -13 -14 -15
leaf_value=-0.010135268860678099 -0.012819761011671659 0.022671094971965709 -0.02687227444316637 0.026085234416786479 0.016400115879890362 -0.040385735661311782 0.011828054954686178 -0.044519907459549125 -0.043673909371572638 -0.042952625224765811 -0.038513367906420008 0.022654064885072961 0.015601999755269517 0.015736068566258865
leaf_weight=270.20812519895844 88.56864657625556 220.51342804636806 80.330757291754708 20.652509699575603 473.63159116217867 35.835969069972634 242.56878740945831 9.4722176431678218 7.4491222724318495 23.937270742375404 9.3164612632244808 7.8139712437987319 98.947059817612171 46.135067947208881
leaf_count=3303 931 373 1083 157 1344 259 1077 114 36 335 133 11 135 104
internal_value=0.00542576 0.00897422 0.00592707 -0.0158921 0.00848321 0.00118344 0.00521681 0.0140255 -0.00412475 -0.00901947 0.0152634 -0.0288461 0.0110839 -0.00632453
internal_weight=1635.38 1188.7 968.191 100.983 867.208 374.787 331.137 492.42 446.677 340.28 482.948 43.6499 106.396 316.343
internal_count=9395 5482 5109 1240 3869 2278 2008 1591 3913 3742 1477 270 171 3407
cat_boundaries=0 1
cat_threshold=2722
is_linear=0
shrinkage=0.03


Tree=115
num_leaves=15
num_cat=2
split_feature=6 40 5 44 28 7 2 5 5 35 49 28 50 9
split_gain=66.517 53.3793 48.7405 46.5456 45.2735 38.6152 37.9224 33.4297 76.4567 51.6319 45.7969 41.1454 41.42 40.0257
threshold=0 0.021223351125757878 152741.13262948833 0.0048150229023679828 0.033239236334128931 2.5000000000000004 2413.5000000000005 56154.066198042616 28564.581927971707 0.058057882866793899 0.28369433117207604 0.10554732463388229 0.20616266671932656 1
decision_type=9 2 2 2 2 2 2 2 2 2 2 2 2 9
left_child=1 3 7 5 -5 -1 -7 8 11 -10 -9 12 13 -2
right_child=2 -3 -4 4 -6 6 -8 10 9 -11 -12 -13 -14 -15
leaf_value=0.014975719880203724 0.010143230241504235 0.024375016469301677 -0.029898740076086831 0.0015997847329372577 -0.045759894565722957 -0.027109943063730185 0.008757516059231028 0.0029455343045397225 -0.03278774529604167 0.016942979022899204 0.032149274726265803 -0.036850666617309603 -0.034161281453812427 -0.023855921491824549
leaf_weight=366.52926064562052 352.04704586882144 213.6575908283703 47.257335177157074 54.203022729605436 26.275771868415177 42.514677670318633 67.110447182320058 208.92510500154458 101.61511188512668 22.34115993976593 61.968186648562551 21.138619434088469 21.756103604566306 24.260858249617741
leaf_count=1009 2910 350 270 193 221 217 213 1008 1276 54 81 280 515 807
internal_value=0.00518939 0.0115108 -0.000597346 0.00674456 -0.0142347 0.0103128 -0.00527188 0.00113092 -0.00316261 -0.0237607 0.00971971 0.00297021 0.00517188 0.00753043
internal_weight=1631.6 770.291 861.31 556.633 80.4788 476.154 109.625 814.052 543.159 123.956 270.893 419.203 398.064 376.308
internal_count=9404 2203 7201 1853 414 1439 430 6931 5842 1330 1089 4512 4232 3717
cat_boundaries=0 1 2
cat_threshold=5512 133
is_linear=0
shrinkage=0.03


Tree=116
num_leaves=15
num_cat=1
split_feature=71 63 74 5 49 77 5 6 2 28 28 4 28 50
split_gain=65.2187 50.8421 48.5692 36.58 35.4704 69.21 48.0775 65.1112 38.9735 44.181 37.5299 33.5475 38.7396 31.4875
threshold=0.00050302625452926057 0.0018861254274520967 0.46262998612652523 73650.182394109099 0.33171877114241149 0.0070334904195663702 9409.0889008153226 0 3029.5000000000005 0.036631464145104063 0.066757701430528768 6.7018433911492851e-05 0.064025075964383851 0.51568435454512007
decision_type=2 2 2 2 2 2 2 9 2 2 2 2 2 2
left_child=4 -2 3 -3 6 -6 7 -1 9 13 -11 12 -10 -8
right_child=1 2 -4 -5 5 -7 8 -9 11 10 -12 -13 -14 -15
leaf_value=0.017022982755712266 0.018026553717640958 0.011447815919478719 -0.050738749351388779 -0.029872385727308316 -0.034951419970080576 0.026725075116558996 -0.028834899603898956 -0.022308158647706865 -0.034059433980391463 0.013231564389338327 -0.023611726628219226 0.0041929163432273021 0.020634876571777018 0.03028798166365396
leaf_weight=203.21370259579271 493.69420382287353 105.11219407897443 15.478897914290426 22.578159144148231 18.701595771126449 98.56660201959312 132.85616781935096 37.130858901422471 44.024503909982741 69.326385473366827 37.50802173325792 352.6380683328025 14.96785646304488 7.8370166085660449
leaf_count=1627 1036 934 130 229 327 147 1529 689 499 254 298 1602 55 72
internal_value=0.00595 0.0134699 -0.00225916 0.00396624 0.00123126 0.0166767 -0.000798644 0.0106605 -0.00498672 -0.0143678 0.000197407 0.000675569 -0.0200695 -0.0253511
internal_weight=1653.63 636.863 143.169 127.69 1016.77 117.268 899.503 240.345 659.158 247.528 106.834 411.63 58.9924 140.693
internal_count=9428 2329 1293 1163 7099 474 6625 2316 4309 2153 552 2156 554 1601
cat_boundaries=0 1
cat_threshold=1182
is_linear=0
shrinkage=0.03


Tree=117
num_leaves=15
num_cat=0
split_feature=63 65 33 28 1 82 44 4 52 39 36 73 45 7
split_gain=60.3455 69.198 47.9851 40.563 70.2298 50.7398 48.4755 37.8454 36.9887 34.57 32.8751 30.4304 31.026 30.1201
threshold=0.016946655245696537 0.0021426233800581024 0.11928922454773097 0.034253123843184567 7.5000000000000009 1.0000000180025095e-35 0.017477303755172729 0.00044523253478252224 0.99815973957187831 0.00083302147217019929 0.36772803666921322 0.12231068931553642 0.002479762082112751 1.5000000000000002
decision_type=2 2 2 2 2 2 2 2 2 2 2 2 2 2
left_child=1 3 7 4 8 10 13 -2 -1 -3 11 12 -6 -5
right_child=2 9 -4 6 5 -7 -8 -9 -10 -11 -12 -13 -14 -15
leaf_value=-0.026098540806361845 -0.032515826331293435 0.020545229987495479 0.029177181714447407 -0.0014293739507164585 0.0056538208621781157 -0.040472196151335391 -0.025192147199592202 0.042466855771535798 0.042717726223081127 -0.021331139719854255 -0.022385917514761752 -0.027942379318045513 0.032603494754018102 0.018044621936070915
leaf_weight=114.01160805020481 76.456915281247348 326.80760573130101 15.628062076866625 93.94192080385983 512.16167695727199 22.418916673399508 30.817594198975712 5.7214362462982526 6.6024155244231215 17.970366400666535 37.346583048813045 21.477268802467734 40.655640983022749 296.11184473242611
leaf_count=1806 1486 810 13 508 2806 197 239 3 5 81 243 396 100 734
internal_value=0.00503636 0.00650913 -0.0176909 0.00303624 -0.00112713 0.00287396 0.0104866 -0.0268476 -0.0220113 0.0183072 0.00452623 0.0063122 0.00769106 0.0133628
internal_weight=1618.13 1520.32 97.8064 1175.55 754.674 634.06 420.871 82.1784 120.614 344.778 611.641 574.295 552.817 390.054
internal_count=9427 7925 1502 7034 5553 3742 1481 1489 1811 891 3545 3302 2906 1242
is_linear=0
shrinkage=0.03


Tree=118
num_leaves=15
num_cat=0
split_feature=72 16 40 63 82 87 75 79 79 7 2 85 65 28
split_gain=66.9378 41.8188 40.5834 52.0243 47.0587 37.6605 37.8324 31.6518 36.3397 30.5005 35.748 46.0968 29.598 28.9309
threshold=0.00023960787246792841 0.00094809244429423193 0.0087106585670318499 0.0018861254274520967 0.0013439054133326401 1.0000000180025095e-35 0.1024374158439055 0.029812239955196794 0.41722011385199248 2.5000000000000004 2775.5000000000005 0.12345397717910696 0.16244542630529443 0.17982071161689278
decision_type=2 2 2 2 2 2 2 2 2 2 2 2 2 2
left_child=5 2 3 4 9 6 7 -1 -9 -2 11 13 -10 -11
right_child=1 -3 -4 -5 -6 -7 -8 8 12 10 -12 -13 -14 -15
leaf_value=0.0044335234476880142 0.020278436338756759 -0.036857293296343061 0.023755232193109578 -0.027223919129318715 -0.033998144727655895 -0.022359479461082705 -0.035380653625096327 -0.036888806991103987 -0.026725303700165969 -0.04404384078028932 0.016098051824792875 0.052261203844460292 0.067911237365548688 0.023731092008646953
leaf_weight=854.626436407445 226.86066442448646 13.774038521107284 247.18564948998392 33.22809340339154 18.336799783632159 58.944916073232889 22.523872433463112 32.689299878664315 4.7047191690653545 31.039918388240039 55.572951986454427 5.8939123153686515 5.5216021537780762 6.2186024188995352
leaf_count=5987 434 184 313 227 147 556 573 462 152 227 137 1 1 4
internal_value=0.00561282 0.0131648 0.0143255 0.00809878 0.0115805 0.000682119 0.00218097 0.00316191 -0.0216854 0.0142437 0.000312285 -0.0199212 0.0258704 -0.0324073
internal_weight=1617.12 638.111 624.337 377.151 343.923 979.011 920.066 897.542 42.9156 325.586 98.7254 43.1524 10.2263 37.2585
internal_count=9405 1674 1490 1177 950 7731 7175 6602 615 803 369 232 153 231
is_linear=0
shrinkage=0.03


Tree=119
num_leaves=15
num_cat=0
split_feature=71 2 73 75 33 2 1 38 57 36 5 1 80 14
split_gain=65.8637 56.4215 47.3517 35.5231 36.0159 33.2575 53.2247 38.7229 74.3007 49.4762 44.6282 45.5622 37.2725 35.3736
threshold=0.0028070189262019954 717.50000000000011 0.085339039406225212 0.01391200045594943 0.12560285810548902 4284.0000000000009 36.500000000000007 0.044287641422932712 0.00032762721524058803 0.29443536673928833 12584.828889278046 7.5000000000000009 0.076498967892120628 0.80040788579197841
decision_type=2 2 2 2 2 2 2 2 2 2 2 2 2 2
left_child=5 -2 3 -3 -5 6 7 8 9 10 11 -1 -9 -12
right_child=1 2 -4 4 -6 -7 -8 12 -10 -11 13 -13 -14 -15
leaf_value=-0.01027025329867092 -0.047911338934816819 0.020718439747191571 -0.0086711941156151044 -0.045144408161664838 0.029955156329865271 0.0066543933310960843 -0.037756485103017635 0.035638726981912575 -0.044065867476898328 0.015568850716103998 -0.020490780111215374 0.020035651177572247 -0.016059232254087358 0.021727564813808966
leaf_weight=91.925358683336526 12.210893619572742 403.52614929247648 65.232314354972914 14.272642327006908 8.3471281528472883 430.78184591257013 38.747590841259807 42.49454508908093 38.486373394727707 117.9992699008435 179.40489765140228 85.010877636261284 16.960510913282633 19.008487933315337
leaf_count=1384 174 866 672 251 5 2161 344 133 299 471 1825 616 167 57
internal_value=0.00448335 0.0134058 0.0150237 0.0186626 -0.0173363 0.000239091 -0.0041509 -0.00188868 -0.00446724 -0.00129524 -0.00662412 0.00432131 0.0208694 -0.0163575
internal_weight=1564.41 503.589 491.378 426.146 22.6198 1060.82 630.038 591.29 531.835 493.349 375.35 176.936 59.4551 198.413
internal_count=9425 1968 1794 1122 256 7457 5296 4952 4652 4353 3882 2000 300 1882
is_linear=0
shrinkage=0.03


Tree=120
num_leaves=15
num_cat=1
split_feature=33 76 35 59 1 1 9 52 76 40 51 2 2 3
split_gain=61.6206 54.0072 43.7067 57.7362 45.5357 51.3721 42.5327 63.5881 44.6064 39.951 39.0764 31.7394 47.3133 33.6791
threshold=0.0055172518758656386 0.16594283837056509 0.060450521214703186 0.05551744339005036 77.500000000000014 74.500000000000014 0 0.99799105881973205 0.0006002219751348655 0.0024980265600575758 0.34357390497699519 793.50000000000011 1019.5000000000001 215.50000000000003
decision_type=2 2 2 2 2 2 9 2 2 2 2 2 2 2
left_child=1 2 3 4 5 6 10 8 -8 -2 11 -1 -13 -14
right_child=9 -3 -4 -5 -6 -7 7 -9 -10 -11 -12 12 13 -15
leaf_value=-0.016696821859663598 -0.016600064178430931 -0.031688895568631005 0.020107703168285588 -0.038504102145244891 -0.04084678214834183 0.05188384486386953 -0.025852137283562754 0.05151577758497887 0.013181747512729578 0.022978005620865827 -0.035322252823539145 0.028436184939249869 -0.022291063108075364 0.0064893683418763316
leaf_weight=51.124849636573344 24.95192205067724 39.620031099766493 126.75756151415408 30.400162064936012 20.194932026788592 18.445614699274302 116.99334379448555 12.216594368219374 33.243774098809808 215.97761142626405 20.003426817245781 85.883644538931549 37.484243254177272 757.23134643794037
leaf_count=731 150 227 257 325 229 20 1693 5 107 285 497 314 421 4101
internal_value=0.00488439 0.00238319 0.00343708 0.0016357 0.00272665 0.00353891 0.00269274 -0.0110584 -0.0171849 0.0188274 0.00511154 0.00607136 0.00741065 0.00510558
internal_weight=1590.53 1349.6 1309.98 1183.22 1152.82 1132.63 1114.18 162.454 150.237 240.93 951.728 931.724 880.599 794.716
internal_count=9362 8927 8700 8443 8118 7889 7869 1805 1800 435 6064 5567 4836 4522
cat_boundaries=0 1
cat_threshold=197
is_linear=0
shrinkage=0.03


Tree=121
num_leaves=15
num_cat=1
split_feature=37 17 63 82 6 17 70 79 48 4 4 0 35 87
split_gain=50.9355 50.587 51.2445 37.6056 34.6135 41.4811 37.7847 31.1434 26.6806 48.106 33.3457 44.5432 34.8451 36.0148
threshold=0.00018609526637347517 0.015772921915252914 0.014736395639818468 0.00064631176224749841 0 0.018698860381102498 0.077916742671212916 0.03669614486185372 0.087251845775225614 4.8614086290193773e-05 2.4664080033200109e-05 17.500000000000004 0.002520186312098742 0.013488794085559955
decision_type=2 2 2 2 9 2 2 2 2 2 2 2 2 2
left_child=1 3 -3 7 5 6 -2 8 10 -10 -1 12 13 -12
right_child=4 2 -4 -5 -6 -7 -8 -9 9 -11 11 -13 -14 -15
leaf_value=0.023082089533009234 0.0148507462705782 0.018508766520908021 -0.034427696944287718 -0.034262071238981319 0.02163418001705578 -0.035753734865658859 -0.049978258954706631 -0.034551000653806445 -0.038730055747893698 0.01802476578514349 -0.038468467750062754 0.00022966717495926362 0.0074048178510552889 0.031902009403801224
leaf_weight=47.363575140247121 93.568658659700304 220.93062247335911 16.865086477715522 28.221758286468685 227.03379808366299 21.320785734103993 7.8731917208060613 21.585265915142372 13.94240423478186 137.78907964937389 66.450199765618891 662.8221448273398 27.619818966835737 6.4977194736711672
leaf_count=366 313 802 308 249 289 242 51 537 142 264 1189 4538 76 35
internal_value=0.00504206 0.00220543 0.0146259 -0.000723799 0.0151443 0.00121781 0.00938043 0.000271837 0.00108784 0.0125902 -0.00107767 -0.00260486 -0.021105 -0.0318537
internal_weight=1599.88 1250.09 237.796 1012.29 349.796 122.763 101.442 984.07 962.485 151.731 810.753 763.39 100.568 72.9479
internal_count=9401 8506 1110 7396 895 606 364 7147 6610 406 6204 5838 1300 1224
cat_boundaries=0 1
cat_threshold=166
is_linear=0
shrinkage=0.03


Tree=122
num_leaves=15
num_cat=1
split_feature=59 33 76 63 39 39 6 49 57 45 82 86 38 38
split_gain=59.0314 52.3517 47.7131 44.3506 36.3537 33.2687 33.1999 31.401 31.2965 28.9885 27.9119 25.478 23.9186 32.8006
threshold=0.033163972549320998 0.00029501252080187232 0.26250178078381631 0.0074733338207577833 0.044769438394420026 0.023514053140838584 0 0.2442711007656409 0.15773883761536545 0.0041110359979719463 0.0013439054133326401 0.0014640164234748013 0.23803058956430886 0.13787685475628239
decision_type=2 2 2 2 2 2 9 2 2 2 2 2 2 2
left_child=1 2 3 5 7 8 -3 -5 10 -2 11 12 13 -1
right_child=9 6 -4 4 -6 -7 -8 -9 -10 -11 -12 -13 -14 -15
leaf_value=0.0081946106911648317 -0.030352883511198993 0.022229473547359019 -0.044212117310855295 -0.035339807197064345 0.021659228525639142 -0.03978110613858344 3.6030889034165132e-05 0.037146287572860981 -0.037496124383692007 0.029736226862394601 -0.025446443429307259 -0.035812132758392859 -0.03480757647170564 0.037586147780417266
leaf_weight=994.1119972136803 53.853872240055352 262.74652847275138 17.106888557318598 52.944025282980874 15.972082969965411 12.888994058594106 88.022383534349501 5.1609725952148429 13.084512546658514 7.5077409893274298 21.639873395673931 10.713208503089843 10.268810994923113 34.49337116163224
leaf_count=5726 430 312 138 1268 186 198 412 1 126 4 175 194 152 63
internal_value=0.00598591 0.00714118 0.00412794 0.00487107 -0.0174476 0.00639242 0.0173091 -0.0283819 0.00697742 -0.0226419 0.00755511 0.00825909 0.00874757 0.00921578
internal_weight=1600.52 1539.15 1188.38 1171.28 74.0771 1097.2 350.769 58.105 1084.31 61.3616 1071.23 1049.59 1038.87 1028.61
internal_count=9385 8951 8227 8089 1455 6634 724 1269 6436 434 6310 6135 5941 5789
cat_boundaries=0 1
cat_threshold=10
is_linear=0
shrinkage=0.03


Tree=123
num_leaves=15
num_cat=1
split_feature=6 48 40 3 3 48 77 48 39 83 70 2 2 8
split_gain=56.0401 42.2278 39.1965 36.7473 43.9225 35.8326 38.8547 35.3069 33.9407 33.0327 31.7235 41.6109 44.7159 41.431
threshold=0 0.087251845775225614 0.017547106182205976 430.50000000000006 51.500000000000007 0.23657672515155684 0.055676902753203653 0.045038375574579355 0.0057117761465587556 0.0013513117273298463 0.0016907018091841133 975.00000000000011 717.50000000000011 1.5000000000000002
decision_type=9 2 2 2 2 2 2 2 2 2 2 2 2 2
left_child=2 7 3 4 -1 -3 -7 10 9 -5 11 12 -2 -13
right_child=1 5 -4 8 -6 6 -8 -9 -10 -11 -12 13 -14 -15
leaf_value=0.010686059272396955 -0.014023420924899884 0.019828627031252263 0.022988856721152539 0.013027875409620856 -0.039175645024375129 -0.04708146260695463 0.015273547494102181 -0.037123998909682952 -0.033778673509758841 -0.032873502488860465 0.0063427024635126011 -0.023107845530121223 0.029846024722813492 -0.0023306261024313799
leaf_weight=30.862368002533913 34.900136105250567 138.11292245425284 187.26406932342798 416.79714306630194 31.073528538458049 15.89002009667456 18.466143074911088 26.007433594204485 14.48616850376129 13.670541174709795 250.23956372193061 155.34226085362025 49.493905306328088 193.57478108652867
leaf_count=118 796 250 260 976 205 124 49 163 117 106 1151 1654 404 3012
internal_value=0.00484308 -0.000236468 0.0111317 0.00693382 -0.0145548 0.0130313 -0.0140821 -0.00347853 0.00995088 0.0114974 -0.00214604 -0.00705166 0.0117526 -0.0116205
internal_weight=1576.18 882.027 694.154 506.89 61.9359 172.469 34.3562 709.558 444.954 430.468 683.551 433.311 84.394 348.917
internal_count=9385 7603 1782 1522 323 423 173 7180 1199 1082 7017 5866 1200 4666
cat_boundaries=0 1
cat_threshold=5384
is_linear=0
shrinkage=0.03


Tree=124
num_leaves=15
num_cat=0
split_feature=71 16 73 50 26 24 17 42 57 73 57 27 42 38
split_gain=58.2423 45.9629 40.3537 38.5838 39.8165 43.5927 34.992 35.2934 39.5579 34.6095 33.5262 44.9903 31.4794 27.8707
threshold=0.00050302625452926057 0.00019835998287082382 0.074207153760825206 0.29442476570265713 1.0000000180025095e-35 0.0055609499651497743 0.44104534116581207 0.057767904610009878 0.016328591226468177 0.0026534840289304568 0.026037947923422535 0.0009678628063672192 0.50701549754089836 0.026473410070018136
decision_type=2 2 2 2 2 2 2 2 2 2 2 2 2 2
left_child=3 2 -2 4 6 -6 7 8 9 13 12 -12 -9 -1
right_child=1 -3 -4 -5 5 -7 -8 10 -10 -11 11 -13 -14 -15
leaf_value=0.0072722522050300111 0.017284481299707374 -0.033808745874237309 -0.0053917672026532661 -0.034810187325966045 -0.030939524009478497 0.04845862907912292 -0.035536884465225634 -0.035762313922330771 -0.042620270320277098 -0.028303847050525969 -0.037262764393493589 0.01700039362268016 0.030544871128390261 0.037007061934373614
leaf_weight=674.01831874623895 472.74854918150231 17.850873820018023 82.523099114419892 26.353153383824974 53.697085689054802 6.120207041501998 19.78308639023453 50.087214023340493 13.563494011759756 22.76494154939428 17.478793086484075 52.806370675563812 6.5986576788127413 28.704451970290393
leaf_count=4104 1152 272 837 646 583 5 392 366 115 496 194 85 20 101
internal_value=0.00479202 0.0123682 0.0139108 0.000316657 0.00133133 -0.0221527 0.00294037 0.0038593 0.00637096 0.00734429 -0.0106957 0.00317259 -0.027648 0.00853771
internal_weight=1545.1 573.123 555.272 971.976 945.623 59.8173 885.805 866.022 739.051 725.488 126.971 70.2852 56.6859 702.723
internal_count=9368 2261 1989 7107 6461 588 5873 5481 4816 4701 665 279 386 4205
is_linear=0
shrinkage=0.03


Tree=125
num_leaves=15
num_cat=1
split_feature=6 36 14 73 28 36 76 36 4 2 76 28 5 3
split_gain=56.7322 55.0392 44.0533 37.1892 32.9596 31.2421 35.8699 32.2338 31.6973 73.6918 47.7866 35.1625 52.6702 29.8466
threshold=0 0.65337459334388759 0.91343742258877703 0.0711879253419581 0.10554732463388229 0.58325202648810082 0.0048223405222457593 0.55799245198694003 8.2701291532507411e-05 2523.5000000000005 0.0016035293716826166 0.015647411923372778 58752.412141510511 11447.000000000002
decision_type=9 2 2 2 2 2 2 2 2 2 2 2 2 2
left_child=2 3 5 4 -2 7 -7 8 13 10 -10 12 -11 -1
right_child=1 -3 -4 -5 -6 6 -8 -9 9 11 -12 -13 -14 -15
leaf_value=0.01913901657650123 -1.6746608931025082e-05 0.03102401222313228 -0.033842383447648103 -0.033315190089006491 -0.04021624349850067 -0.033927619865595955 0.038416017852936427 0.064004402066826074 -0.046022552931779273 0.0084839756931859231 0.010278663116119519 0.018097119072109636 -0.048613362841085812 -0.033271094525014713
leaf_weight=412.72984408587217 648.81818111054599 45.392229219898582 18.39738629758358 33.015106283826753 17.890703774057329 24.545074086636308 7.2233468890190116 10.12532341852784 35.680641329847276 58.638010459020734 21.03788542561233 211.68414592510089 18.244584227912128 9.13851550221443
leaf_count=1137 5293 74 179 1044 213 317 11 9 244 212 53 393 112 98
internal_value=0.00545205 -0.000614379 0.0107863 -0.00271693 -0.00115409 0.0119748 -0.0168081 0.0131713 0.0124179 0.00565365 -0.0253232 0.0118087 -0.00551569 0.0179277
internal_weight=1572.56 745.116 827.445 699.724 666.709 809.047 31.7684 777.279 767.154 345.285 56.7185 288.567 76.8826 421.868
internal_count=9389 6624 2765 6550 5506 2586 328 2258 2249 1014 297 717 324 1235
cat_boundaries=0 1
cat_threshold=5576
is_linear=0
shrinkage=0.03


Tree=126
num_leaves=15
num_cat=1
split_feature=6 63 40 63 39 83 65 3 52 63 49 0 70 45
split_gain=57.4228 45.7713 36.1982 47.7637 42.2638 36.7181 32.941 31.9993 36.5299 30.7892 44.6406 47.7507 35.5056 40.1409
threshold=0 0.0070285165671869409 0.017547106182205976 0.0010072197893241806 0.005636965852829307 0.0014545485319373901 0.028033310008686422 20339.000000000004 0.41367643134064785 0.0058948786853851029 0.0016945493828262707 27.500000000000004 0.0026059616903164134 0.90959267904868246
decision_type=9 2 2 2 2 2 2 2 2 2 2 2 2 2
left_child=2 7 3 4 5 -1 -5 8 9 10 12 -12 13 -2
right_child=1 -3 -4 6 -6 -7 -8 -9 -10 -11 11 -13 -14 -15
leaf_value=0.012821161629629768 -0.01889539515249291 -0.024317218335299803 0.022590386498141421 -0.040389134659017792 -0.049196205058632175 -0.041549663531327996 0.011078187869995194 -0.034420662021041853 0.039104098573040771 0.035840366165996305 0.0082457546924698637 -0.043022812244945509 0.0053088482373638097 0.026763793797365518
leaf_weight=391.55977380555123 207.91701793670654 68.975891143083572 172.43861449696124 29.91490682400763 9.6975816776975972 10.551969913765786 16.983620680868626 21.417309212964028 22.094971888698637 20.976162681356072 414.51075970334932 16.035813587717712 114.40637938072905 18.026806859299541
leaf_count=916 3555 1575 253 204 84 100 25 329 59 42 1484 151 609 71
internal_value=0.00389231 -0.000999485 0.0107381 0.00647675 0.00975465 0.0112949 -0.0219088 0.00094063 0.00191216 0.000826412 -0.000171518 0.00624097 -0.00827791 -0.0151506
internal_weight=1535.51 904.361 631.146 458.708 411.809 402.112 46.8985 835.385 813.968 791.873 770.897 430.547 340.35 225.944
internal_count=9457 7875 1582 1329 1100 1016 229 6300 5971 5912 5870 1635 4235 3626
cat_boundaries=0 1
cat_threshold=264
is_linear=0
shrinkage=0.03


Tree=127
num_leaves=15
num_cat=1
split_feature=4 2 16 71 28 4 6 5 73 72 71 4 71 2
split_gain=43.9093 45.5842 37.1976 36.9051 33.4163 31.1912 39.485 39.2926 30.1077 41.0368 28.1774 39.0031 28.1176 27.8068
threshold=0.00021419456511935088 470.00000000000006 1.0000000180025095e-35 0.00079547340277688801 0.012107800899422814 2.2179731450359234e-05 0 55273.31365640265 0.0014425487907144183 0.015112623080142896 0.023554224573672147 9.3078494825986208e-05 0.020490684317590904 6781.0000000000009
decision_type=2 2 2 2 2 2 9 2 2 2 2 2 2 2
left_child=1 -1 3 5 -2 -3 -7 -8 -5 12 11 -11 -10 -6
right_child=4 2 -4 8 13 6 7 -9 9 10 -12 -13 -14 -15
leaf_value=-0.033301131584251055 -0.045666832786909035 0.034548779051128416 -0.031194955506231338 0.022587610628252673 -0.045929945877819511 0.0050113049396429315 -0.030699198135100567 0.01014422473907239 0.0085154589246491438 0.0093008458277726008 0.021507320711029357 -0.056477911702952618 -0.026367222333257903 0.0078632756278943783
leaf_weight=25.064770385622978 24.126964550465345 27.933156093582511 21.921634508296847 210.56928812898695 9.9022652856074256 817.61659538908862 59.230616163928062 32.092877743765712 38.153275533812121 34.94235008303076 144.30553617980331 9.4899848420172912 43.74623072729446 40.921379665844142
leaf_count=490 293 98 363 459 88 4523 1431 180 237 107 218 60 734 133
internal_value=0.00489062 0.00604004 0.00674745 0.00735555 -0.0173609 0.00387976 0.00290032 -0.0147897 0.0141006 0.00743841 0.0151102 -0.00568226 -0.0102103 -0.0033016
internal_weight=1540.02 1465.07 1440 1418.08 74.9506 936.873 908.94 91.3235 481.207 270.637 188.738 44.4323 81.8995 50.8236
internal_count=9414 8900 8410 8047 514 6232 6134 1611 1815 1356 385 167 971 221
cat_boundaries=0 1
cat_threshold=334
is_linear=0
shrinkage=0.03


Tree=128
num_leaves=15
num_cat=2
split_feature=6 9 71 12 51 40 49 8 70 2 2 28 3 3
split_gain=34.0731 44.3273 53.362 48.1709 65.491 46.0164 42.2991 66.4419 65.5467 52.5631 44.7903 55.5121 41.3258 43.3687
threshold=0 1 0.013052964367016419 0.0032634146118818725 0.0046886134559545644 0.021815530459535343 0.15822593711720942 1.0000000180025095e-35 0.0047033564071577742 3750.5000000000005 3866.0000000000005 0.0019006942569138941 12276.000000000002 10150.500000000002
decision_type=9 9 2 2 2 2 2 2 2 2 2 2 2 2
left_child=1 -1 3 4 5 -3 7 -2 9 -9 -11 12 13 -12
right_child=6 2 -4 -5 -6 -7 -8 8 -10 10 11 -13 -14 -15
leaf_value=0.012081895171943829 -0.053353014047974691 -0.035591076957661456 0.014531838382808047 0.027084861783922477 0.024147618108011575 0.017038265891423012 0.010380263038743986 -0.033058044537098076 0.011615177338705407 0.047411480926209046 -0.0085630413547804311 -0.032822739864937112 -0.033294822712277052 0.050981481372056166
leaf_weight=711.01954894885421 24.9319639923051 103.80366691248491 104.61773281777278 22.831060881726444 25.360548343509436 16.827933687716722 188.70033086277544 81.683429426280782 146.63365132501349 13.623443994205443 19.005810962524265 45.987573814578354 13.403552630450575 24.367925841361284
leaf_count=2701 155 1368 403 80 77 66 882 1962 424 46 269 725 211 28
internal_value=0.00484155 0.00815087 -0.00214278 -0.0126267 -0.0189791 -0.0281696 -0.00112322 -0.00703823 -0.00354372 -0.0147679 -0.0017593 -0.00867192 0.0111189 0.0252849
internal_weight=1542.8 984.46 273.441 168.823 145.992 120.632 558.338 369.637 344.705 198.072 116.388 102.765 56.7773 43.3737
internal_count=9397 4695 1994 1591 1511 1434 4702 3820 3665 3241 1279 1233 508 297
cat_boundaries=0 1 2
cat_threshold=284 225
is_linear=0
shrinkage=0.03


Tree=129
num_leaves=15
num_cat=1
split_feature=71 27 0 39 28 24 26 6 50 28 38 64 36 63
split_gain=58.4355 44.1045 42.8649 42.6891 41.9266 32.2238 49.5911 37.8284 44.5055 52.6947 33.5535 30.4466 41.0626 31.8796
threshold=0.0012733448813535507 0.00068516623320532936 27.500000000000004 0.00083302147217019929 0.087399341710311149 0.0055609499651497743 0.00064850670345532901 0 0.0440859137286716 0.036271812270425689 0.026473410070018136 0.35347347347347352 0.55799245198694003 0.0012489730550442498
decision_type=2 2 2 2 2 2 2 9 2 2 2 2 2 2
left_child=1 5 4 -2 -3 6 7 8 9 -1 11 13 -13 -9
right_child=3 2 -4 -5 -6 -7 -8 10 -10 -11 -12 12 -14 -15
leaf_value=-0.0091868068159939569 0.014921208213308716 0.014094385558897606 -0.045302383304949942 -0.010529406483299045 -0.037602697565924312 0.040168670244268852 -0.03416367972110692 -0.021324820768899608 0.035092956321908945 0.016128519613515527 0.031022875468066348 -0.027161593879831972 0.090533973749645891 0.0091777065457501524
leaf_weight=210.30890116165392 473.05377688677981 271.68060066364706 11.528929457068442 67.07578487903811 13.944215662777422 13.112171502783893 49.780196510953829 204.87142085516825 34.435383155941963 112.88550443015993 14.404726326931266 4.3549056742340309 4.6810975074768066 35.688561140326783
leaf_count=1785 1653 434 57 540 56 43 582 3272 37 501 52 77 1 300
internal_value=0.00383163 -0.000531026 0.00910179 0.011747 0.0114481 -0.00471984 -0.00565492 -0.00332073 0.00309005 -0.000322182 -0.0116606 -0.0147032 0.0367561 -0.0167803
internal_weight=1521.81 981.677 297.154 540.13 285.625 684.523 671.411 621.631 357.63 323.194 264.001 249.596 9.036 240.56
internal_count=9390 7197 547 2193 490 6650 6607 6025 2323 2286 3702 3650 78 3572
cat_boundaries=0 1
cat_threshold=1420
is_linear=0
shrinkage=0.03


Tree=130
num_leaves=15
num_cat=0
split_feature=33 40 75 73 87 87 28 2 45 77 2 4 80 0
split_gain=51.0232 62.0229 33.4919 34.7804 33.4174 31.0792 32.244 49.7662 42.5134 40.3932 45.8978 44.1525 35.6134 33.6917
threshold=0.015168909607295651 0.0050481344778458143 0.1129589035934485 0.17779938241103094 0.0044602875776479896 0.0032585672073059688 0.0038957425434887876 2167.5000000000005 0.16142225740484203 0.018064272391107885 5562.0000000000009 1.8775437497916163e-05 0.3830797302382698 22.500000000000004
decision_type=2 2 2 2 2 2 2 2 2 2 2 2 2 2
left_child=2 -2 3 4 5 6 7 8 -1 10 11 -9 -8 -12
right_child=1 -3 -4 -5 -6 -7 12 9 -10 -11 13 -13 -14 -15
leaf_value=-0.029432139656919761 -0.037698913220891056 0.026076947104516943 -0.035020416864883983 -0.021646732796856478 -0.034909908211043165 0.039663501413500259 0.0064298988027837074 0.04530894454837122 0.02301913789570351 0.01621768989091333 -0.016032881492968373 -0.036755866942917992 0.040652821673604782 0.02215599710954003
leaf_weight=84.179120504762977 14.186781034804879 153.37831542268395 19.56570090726018 46.534050542861223 18.104971902444959 21.976592682301998 856.75717839645222 5.7971677780151358 15.848333954811094 123.65679738856852 33.875707128085196 51.113189179450274 27.320173665881157 50.681637761183083
leaf_count=1529 120 189 543 983 324 32 3824 1 35 392 428 764 10 187
internal_value=0.00491862 0.0204858 0.00298042 0.00356279 0.00448872 0.00507685 0.00443716 -0.00305643 -0.0209762 0.00375784 -0.0071707 -0.0277583 0.00753221 0.00684804
internal_weight=1522.98 167.565 1355.41 1335.84 1289.31 1271.21 1249.23 365.152 100.027 265.124 141.468 56.9104 884.077 84.5573
internal_count=9361 309 9052 8509 7526 7202 7170 3336 1564 1772 1380 765 3834 615
is_linear=0
shrinkage=0.03


Tree=131
num_leaves=15
num_cat=1
split_feature=6 17 79 3 72 14 26 26 5 0 27 3 14 48
split_gain=42.3838 46.9098 56.1143 45.5964 34.0379 30.4065 33.0258 34.8889 30.5326 28.9379 33.897 48.069 27.6847 27.9023
threshold=0 0.015772921915252914 0.041130331898574089 226.50000000000003 0.048630018324640527 0.91343742258877703 0.003678193018930249 0.093803960220186333 14531.700324515985 22.500000000000004 0.00081925388413593941 1823.5000000000002 0.14020817145817149 0.10049186724535683
decision_type=9 2 2 2 2 2 2 2 2 2 2 2 2 2
left_child=3 2 5 -1 -3 6 9 -8 -9 10 12 -12 13 -2
right_child=1 4 -4 -5 -6 -7 7 8 -10 -11 11 -13 -14 -15
leaf_value=0.02837499024854117 -0.0043603878754350242 0.0070230198178499919 -0.039308139119565308 -0.029075425523067879 0.027969739588043961 -0.033650937675048967 -0.03175519088963958 0.024405985342190618 -0.013386287694980665 0.012011283062753423 -0.028775198045325898 0.02031289664628786 -0.039207171254551934 0.021082807038892419
leaf_weight=14.699859985848887 307.42160071944818 146.00775233702734 25.951606148388237 60.983718710253015 134.40901233628392 17.530635267496109 41.218008279334754 31.576790954452008 46.013350297231227 498.20198847120628 19.854040890932083 132.24000184237957 17.108111378736794 43.375498293899
leaf_count=135 3051 520 569 1232 164 182 271 98 241 2427 77 153 186 118
internal_value=0.00493525 0.00607722 0.00349162 -0.0156514 0.0171269 0.00448686 0.00510393 -0.00980657 0.00210885 0.00685166 0.00189475 0.0137589 -0.00303397 -0.00116339
internal_weight=1536.59 1460.91 1180.49 75.6836 280.417 1154.54 1137.01 118.808 77.5901 1018.2 519.999 152.094 367.905 350.797
internal_count=9424 8057 7373 1367 684 6804 6622 610 339 6012 3585 230 3355 3169
cat_boundaries=0 1
cat_threshold=6688
is_linear=0
shrinkage=0.03


Tree=132
num_leaves=15
num_cat=0
split_feature=71 39 65 63 49 77 38 27 4 41 41 35 76 4
split_gain=41.7523 43.9535 38.5194 54.4695 37.5191 69.4706 39.3289 50.382 44.3574 35.154 43.9628 32.5275 40.3095 33.4193
threshold=0.0024435964516997103 0.00083302147217019929 0.0025193587581379328 0.0012039038637777896 0.33171877114241149 0.0070334904195663702 0.006418885966446475 0.0040802452864218434 2.506006893137049e-05 0.013032341099168671 0.11116531165311654 0.044600516547081435 0.061958038473038983 6.6603988616599648e-05
decision_type=2 2 2 2 2 2 2 2 2 2 2 2 2 2
left_child=4 2 3 -2 6 -6 7 8 -1 11 -11 13 -13 -10
right_child=1 -3 -4 -5 5 -7 -8 -9 9 10 -12 12 -14 -15
leaf_value=0.023035052212067982 0.011861257755542195 -0.014326551205220557 0.023906790460931103 -0.02940747080183987 -0.035319862838796463 0.02662361031386868 0.01177963310556166 -0.055901299327293548 -0.022149374965340304 0.01954167601395683 -0.036879989136842727 0.016565935035153915 -0.034344768299978061 -0.0056876866931185174
leaf_weight=51.137532484252006 189.18710691668093 54.082524764118716 195.41298481984995 32.943224621703848 18.711023670155555 95.338033588603139 154.08538303105161 15.995012845844029 173.02280493546277 81.424290449824184 13.689354917034505 77.920023791491985 16.047106705605984 309.26318988972344
leaf_count=356 479 495 462 593 334 146 623 82 2701 275 298 203 69 2312
internal_value=0.00357091 0.0109265 0.0142238 0.0056365 0.000117271 0.0162424 -0.00195897 -0.00483754 -0.00363137 -0.00569378 0.0111219 -0.00848375 0.00760163 -0.011627
internal_weight=1478.26 471.626 417.543 222.13 1006.63 114.049 892.585 738.499 722.504 671.367 95.1136 576.253 93.9671 482.286
internal_count=9428 2029 1534 1072 7399 480 6919 6296 6214 5858 573 5285 272 5013
is_linear=0
shrinkage=0.03


Tree=133
num_leaves=15
num_cat=0
split_feature=72 73 48 48 48 50 36 52 57 49 36 57 80 36
split_gain=55.4946 37.879 29.568 32.0579 29.9409 39.4518 33.1062 42.6296 32.3545 40.8782 31.0279 30.1381 29.0887 27.7839
threshold=0.00079782223489515975 0.21359828868361294 0.18083731619292329 0.099021214959755771 0.044034264598224286 0.028137039525997193 0.41125122711861578 0.3177641826691549 0.097041028888417716 0.0083699962169508629 0.3499362324250343 0.00052507223361785663 0.010458959216836433 0.073797687743048276
decision_type=2 2 2 2 2 2 2 2 2 2 2 2 2 2
left_child=2 -2 3 4 5 6 7 8 12 -10 -7 -8 -1 -6
right_child=1 -3 -4 -5 13 10 11 -9 9 -11 -12 -13 -14 -15
leaf_value=-0.0093410972571909938 0.014192500099525409 -0.019359059184924959 -0.023465533706772738 0.018539833277278046 -0.0054787631349403725 0.015170670512663223 0.014611049223053533 0.024185869717030298 0.02918067531011494 -0.040612929646017461 -0.045389505394896293 -0.03931021196715126 -0.038895112994511538 -0.054911186193946443
leaf_weight=372.13364592916332 494.988470912911 31.402223270386457 44.751897082664073 86.338677127845585 26.619866994209588 182.12097037211061 119.93728761468083 36.60347316134721 35.643857625313103 8.5857164263725263 6.9921314604580393 9.1531700827181322 31.77798710251227 15.885490424931048
leaf_count=4882 1200 350 253 154 139 954 531 192 104 65 35 51 391 81
internal_value=0.00431631 0.012158 8.12375e-05 0.00123608 -0.000550814 0.000761599 -0.00293253 -0.00652796 -0.00908488 0.0150342 0.0127046 0.010515 -0.0117566 -0.0247906
internal_weight=1502.93 526.391 976.544 931.792 845.454 802.948 613.835 484.745 448.141 44.2296 189.113 129.09 403.912 42.5054
internal_count=9382 1550 7832 7579 7425 7205 6216 5634 5442 169 989 582 5273 220
is_linear=0
shrinkage=0.03


Tree=134
num_leaves=15
num_cat=0
split_feature=72 44 16 73 0 45 84 74 59 77 51 36 0 57
split_gain=45.4668 40.5342 36.8911 35.4362 37.4937 33.8303 28.8261 27.6267 26.2746 29.0328 47.5595 42.4896 32.8005 37.4659
threshold=0.00079782223489515975 0.072987842920994431 0.00085381704514058744 0.057017668613114268 18.500000000000004 0.0043036748716261909 0.00014022981104115252 0.71314812178365583 0.12827127573699565 0.018722965033875532 0.16171105861453836 0.34247434853168685 22.500000000000004 0.032241564227373988
decision_type=2 2 2 2 2 2 2 2 2 2 2 2 2 2
left_child=1 7 3 6 -5 -6 -2 8 9 10 12 -11 13 -1
right_child=2 -3 -4 4 5 -7 -8 -9 -10 11 -12 -13 -14 -15
leaf_value=-0.011281560629470513 0.016904717811261592 -0.036845071241656646 -0.037235472604174834 -0.050167538740476206 0.012944217810025241 -0.036895429057383605 -0.023981953383554487 -0.04009452431198729 -0.03538633862396591 0.011953104504516813 -0.033905998899130756 -0.031615935491827341 0.0077375618148894038 0.022725980014557955
leaf_weight=238.65717725176364 403.11158129014075 26.026978146517649 13.282638041768221 13.246259271167217 59.826716840267181 14.356182996649293 15.29105474706739 13.894961099140344 16.425935355946422 298.27204401837662 38.738791348645464 20.648377127945423 259.09831788646989 32.251709847711027
leaf_count=3182 768 375 190 136 202 190 104 117 221 992 742 79 2008 98
internal_value=0.00328879 -0.000634643 0.0104111 0.0117332 -0.00558547 0.00293659 0.0153568 0.000430979 0.00109742 0.0018116 -0.00225168 0.00904224 0.000121463 -0.00716427
internal_weight=1463.13 944.014 519.114 505.832 87.4292 74.1829 418.403 917.987 904.092 887.666 568.746 318.92 530.007 270.909
internal_count=9404 7814 1590 1400 528 392 872 7439 7322 7101 6030 1071 5288 3280
is_linear=0
shrinkage=0.03


Tree=135
num_leaves=15
num_cat=0
split_feature=33 63 63 40 39 73 48 4 2 4 41 86 38 38
split_gain=43.2081 55.5165 43.4628 40.1542 38.3033 28.8285 29.2996 29.2964 38.3025 28.0438 26.5035 26.2543 24.744 28.0489
threshold=0.031425288362625585 0.0074733338207577833 0.84873562535286606 0.0050481344778458143 0.023514053140838584 0.27035289940528279 0.24557030627144305 0.00021419456511935088 8241.5000000000018 0.00044523253478252224 0.0036454034241422358 0.0037616307116558278 0.23803058956430886 0.12988728986245546
decision_type=2 2 2 2 2 2 2 2 2 2 2 2 2 2
left_child=1 4 9 -2 5 6 7 11 -9 -3 -10 12 13 -1
right_child=3 2 -4 -5 -6 -7 -8 8 10 -11 -12 -13 -14 -15
leaf_value=0.0070330030916155688 -0.037314381290692457 -0.030603156030359312 0.050493994753193924 0.026469167466721753 -0.039763829599235696 -0.026208620123558495 -0.023380927819244026 -0.046620805724717336 0.012122236574649791 0.034194775357021867 -0.048587491843693126 -0.036009189719173391 -0.035312406747645568 0.032823160962020391
leaf_weight=1052.9548894425388 8.821544820442794 80.019815862178802 6.3321541976183644 105.63030287623405 16.9132398837246 26.061339957639575 30.674505157396197 20.339738069334999 38.200503907632083 5.6784642003476611 6.753391206264495 11.647816775832323 11.048205649014561 38.473907636478543
leaf_count=5559 77 1633 9 134 242 584 193 185 196 5 37 218 173 82
internal_value=0.00365875 0.00214536 -0.0202177 0.0212723 0.0038026 0.00443035 0.0051113 0.00587151 -0.0135216 -0.0259647 0.00214302 0.00701916 0.00750598 0.00797134
internal_weight=1459.55 1345.1 92.0304 114.452 1253.07 1236.15 1210.09 1179.42 65.2936 85.6983 44.9539 1114.12 1102.48 1091.43
internal_count=9327 9116 1647 211 7469 7227 6643 6450 418 1638 233 6032 5814 5641
is_linear=0
shrinkage=0.03


Tree=136
num_leaves=15
num_cat=0
split_feature=33 40 79 4 2 2 4 2 28 42 76 77 0 12
split_gain=53.2826 51.3429 40.8688 39.0281 43.7008 38.4835 54.0878 46.5438 38.8132 41.4829 37.4975 37.2942 37.8038 47.4629
threshold=0.015466377714641622 0.0026863969805547444 0.049450913551770691 0.00020183589656460257 8241.5000000000018 3750.5000000000005 7.9391156644836601e-05 2413.5000000000005 0.00067739252631277079 0.010689173566019556 0.0038670620422451446 0.06904367014053632 21.500000000000004 0.00020769238234808859
decision_type=2 2 2 2 2 2 2 2 2 2 2 2 2 2
left_child=2 -2 3 5 -5 6 8 -8 9 -1 -6 12 13 -7
right_child=1 -3 -4 4 10 11 7 -9 -10 -11 -12 -13 -14 -15
leaf_value=-0.031307624865298825 -0.037170282538855848 0.024985275237945245 -0.028874104002334415 -0.047706594565784508 -0.029944460006212745 -0.0077151514384305149 -0.037070321139318671 -0.0043400298380550503 0.0077779679562355909 0.0049374318283178596 0.02169767056187847 -0.039381996948418881 0.019097455521273777 0.026594424972917533
leaf_weight=51.767078450648114 12.172830939292906 142.09966609627008 38.225446772528812 27.792550513288006 21.690687978640199 135.99944517714903 57.38241821480915 119.37420825008303 452.65874450211413 61.088184918742627 27.611650204285979 12.228681293781845 262.61675781011581 48.366551053244621
leaf_count=1365 113 194 662 284 222 1078 629 590 2718 432 42 117 864 134
internal_value=0.00325163 0.0198731 0.00129071 0.0022144 -0.0183399 0.00354745 -0.000677539 -0.0151144 0.00385355 -0.0118172 -0.00116603 0.0103634 0.0118092 0.00138053
internal_weight=1471.07 154.272 1316.8 1278.58 77.0949 1201.48 742.271 176.757 565.514 112.855 49.3023 459.211 446.983 184.366
internal_count=9444 307 9137 8475 548 7927 5734 1219 4515 1797 264 2193 2076 1212
is_linear=0
shrinkage=0.03


Tree=137
num_leaves=15
num_cat=0
split_feature=79 72 73 0 1 17 8 5 3 0 58 70 12 80
split_gain=43.7836 36.7021 64.1121 34.3671 38.5412 32.0385 38.223 34.9187 34.4877 29.346 34.2394 33.1677 35.9667 30.0686
threshold=0.083235892202222703 0.02367323966310881 0.0711879253419581 27.500000000000004 10.500000000000002 0.0017852021033621928 1.5000000000000002 21619.068617807134 636.50000000000011 25.500000000000004 0.005063610615353026 0.072131525236840952 0.022475481168879031 0.10603120742791625
decision_type=2 2 2 2 2 2 2 2 2 2 2 2 2 2
left_child=1 2 3 9 -5 6 -3 8 -8 10 11 -1 -13 -11
right_child=-2 5 -4 4 -6 -7 7 -9 -10 13 -12 12 -14 -15
leaf_value=0.0060268993944918555 -0.030322138433704449 0.024184633572410272 -0.039934435227231793 0.0055729609802566632 -0.044172653994392796 0.022875481215689848 -0.020438931669963457 -0.02902066741048015 0.023430449925686894 0.021492692796733028 -0.038011149625260941 -0.031662342361922294 0.029162796320289026 -0.040519401398773795
leaf_weight=827.45202802564017 29.459903544280678 56.835992092266679 28.95009489916265 28.769724223995581 25.97395885316655 188.31919552199543 25.06502949539572 37.347296930849552 41.470360570587218 135.87232145760208 16.327441436704248 39.889922820497304 10.284363706596194 6.5158135425299397
leaf_count=5125 595 66 982 246 279 300 208 261 111 516 295 264 11 59
internal_value=0.00529481 0.00602919 0.00337576 0.00456044 -0.0183986 0.0145099 0.00462678 -0.00620222 0.00684616 0.00578979 0.00376419 0.00458376 -0.0188686 0.0183922
internal_weight=1498.53 1469.07 1120.04 1091.09 54.7437 349.038 160.719 103.883 66.5354 1036.34 893.954 877.626 50.1743 142.388
internal_count=9318 8723 7777 6795 525 946 646 580 319 6270 5695 5400 275 575
is_linear=0
shrinkage=0.03


Tree=138
num_leaves=15
num_cat=2
split_feature=71 75 73 26 26 1 72 76 33 6 50 9 77 52
split_gain=37.0239 36.7336 36.7519 32.469 28.7323 28.2325 25.2567 24.2367 35.5641 35.198 52.3405 39.9919 38.4405 38.264
threshold=0.0024435964516997103 0.013534635495408684 0.085339039406225212 1.0000000180025095e-35 0.74066356603426053 76.500000000000014 0.017604247970026205 0.0037712145633829529 1.0000000180025095e-35 0 0.0440859137286716 1 0.0067584997835766205 0.99815973957187831
decision_type=2 2 2 2 2 2 2 2 2 9 2 9 2 2
left_child=3 2 -2 7 5 -5 -4 8 9 10 11 -1 -11 -13
right_child=1 -3 6 4 -6 -7 -8 -9 -10 12 -12 13 -14 -15
leaf_value=0.0063856701393489321 0.016906422817821769 -0.024760548062545851 -0.037032011784102245 -0.032907872911865636 0.0341120800777093 0.025043210580967337 0.0038801830854533802 0.0099974434471311619 -0.039618111400083846 -0.02084654941940434 0.033819895369875362 -0.034606628251398604 0.0014832039756688541 0.042323462160104429
leaf_weight=284.06606179126538 356.96399561921135 23.519962401362136 17.550022622104734 55.458235949743539 7.3794173747301093 7.9888115152716628 50.109567225445062 257.77236899686977 19.573588464409113 116.49053320824169 52.984660144895315 42.846901159733534 169.16247226390988 5.844061776995658
leaf_count=1847 932 323 558 614 21 9 183 679 177 2442 45 661 970 2
internal_value=0.00385813 0.0110346 0.0130708 0.000696022 -0.0187531 -0.0253357 -0.00711671 0.00216618 -0.000765573 0.000424356 0.00625652 0.0019669 -0.00740558 -0.0205681
internal_weight=1467.71 448.144 424.624 1019.57 70.8265 63.447 67.6596 948.741 690.968 671.395 385.742 332.757 285.653 48.691
internal_count=9463 1996 1673 7467 644 623 741 6823 6144 5967 2555 2510 3412 663
cat_boundaries=0 1 2
cat_threshold=1308 5
is_linear=0
shrinkage=0.03


Tree=139
num_leaves=15
num_cat=1
split_feature=57 8 80 33 40 0 6 74 77 72 2 2 2 0
split_gain=64.0974 45.5244 39.2875 35.6664 48.1645 38.4529 52.726 52.1526 46.2111 44.9464 31.4105 56.6711 45.3881 39.4116
threshold=0.0013989354509245384 1.0000000180025095e-35 0.028003936891080945 0.015168909607295651 0.0026863969805547444 25.500000000000004 0 0.35549111328985933 0.020795010395010399 0.00079782223489515975 2246.5000000000005 4510.5000000000009 1426.5000000000002 9.5000000000000018
decision_type=2 2 2 2 2 2 9 2 2 2 2 2 2 2
left_child=3 2 -2 5 -5 6 8 -7 9 -1 12 -12 13 -8
right_child=1 -3 -4 4 -6 7 10 -9 -10 -11 11 -13 -14 -15
leaf_value=-0.0090365717891837238 -0.035061873741192268 -0.041077489317198082 0.01380768725133245 -0.03758958789604714 0.02410191712952699 0.018006448518817254 0.031413152412120747 -0.047730480072657337 0.025719339811577636 0.0099376609876597206 -0.035987981364622765 -0.0034171958866626132 0.015116784141161077 -0.026571115546816022
leaf_weight=176.57029775972478 20.933563372120261 44.983860252890736 44.57375156879425 11.509984727948902 139.30390703119338 216.67945102625526 11.95096275443211 10.487931772600858 95.625817258842289 305.13750792481005 76.351884952513501 127.67209581192583 96.309303800342605 58.276062763761729
leaf_count=1881 102 442 80 108 203 1192 41 84 189 768 1117 1079 764 1297
internal_value=0.00365681 -0.0181957 -0.00210148 0.00549022 0.0191771 0.00371876 0.00105616 0.0147756 0.00666767 0.00297833 -0.00765445 -0.0157222 0.00180739 -0.0164011
internal_weight=1436.37 110.491 65.5073 1325.88 150.814 1175.06 947.894 227.167 577.334 481.708 370.56 204.024 166.536 70.227
internal_count=9347 624 182 8723 311 8412 7136 1276 2838 2649 4298 2196 2102 1338
cat_boundaries=0 1
cat_threshold=4492
is_linear=0
shrinkage=0.03


Tree=140
num_leaves=15
num_cat=1
split_feature=72 71 71 28 0 51 76 35 0 40 0 76 70 6
split_gain=32.2724 52.865 36.3431 29.9338 28.3362 28.1863 27.6869 38.6906 44.137 34.9823 35.4544 26.8489 44.693 25.5833
threshold=0.016769326447286594 0.02191011927475044 0.013705208257585573 0.0045003347701046735 29.500000000000004 0.36545518207282918 0.05407613520875601 0.0060805772774049638 14.500000000000002 0.0024980265600575758 27.500000000000004 0.0037712145633829529 0.046794725453772189 0
decision_type=2 2 2 2 2 2 2 2 2 2 2 2 2 9
left_child=1 4 3 -2 5 6 11 9 -9 10 -8 12 13 -1
right_child=2 -3 -4 -5 -6 -7 7 8 -10 -11 -12 -13 -14 -15
leaf_value=0.0095560394091274755 -0.032958549095912358 -0.025726929076375471 0.019161935781854374 0.0057950074528549025 -0.038283176890284855 -0.033389856301440736 -0.034768605073774737 0.020490255988983359 -0.053195288785768395 0.02358165166398004 0.02975349120125087 0.016727375729980867 -0.02904089627915973 -0.0022930801994389314
leaf_weight=463.69064956880175 20.606252897996455 57.663965317886323 237.35271112527698 104.68037677323446 13.404701387509702 16.771170605905354 26.920352810062468 9.2863924913108331 27.065715895965695 36.599709866335616 9.699190601706503 181.53265889221802 34.376743119442835 249.99758480675519
leaf_count=2765 172 998 442 427 214 560 201 13 159 83 15 395 399 2556
internal_value=0.00451426 0.00200492 0.0122858 -0.000789412 0.00352299 0.00408942 0.00472582 -0.00947753 -0.0343272 0.00315619 -0.0173424 0.00640835 0.00388525 0.00550964
internal_weight=1489.65 1127.01 362.639 125.287 1069.34 1055.94 1039.17 109.571 36.3521 73.2193 36.6195 929.598 748.065 713.688
internal_count=9399 8358 1041 599 7360 7146 6586 471 172 299 216 6115 5720 5321
cat_boundaries=0 1
cat_threshold=1436
is_linear=0
shrinkage=0.03


Tree=141
num_leaves=15
num_cat=0
split_feature=79 26 72 73 72 85 77 38 71 39 2 38 38 38
split_gain=31.8103 32.3985 45.9683 40.9042 33.1338 31.163 27.4364 34.2385 26.6103 25.6685 22.9587 22.4798 39.1494 25.0213
threshold=0.083235892202222703 0.0021975700266056585 0.02367323966310881 0.047939281478020207 0.0030090391899437129 0.0049876328262101191 0.0818666240521954 0.044287641422932712 0.0012733448813535507 0.046544594836436942 5260.0000000000009 0.23803058956430886 0.12988728986245546 0.046640740958055989
decision_type=2 2 2 2 2 2 2 2 2 2 2 2 2 2
left_child=1 2 3 6 -3 10 9 -8 -4 11 -6 12 13 -1
right_child=-2 4 8 -5 5 -7 7 -9 -10 -11 -12 -13 -14 -15
leaf_value=0.0054351646265957572 -0.028321719601474508 -0.042500258205711482 -0.012462400635933095 -0.027529412997807742 -0.026370583494687145 0.012413741292883312 -0.040240145587259767 0.028942176136608065 0.021564525862831072 -0.035327541048802799 0.014857540929041076 -0.034701943114264534 0.035102563512523798 -0.03903756183442033
leaf_weight=905.35824771109037 26.786195758963004 21.680171994259581 22.430444124620408 37.022331778425723 52.143358636181802 60.393818747252226 24.001503766514364 7.8635785738006225 198.26172734797001 12.973591468995435 15.046503586694596 11.291808259673415 39.317685120739043 10.543018060736356
leaf_count=5400 568 334 199 1034 338 125 315 37 383 313 30 177 68 93
internal_value=0.00347664 0.00409671 0.00565276 0.00302503 -0.00908266 -0.00311768 0.00416962 -0.0228064 0.0180655 0.00506958 -0.0170555 0.00564779 0.00616057 0.00488122
internal_weight=1445.11 1418.33 1269.06 1048.37 149.264 127.584 1011.35 31.8651 220.692 979.484 67.1899 966.511 955.219 915.901
internal_count=9414 8846 8019 7437 827 493 6403 352 582 6051 368 5738 5561 5493
is_linear=0
shrinkage=0.03


Tree=142
num_leaves=15
num_cat=0
split_feature=72 39 8 2 5 3 70 48 8 28 77 65 52 64
split_gain=41.6783 41.6482 32.9172 28.7334 38.6898 39.5549 39.7288 46.9208 38.4862 33.7609 47.6636 53.4864 32.6749 31.4558
threshold=0.00079782223489515975 0.014904187836135913 1.5000000000000002 2293.5000000000005 39370.367541830055 2204.5000000000005 0.2361957994579946 0.10049186724535683 1.0000000180025095e-35 0.023829586068954928 0.042563095403335562 0.0099124533690550676 0.99815973957187831 0.35347347347347352
decision_type=2 2 2 2 2 2 2 2 2 2 2 2 2 2
left_child=3 2 -2 8 5 6 7 12 -1 10 11 -10 -5 -6
right_child=1 -3 -4 4 13 -7 -8 -9 9 -11 -12 -13 -14 -15
leaf_value=0.025175002078773046 0.020931540489481149 -0.035565206299113271 0.0050145126727976219 -0.026570384557087854 -1.5303741221856607e-05 -0.027940210549903734 0.04795234076833315 0.025399266877970679 -0.030486156971698479 0.010416554056560483 0.018478411295260441 0.016909843006203525 0.043265857174646274 0.064893088876424962
leaf_weight=71.875155550427735 199.7353389011696 16.475685094483197 282.18358327634633 68.686476866481826 327.84288930031471 106.12606246676296 11.553800920955835 26.027999313548207 86.385746553190984 165.28785779164173 40.861861547920853 27.669796181609854 5.7050032615661612 5.8601684607565394
leaf_count=126 293 146 1145 933 1575 1508 23 43 2194 961 270 192 1 11
internal_value=0.00300376 0.0100125 0.0116411 -0.000703725 -0.00511214 -0.0149072 -0.00241671 -0.00862761 0.00549777 0.00101628 -0.00901576 -0.0189409 -0.0207119 0.00131503
internal_weight=1442.28 498.395 481.919 943.883 551.802 218.099 111.973 100.419 392.08 320.205 154.917 114.056 74.3915 333.703
internal_count=9421 1584 1438 7837 4094 2508 1000 977 3743 3617 2656 2386 934 1586
is_linear=0
shrinkage=0.03


Tree=143
num_leaves=15
num_cat=1
split_feature=33 6 82 37 40 1 3 70 3 77 5 14 3 4
split_gain=39.5693 43.3023 36.9342 32.8635 32.3026 31.9347 39.7363 35.4751 44.8489 48.2366 26.6994 50.6391 50.2659 28.1389
threshold=0.00080525529575302412 0 0.0013439054133326401 0.0068191571913093782 0.0024980265600575758 36.500000000000007 2674.5000000000005 0.0055156225766812622 1695.5000000000002 0.0090595357671879109 12584.828889278046 0.066833789121847467 1671.5000000000002 0.00012135352597599795
decision_type=2 9 2 2 2 2 2 2 2 2 2 2 2 2
left_child=1 2 3 10 -2 6 7 8 -3 -10 11 -1 13 -12
right_child=4 5 -4 -5 -6 -7 -8 -9 9 -11 12 -13 -14 -15
leaf_value=0.018678711692896175 -0.0054766906874173446 -0.032301532170363148 -0.035079094344476439 -0.047223190367842373 0.019896885033473651 0.0064627402167280468 -0.031695940539768541 0.011302349369739659 -0.035058861793613484 0.022689777164755832 -0.0086504729312148997 -0.03321310779960749 0.0084051277124071819 -0.054936948671072267
leaf_weight=246.06255115941167 56.923965062014759 63.872882243362255 18.507137416861951 9.0481407595798355 210.7304753055796 114.5677148445975 69.792274053907022 71.407616859301925 18.269901381339878 39.168003282509744 99.54347857227549 17.267890901304781 397.69177995272912 12.516513928305356
leaf_count=1524 287 1678 189 113 387 605 958 203 382 97 806 205 1846 115
internal_value=0.00411052 0.001739 0.00565281 0.00673237 0.0145002 -0.00654053 -0.0124668 -0.0053753 -0.0152045 0.00403543 0.00742405 0.0151631 0.0034043 -0.0142606
internal_weight=1445.37 1177.72 800.637 782.13 267.654 377.078 262.511 192.718 121.311 57.4379 773.082 263.33 509.752 112.06
internal_count=9395 8721 4798 4609 674 3923 3318 2360 2157 479 4496 1729 2767 921
cat_boundaries=0 1
cat_threshold=1436
is_linear=0
shrinkage=0.03


Tree=144
num_leaves=15
num_cat=1
split_feature=75 26 6 36 3 85 5 27 86 88 75 63 63 49
split_gain=31.5576 25.7547 37.087 36.097 33.0465 32.5382 29.703 28.3534 27.7149 32.0657 27.325 35.4659 30.8073 35.4279
threshold=0.13517474374332314 0.0034595346477249264 0 0.73394597403328554 1935.5000000000002 0.0049876328262101191 14334.253953455027 0.0013396488236971898 0.0011720910318598465 0.00025209606086400892 0.063842761935051826 0.010975743738850786 0.0050409686791483268 0.0016945493828262707
decision_type=2 2 9 2 2 2 2 2 2 2 2 2 2 2
left_child=1 2 4 8 7 -3 -7 -1 9 10 11 12 13 -4
right_child=-2 5 3 -5 -6 6 -8 -9 -10 -11 -12 -13 -14 -15
leaf_value=0.0043085672696815663 -0.031129393881470808 -0.020430427595816109 -0.011313622974889279 0.031503817193303862 0.017517719348153712 0.028249191473745803 -0.011666772551474228 -0.064338427934962486 -0.036139941492323524 0.040830924720610319 0.022298824310108344 -0.03671080737791544 0.025411896536513802 0.0041769809332323632
leaf_weight=202.81577818514779 21.243255994981155 76.177956293104216 219.02895338204689 33.680400399491191 362.5034479717724 32.3703269129619 32.91606256342493 4.5642673820257178 17.446337926667184 16.827868287684396 45.251002700533718 23.861586210201494 38.649739091983065 334.57487705163658
leaf_count=853 550 560 3320 63 1072 70 156 22 304 59 177 770 130 1347
internal_value=0.00434622 0.00489056 0.00621468 0.0016107 0.0118576 -0.00722837 0.00825198 0.0024962 0.000143364 0.00112858 5.82675e-05 -0.00160869 -0.00013495 -0.0019611
internal_weight=1461.91 1440.67 1299.2 729.321 569.883 141.464 65.2864 207.38 695.64 678.194 661.366 616.115 592.254 553.604
internal_count=9453 8903 8117 6170 1947 786 226 875 6107 5803 5744 5567 4797 4667
cat_boundaries=0 1
cat_threshold=456
is_linear=0
shrinkage=0.03


Tree=145
num_leaves=15
num_cat=1
split_feature=6 48 70 3 40 4 4 2 14 76 14 4 4 76
split_gain=33.4447 46.7967 49.8545 34.1726 35.3029 59.3231 33.1073 71.1111 41.8832 31.4233 29.1803 28.2779 26.5627 29.3217
threshold=0 0.00085369252260383084 0.0039475839495031707 420.00000000000006 0.015270229491607052 2.4664080033200109e-05 8.1261855995100695e-05 2413.5000000000005 0.91343742258877703 0.047156554802446689 0.21746361627334457 2.1656320587856765e-05 5.935170272321332e-05 0.0071411492805265068
decision_type=9 2 2 2 2 2 2 2 2 2 2 2 2 2
left_child=3 2 11 4 5 -1 8 -8 -5 12 -3 -2 13 -4
right_child=1 10 9 6 -6 -7 7 -9 -10 -11 -12 -13 -14 -15
leaf_value=0.028263972009936935 0.022423731454975754 0.0079756483062846696 -0.031163843434972634 0.019784152887352031 0.020441695249660458 -0.04083657397222943 -0.037535553088853431 0.0090958025085522958 -0.032684108778983825 -0.025019654476744913 -0.043818973428378094 -0.018943717969685723 0.021550026229868176 0.019046590171050665
leaf_weight=14.384352317545561 15.058223438449202 364.60007678717375 21.558069897582754 300.60646254033782 23.295682826545089 41.406288459897041 33.041023798286915 216.58801388158463 13.464791744947432 24.044660357292742 9.07600205298513 233.18504455825314 82.15522542456165 18.616310303099453
leaf_count=59 97 1283 347 1130 49 510 267 664 144 165 72 4306 297 43
internal_value=0.00327852 -0.000982757 -0.00819032 0.00825252 -0.00999246 -0.0228366 0.0109716 0.00279851 0.0174381 0.00567274 0.00660404 -0.0163545 0.0118595 -0.00799945
internal_weight=1411.08 768.294 394.618 642.787 79.0863 55.7906 563.7 249.629 314.071 146.374 373.676 248.243 122.33 40.1744
internal_count=9433 6610 5255 2823 618 569 2205 931 1274 852 1355 4403 687 390
cat_boundaries=0 1
cat_threshold=1304
is_linear=0
shrinkage=0.03


Tree=146
num_leaves=15
num_cat=1
split_feature=2 8 65 26 6 41 71 3 2 4 2 72 41 48
split_gain=32.8445 38.861 39.155 34.9647 34.8848 40.3514 37.4401 30.8532 32.1303 30.4464 59.6617 28.5508 26.8611 29.6042
threshold=1567.5000000000002 1.0000000180025095e-35 0.00096238687381177768 0.25842850520460203 0 0.050642000862440716 0.0095840425196421272 2267.5000000000005 975.00000000000011 0.00014056183514146809 3943.5000000000005 0.00032971950034830908 0.034109043886906054 0.00085369252260383084
decision_type=2 2 2 2 9 2 2 2 2 2 2 2 2 2
left_child=1 -1 7 4 9 6 12 -3 -9 -2 -11 -12 13 -6
right_child=3 2 -4 -5 5 -7 -8 8 -10 10 11 -13 -14 -15
leaf_value=0.023465901917183649 0.016428541215940742 -0.022122167196587297 0.011297182367569951 -0.040736627608960317 -0.0053125465668540962 -0.034487759949943568 -0.029907271748429866 0.027739530294733306 -0.027247485334064563 -0.050892846303554284 -0.02718349000359473 0.016125533092993981 0.034369073103808254 0.0090901304016736337
leaf_weight=34.881660019978881 367.00018866709433 158.78494382486679 59.660815089242533 13.555186989484353 217.36976405745372 26.212255379417911 28.752975519513711 24.765668970067054 14.255192485870792 17.446832022629678 15.814253164920954 74.020101892296225 25.0791615487542 311.18093304196373
leaf_count=71 1373 2548 291 138 2511 324 532 64 160 153 138 146 43 893
internal_value=0.00309679 -0.00582392 -0.00986755 0.00547852 0.00609408 0.00120347 0.00288687 -0.0162758 0.00747265 0.0120746 -0.00171907 0.00828617 0.0046409 0.00316809
internal_weight=1388.78 292.348 257.467 1096.43 1082.88 608.595 582.383 197.806 39.0209 474.281 107.281 89.8344 553.63 528.551
internal_count=9385 3134 3063 6251 6113 4303 3979 2772 224 1810 437 284 3447 3404
cat_boundaries=0 1
cat_threshold=5208
is_linear=0
shrinkage=0.03


Tree=147
num_leaves=15
num_cat=2
split_feature=33 76 51 6 40 17 14 77 40 73 6 77 28 57
split_gain=42.8635 32.0262 28.8748 25.435 34.4073 24.0509 23.952 24.1523 24.4523 21.8974 22.045 37.451 36.3258 47.4748
threshold=0.00029501252080187232 0.26250178078381631 0.34357390497699519 0 0.011406069711073082 0.042921474810019712 0.91343742258877703 0.097547904739497579 0.048266806722689085 0.24603057387279337 1 0.018064272391107885 0.014040955230886583 0.10491057362122096
decision_type=2 2 2 9 2 2 2 2 2 2 9 2 2 2
left_child=1 2 6 -2 -5 -6 7 8 9 10 11 12 13 -1
right_child=3 -3 -4 4 5 -7 -8 -9 -10 -11 -12 -13 -14 -15
leaf_value=-0.031374631140089884 0.018355239351239748 -0.040936208372332174 -0.034257959496967541 -0.027502456849134767 0.024122378233792364 -0.02241409004564629 -0.033271597147127616 -0.031407963703997989 -0.028301922860270865 -0.020389519573101939 0.0087593834849532242 0.0080812005041750803 0.00020396876553615859 0.023854926546881431
leaf_weight=82.904831689782441 199.5664663426578 15.928280998021362 19.932030040305108 29.409022364765406 38.910683210939169 12.463319075759498 16.727734820917249 18.257518254686147 21.705662445398048 33.326312732300721 453.34413989563473 256.93419716553763 183.67886227788404 16.047178632114083
leaf_count=1825 321 140 645 263 75 88 195 246 572 785 1972 827 1371 68
internal_value=0.00264691 1.463e-05 0.00064262 0.0131141 -0.00191049 0.0126202 0.001316 0.00188932 0.00249882 0.0031772 0.00398792 -0.00018842 -0.0077148 -0.0222689
internal_weight=1399.14 1118.79 1102.86 280.349 80.783 51.374 1082.93 1066.2 1047.94 1026.24 992.909 539.565 282.631 98.952
internal_count=9393 8646 8506 747 426 163 7861 7666 7420 6848 6063 4091 3264 1893
cat_boundaries=0 1 2
cat_threshold=10 4710
is_linear=0
shrinkage=0.03


Tree=148
num_leaves=15
num_cat=0
split_feature=72 71 33 63 1 1 1 4 2 4 50 71 4 48
split_gain=46.9713 44.9307 39.3677 42.389 35.415 52.1839 31.3053 30.9245 35.3463 67.35 29.4365 30.765 43.9882 29.0614
threshold=0.0026533028092260683 0.017278698313181077 0.00021800001776683522 0.0018861254274520967 77.500000000000014 74.500000000000014 54.500000000000007 0.0001966348826673565 3913.5000000000005 7.7600555269565085e-05 0.0440859137286716 0.00090625014885843452 8.1261855995100695e-05 0.15178206505517641
decision_type=2 2 2 2 2 2 2 2 2 2 2 2 2 2
left_child=1 4 3 7 5 6 10 8 9 -2 11 -1 -13 -12
right_child=2 -3 -4 -5 -6 -7 -8 -9 -10 -11 13 12 -14 -15
leaf_value=-0.0051482104912300899 0.015544894881424349 -0.035156337035434596 0.022462318498364768 -0.030538396898790812 -0.039637096888670766 0.049509144060239332 -0.03066662971319823 -0.036209724842604429 0.02712849132170194 -0.025002669004333341 0.012982798347948375 0.025182214728568214 -0.029255588725527106 -0.043736509120789295
leaf_weight=555.31183706549928 111.3325428632088 33.69938439480029 153.10374869219959 28.409247142961249 19.205908461939543 18.15430117957294 28.993442172650248 12.807421026751397 73.73591607157141 53.886693238280714 190.1014600857161 66.043910005129874 15.792153503745793 7.5293970513157538
leaf_count=5159 359 929 243 276 230 20 247 117 94 343 934 260 133 72
internal_value=0.00212806 -0.00165763 0.0102811 0.00356822 -0.000367311 0.0005318 -0.00055364 0.00752245 0.0100075 0.00224934 0.000527682 -0.00261219 0.0144508 0.0106126
internal_weight=1368.11 934.832 433.276 280.172 901.132 881.927 863.772 251.763 238.955 165.219 834.779 637.148 81.8361 197.631
internal_count=9416 7984 1432 1189 7055 6825 6805 913 796 702 6558 5552 393 1006
is_linear=0
shrinkage=0.03


Tree=149
num_leaves=15
num_cat=1
split_feature=6 36 0 5 76 50 80 76 5 0 45 0 3 48
split_gain=37.6064 36.3481 30.0835 30.3879 29.5971 40.1231 27.2521 43.0806 43.4529 41.4851 30.8985 33.8728 29.8537 33.2048
threshold=0 0.73394597403328554 17.500000000000004 1850.0468744501134 0.012781832770826911 0.2352122717310676 0.0066754012288124309 0.0071411492805265068 152741.13262948833 25.500000000000004 0.042397852574121729 22.500000000000004 2991.5000000000005 0.087251845775225614
decision_type=9 2 2 2 2 2 2 2 2 2 2 2 2 2
left_child=2 6 4 -4 5 -1 7 10 -9 -8 12 -12 13 -2
right_child=1 -3 3 -5 -6 -7 9 8 -10 -11 11 -13 -14 -15
leaf_value=-0.024780652084522205 -0.015408851528283677 0.032009424281125722 -0.028280449665795373 0.012823795914618135 0.018048057276069344 0.039094909419151114 0.012399560456741499 0.010221812714299313 -0.048211657198190754 -0.031986915796377122 -0.026635058416806686 0.023591219571623134 -0.029627486872534945 0.016768630905307925
leaf_weight=63.598595972638577 140.97308790124953 28.151099875569344 15.738231781870125 577.85449885297567 31.883231116458774 9.3407181687653047 169.05543309636414 163.25034130737185 11.324888016097246 20.363669617567211 16.522696830099449 38.213806651299819 97.096771706128493 35.347825315315276
leaf_count=601 2974 53 150 1741 60 3 652 513 66 167 371 235 1586 164
internal_value=0.00405975 -0.000797236 0.00894638 0.0116882 -0.00569867 -0.0161825 -0.00218731 -0.00583921 0.00617817 0.00748483 -0.0122317 0.00822412 -0.0163419 -0.0088999
internal_weight=1418.71 720.3 698.415 593.593 104.823 72.9393 692.149 502.729 174.575 189.419 328.154 54.7365 273.418 176.321
internal_count=9336 6781 2555 1891 664 604 6728 5909 579 819 5330 606 4724 3138
cat_boundaries=0 1
cat_threshold=456
is_linear=0
shrinkage=0.03


Tree=150
num_leaves=15
num_cat=0
split_feature=75 33 79 57 51 73 77 82 40 37 15 0 28 52
split_gain=35.121 35.8514 40.4206 26.0437 26.3865 26.0451 23.9214 20.3641 18.5805 18.1015 24.9877 18.3988 55.5483 46.6206
threshold=0.13517474374332314 0.031750568940021394 0.075610649626347767 0.15773883761536545 0.36545518207282918 0.21359828868361294 0.10938005196667568 1.0000000180025095e-35 0.0076348199924013505 0.033174739450535444 0.0046558654304701399 21.500000000000004 0.0030441408140360997 0.99799105881973205
decision_type=2 2 2 2 2 2 2 2 2 2 2 2 2 2
left_child=1 2 3 4 5 6 7 9 -3 11 -11 12 13 -1
right_child=-2 8 -4 -5 -6 -7 -8 -9 -10 10 -12 -13 -14 -15
leaf_value=-0.02305378236217363 -0.036315167217186799 -0.017183488179908672 -0.034953473650228391 -0.037211652340089774 -0.032904002468227431 -0.018362658351275003 -0.03501818010894113 -0.013623265168170183 0.027191597877760081 -0.04183662910145345 0.033547326654857074 0.011088879181021699 0.0084239642435283771 0.034077874773862482
leaf_weight=95.128924084594473 17.956528332317248 8.770219109952448 23.124707725597546 12.508400874678044 15.614215432899071 40.028202487388626 11.718393748626111 43.285888644400984 83.149026803672314 13.481466180644931 4.5986886024475089 623.20818694354966 420.9384404043667 13.936640150845049
leaf_count=1336 558 47 497 129 565 908 200 265 110 127 1 2754 1890 18
internal_value=0.0042621 0.00480442 0.00353135 0.00424531 0.00467851 0.00516752 0.00594991 0.00637366 0.0228183 0.00712365 -0.0219094 0.00759742 0.00347882 -0.0155101
internal_weight=1427.45 1409.49 1317.57 1294.45 1281.94 1266.32 1226.3 1214.58 91.9192 1171.29 18.0802 1153.21 530.004 109.066
internal_count=9405 8847 8690 8193 8064 7499 6591 6391 157 6126 128 5998 3244 1354
is_linear=0
shrinkage=0.03


Tree=151
num_leaves=15
num_cat=2
split_feature=9 6 77 49 27 38 72 77 52 65 4 4 65 72
split_gain=34.2273 35.8039 34.4887 34.8957 31.6211 34.6206 40.9987 29.6271 28.2193 29.5034 43.6887 50.5846 29.864 27.3605
threshold=0 1 0.028249126796052012 0.1627969163502474 0.0017756207289676884 0.026473410070018136 0.001005784843477421 0.0039842602538527313 0.99799105881973205 0.021374963231390733 0.00010103330020511213 0.00010395754819182412 0.26640138153479781 0.061240112250149102
decision_type=9 9 2 2 2 2 2 2 2 2 2 2 2 2
left_child=1 4 3 8 5 6 -1 -5 9 10 13 -12 -11 -2
right_child=2 -3 -4 7 -6 -7 -8 -9 -10 12 11 -13 -14 -15
leaf_value=-0.025130305055659378 -0.030249083471785794 0.009307816922737272 -0.031100758715214026 -0.030858591060093046 0.011309295680708844 0.03188376596849448 0.017936195621392863 0.026227877677239241 0.035704873460491275 0.021858922165655634 0.037684748264702771 -0.0087102398101754804 -0.032421969786565204 0.0036923795063738261
leaf_weight=108.77166151173878 106.90191320760641 713.19814588339068 37.926457796711475 8.6674917282070947 73.435786429792643 13.280806604307143 23.540119007229805 56.870151021517813 13.351559072732924 47.768664977978915 25.802217962918803 99.311885828152299 10.29204486357048 26.402479205746204
leaf_count=1552 2199 3398 390 281 120 34 47 152 14 181 38 756 108 111
internal_value=0.0028643 0.00606366 -0.00406324 -0.0015002 -0.00443987 -0.0127095 -0.0173911 0.0183278 -0.00548352 -0.00732816 -0.0116663 0.00108072 0.0118509 -0.0235491
internal_weight=1365.52 932.227 433.295 395.368 219.028 145.593 132.312 65.5376 329.831 316.479 258.418 125.114 58.0607 133.304
internal_count=9381 5151 4230 3840 1753 1633 1599 433 3407 3393 3104 794 289 2310
cat_boundaries=0 1 2
cat_threshold=193 1058
is_linear=0
shrinkage=0.03


Tree=152
num_leaves=15
num_cat=2
split_feature=5 3 6 2 2 6 25 2 73 70 41 2 35 26
split_gain=31.0834 51.5909 64.3979 50.0396 73.6734 37.3132 35.2253 33.7992 31.7203 27.2092 28.7763 27.1447 29.1704 26.3938
threshold=22866.276438598168 1890.5000000000002 0 4406.0000000000009 975.00000000000011 1 0.0059687965840207772 14038.000000000002 0.21359828868361294 0.090918931685331356 0.047129013726226167 3300.5000000000005 0.024120627378730216 0.25842850520460203
decision_type=2 2 9 2 2 9 2 2 2 2 2 2 2 2
left_child=5 6 13 4 -4 8 -2 9 -1 10 -5 -7 -13 -3
right_child=1 2 3 7 -6 11 -8 -9 -10 -11 -12 12 -14 -15
leaf_value=0.014542137652653223 -0.025058833720040204 0.013142427084411906 0.031241717604272874 0.010186125322364266 -0.035776332838296218 0.0033694318253051059 0.023324834963026696 -0.038420938178554374 -0.035001134287609134 -0.042193287764332323 -0.044383930555604287 -0.03505093380944397 0.020490431492714258 -0.038123383503038108
leaf_weight=417.37692997069098 104.35179500933737 325.6850101063028 16.978892844403163 170.89247067994438 85.849811491090804 140.39806007454172 14.740305768325923 16.865265425760299 11.038207031902855 9.5224195308983308 8.1810734143946302 36.734127445844933 10.264319907873867 8.3509301254525763
leaf_count=2172 1039 975 42 694 984 1785 31 215 451 75 82 751 17 75
internal_value=0.00317729 -0.000876598 0.0024941 -0.00730504 -0.0245161 0.008183 -0.0189259 0.00103191 0.012887 0.00474404 0.00746043 -0.00310174 -0.0227467 0.0114102
internal_weight=1377.23 761.418 642.326 308.29 102.829 615.812 119.092 205.461 428.415 188.596 179.074 187.397 46.9984 334.036
internal_count=9388 4212 3142 2092 1026 5176 1070 1066 2623 851 776 2553 768 1050
cat_boundaries=0 1 2
cat_threshold=4440 1180
is_linear=0
shrinkage=0.03


Tree=153
num_leaves=15
num_cat=2
split_feature=79 16 76 63 42 48 4 0 28 9 42 44 6 49
split_gain=28.9806 25.3646 23.82 27.1671 28.7546 26.4221 42.3174 40.3087 66.3647 32.7784 36.7999 28.9601 28.5982 33.102
threshold=0.049450913551770691 0.00052509134300968196 0.0037712145633829529 0.038614236111111123 0.013327790179836143 0.0052146710989954756 0.0001966348826673565 21.500000000000004 0.0035000729926262142 0 0.004234619624821489 0.0079021004823936671 1 0.0036758099144855697
decision_type=2 2 2 2 2 2 2 2 2 9 2 2 9 2
left_child=1 2 5 4 -4 6 7 8 -1 -7 -11 -9 -10 -14
right_child=-2 -3 3 -5 -6 9 -8 11 12 10 -12 -13 13 -15
leaf_value=-0.033958968801348403 -0.018719821358588514 -0.031694376549908539 0.016403302290775988 -0.033206732016169971 -0.0095857894437001261 0.015527077964686511 -0.033905361932732477 0.0090868819108337259 0.0066431061934054125 0.011002079109912554 -0.035676830440336253 -0.051831203330297108 -0.031291653614533996 0.012756595016291878
leaf_weight=63.7399200781947 49.654334852821194 16.306668035686016 296.96196795627475 10.874932828824965 43.301616569980979 209.62999762315303 31.860255840467289 346.87175703444518 174.70105611474719 32.779426331166178 26.792514342349023 6.1855381212662897 46.104807367315516 22.106403388082981
leaf_count=1510 722 336 667 141 107 502 387 2648 732 180 222 73 1109 41
internal_value=0.00355946 0.00440581 0.00487832 0.0115539 0.0130776 0.00242909 -0.000678057 0.000975523 -0.00696923 0.0103842 -0.00878401 0.00787622 0.000223046 -0.0148871
internal_weight=1377.87 1328.22 1311.91 351.139 340.264 960.772 691.57 659.709 306.652 269.202 59.5719 353.057 242.912 68.2112
internal_count=9377 8655 8319 915 774 7404 6500 6113 3392 904 402 2721 1882 1150
cat_boundaries=0 1 2
cat_threshold=129 298
is_linear=0
shrinkage=0.03


Tree=154
num_leaves=15
num_cat=1
split_feature=51 33 63 79 17 63 8 57 39 49 6 49 77 76
split_gain=34.5854 31.4557 41.4882 25.9448 29.2208 52.5567 29.4141 40.1533 34.8579 26.9926 46.9646 41.2351 43.5182 27.95
threshold=0.33396757666708904 0.038855345364106765 0.017365115981032939 0.075610649626347767 0.00035452613656169145 0.0012799191126505747 1.0000000180025095e-35 0.0013989354509245384 0.0064154010783224269 0.0034866180394832178 0 0.16882962593314829 0.0086893600956395919 0.0043876325147207736
decision_type=2 2 2 2 2 2 2 2 2 2 9 2 2 2
left_child=1 2 3 4 5 6 -1 8 9 13 -11 -12 -13 -8
right_child=-2 -3 -4 -5 -6 -7 7 -9 -10 10 11 12 -14 -15
leaf_value=0.012759392235054868 -0.034778472975059545 0.020048592780370349 -0.022155460896133346 -0.029379151761077804 0.011799649429397754 -0.039134756530414379 -0.0063846821465726056 -0.025496172781225009 -0.041306299185161731 0.026292490034768478 -0.031826308536806694 -0.03482118593277525 0.018806668208541561 0.012581120730866514
leaf_weight=182.4904702375643 21.325787873240188 88.550665414892137 61.653781600412913 21.01067533576861 286.62070898222737 27.724617696832865 302.16358919604681 53.444905801210552 15.742488629883153 87.924216378480196 30.200198116712272 15.948780879843978 68.951125061139464 89.920894076116383
leaf_count=404 693 194 1415 359 1184 375 3012 458 217 70 249 342 178 253
internal_value=0.00225661 0.00287504 0.00163727 0.00289584 0.00350463 0.00077557 0.00212689 -0.000808776 0.00138933 0.00258616 0.0114366 -0.00212225 0.00844437 -0.00201411
internal_weight=1353.67 1332.35 1243.8 1182.14 1161.13 874.511 846.787 664.296 610.851 595.109 203.024 115.1 84.8999 392.084
internal_count=9403 8710 8516 7101 6742 5558 5183 4779 4321 4104 839 769 520 3265
cat_boundaries=0 1
cat_threshold=324
is_linear=0
shrinkage=0.03


Tree=155
num_leaves=15
num_cat=1
split_feature=6 75 2 4 65 65 79 2 51 1 49 2 76 1
split_gain=33.723 36.1516 33.8252 44.2955 31.5297 33.353 30.9495 27.5843 28.5264 26.3812 36.2843 33.2327 29.9349 26.8388
threshold=0 0.1129589035934485 4406.0000000000009 2.2179731450359234e-05 0.36324025438330848 0.017005696700839495 0.041130331898574089 793.50000000000011 0.10427235078898343 14.500000000000002 0.67872402737332937 1426.5000000000002 0.046433287488643574 13.500000000000002
decision_type=9 2 2 2 2 2 2 2 2 2 2 2 2 2
left_child=2 4 3 -1 5 6 7 8 -2 11 -11 -5 13 -13
right_child=1 -3 -4 9 -6 -7 -8 -9 -10 10 -12 12 -14 -15
leaf_value=0.025583762012502044 -0.025641885784699493 -0.028792337364737491 0.0060810712736770398 -0.030392872735513186 -0.06148634656415429 0.022479638017770059 -0.038466234383115638 0.0081400898890402838 0.032031880595195739 -0.0360240038847148 0.020362331425874521 -0.021484493060791587 0.027031853272560261 0.026558111114996372
leaf_weight=25.372240480966866 40.00193639472127 24.036336820339784 183.41240339796059 35.893083229660988 4.8938022851943961 126.11125127784908 12.915012127486987 739.32568955118768 8.6091070142574591 74.024355129338801 11.239135444164274 41.111001893179491 30.414325178833678 12.996787196258081
leaf_count=133 429 577 1208 1123 41 312 374 3012 10 1219 36 844 52 68
internal_value=0.00368921 0.00674497 -0.00343729 -0.0111349 0.0077638 0.00819527 0.00592066 0.00669604 -0.014988 -0.0157663 -0.0284415 -0.006631 0.00369708 -0.00967205
internal_weight=1370.36 955.893 414.463 231.051 931.857 926.963 800.852 787.937 48.611 205.679 85.2635 120.415 84.5221 54.1078
internal_count=9438 4755 4683 3475 4178 4137 3825 3451 439 3342 1255 2087 964 912
cat_boundaries=0 1
cat_threshold=2610
is_linear=0
shrinkage=0.03


Tree=156
num_leaves=15
num_cat=1
split_feature=39 4 6 26 49 3 65 75 33 36 5 36 38 57
split_gain=39.9173 31.2459 27.9831 38.1261 37.142 37.1262 35.4759 41.5229 40.5485 33.2116 32.2654 31.0943 27.6678 35.5587
threshold=0.023514053140838584 0.00028053577704369501 0 0.015316797080651484 0.0016945493828262707 1935.5000000000002 0.14790937864401135 0.011454437350942344 0.00021800001776683522 0.85591823252810395 32658.81708995072 0.042585772974573458 0.0053454306908957772 0.016328591226468177
decision_type=2 2 9 2 2 2 2 2 2 2 2 2 2 2
left_child=1 2 3 5 6 10 7 9 -8 -4 -1 -9 13 -6
right_child=-2 -3 4 -5 12 -7 8 11 -10 -11 -12 -13 -14 -15
leaf_value=0.005410744131178361 -0.03453244220294617 -0.028100852507458248 -0.024445661343845421 -0.0094794864869278076 0.0032358923641343552 0.01726978054652771 0.028177375980379976 -0.024331057417942774 -0.039480700456744282 0.030998297477132803 -0.030982695223809132 0.023231026682679633 0.019376552510266279 -0.040991531324517987
leaf_weight=169.43439402827062 25.439468743628822 27.97508457233198 165.28564417071175 94.177445016801357 257.39652632805519 330.65141930920072 37.430606147274375 17.113048621220514 9.1291952189058048 9.4927480388432723 24.161940481048077 38.328104073181748 92.013749845325947 16.466885970905423
leaf_count=743 549 236 3756 453 1308 1036 212 454 84 28 120 137 169 113
internal_value=0.00196069 0.00270709 0.00341224 0.00789277 -0.00101182 0.0111759 -0.00930169 -0.0141285 0.0143602 -0.0212751 0.000732759 0.00837904 0.00524 0.000437122
internal_weight=1314.5 1289.06 1261.08 618.425 642.657 524.248 276.779 230.22 46.5598 174.778 193.596 55.4412 365.877 273.863
internal_count=9398 8849 8613 2352 6261 1899 4671 4375 296 3784 863 591 1590 1421
cat_boundaries=0 1
cat_threshold=456
is_linear=0
shrinkage=0.03


Tree=157
num_leaves=15
num_cat=0
split_feature=4 63 48 65 39 2 8 65 44 2 57 42 4 36
split_gain=38.1402 33.5135 34.515 32.4687 30.4195 28.5881 30.4161 28.0474 26.0585 21.7169 23.0021 66.431 31.3109 38.4085
threshold=0.00021419456511935088 0.031068805026481235 0.24557030627144305 0.00013410822801893958 0.011163537876125101 793.50000000000011 1.5000000000000002 0.11790308131771547 0.11314205888673975 810.50000000000011 0.00042375924728865912 0.098752675717678803 4.6787864853757997e-05 0.005947939560510246
decision_type=2 2 2 2 2 2 2 2 2 2 2 2 2 2
left_child=1 2 3 5 -2 6 -1 -3 9 -7 12 -12 13 -11
right_child=4 7 -4 -5 -6 8 -8 -9 -10 10 11 -13 -14 -15
leaf_value=0.0062576049932442038 -0.030740498311898262 -0.036058768847908367 -0.031878567431719164 0.014483679266051496 0.015286704322601 0.034890535281449163 -0.033877547431929611 0.009471583638770693 -0.034208030622363883 -0.031910118976844835 -0.039708578226154416 0.0094283587442783468 0.008972306262372623 0.0060648086607237002
leaf_weight=30.763440254144371 49.147258939687163 32.066859756829217 21.182707421481609 297.99792119394988 16.715752652846277 20.753822842147201 36.246226862771437 18.725453062448651 14.319506912026553 39.051737008616328 37.991437767632306 67.083082751370966 609.76689412468113 59.063336710445583
leaf_count=195 464 1116 172 1056 53 35 854 114 221 1004 279 235 3314 283
internal_value=0.00309119 0.00423763 0.00522592 0.00589958 -0.0190051 0.00309127 -0.0156308 -0.0194144 0.00458732 0.00529384 0.00449634 -0.00854477 0.00644142 -0.00921942
internal_weight=1350.88 1285.01 1234.22 1213.04 65.863 915.039 67.0097 50.7923 848.03 833.71 812.956 105.075 707.882 98.1151
internal_count=9395 8878 7648 7476 517 6420 1049 1230 5371 5150 5115 514 4601 1287
is_linear=0
shrinkage=0.03


Tree=158
num_leaves=15
num_cat=0
split_feature=71 39 27 57 0 41 36 70 28 4 52 2 80 70
split_gain=28.0932 33.6884 23.7777 33.6761 33.2505 28.2813 28.9959 27.863 33.1201 23.8118 41.0791 48.255 26.4045 28.7343
threshold=0.0012733448813535507 0.00083302147217019929 0.00068516623320532936 0.0097122250418097463 27.500000000000004 0.013032341099168671 0.29443536673928833 0.043968918518454435 0.037794088921203707 5.6692801707137226e-05 0.41367643134064785 810.50000000000011 0.075120367501061658 0.06430648241989731
decision_type=2 2 2 2 2 2 2 2 2 2 2 2 2 2
left_child=2 -2 3 5 7 9 -7 -4 -9 10 11 -1 13 -11
right_child=1 -3 4 -5 -6 6 -8 8 -10 12 -12 -13 -14 -15
leaf_value=0.0071295764313413544 0.012840401559153235 -0.012521953728680039 0.013704689232822299 -0.036171895804760337 -0.041803193513314379 -0.0063694796984470311 0.033363936162869152 -0.046485883353120476 0.0091949496164512017 -0.0068079849808880769 0.031456754107196172 -0.030321823127850624 0.018247650689934954 0.018040857470156824
leaf_weight=44.737814572639763 376.84034209093079 53.043300500605255 231.21429630182683 25.119317044503987 10.755588807165621 27.807253260631114 38.783456068485975 15.264556476846336 22.8712542578578 276.05838170042261 15.577169416472314 97.229441880248487 61.377187530510128 48.36214233841747
leaf_count=737 1632 521 361 336 61 447 74 90 50 2673 72 2039 176 161
internal_value=0.00337286 0.00968914 0.000398522 -0.00281316 0.00766411 -0.00138236 0.0169231 0.00978674 -0.0137106 -0.00365281 -0.0134407 -0.0185525 0.000368573 -0.00305965
internal_weight=1345.04 429.884 915.158 635.052 280.106 609.933 66.5907 269.35 38.1358 543.342 157.544 141.967 385.798 324.421
internal_count=9430 2153 7277 6715 562 6379 521 501 140 5858 2848 2776 3010 2834
is_linear=0
shrinkage=0.03


Tree=159
num_leaves=15
num_cat=0
split_feature=72 39 81 40 75 85 58 73 38 58 77 72 38 0
split_gain=31.8857 31.343 33.3607 25.3616 26.8234 24.5665 30.2817 23.2841 24.1252 23.9537 20.306 19.7673 19.6391 37.7685
threshold=0.26378244943462342 0.0044955227416366454 0.0024603242657950538 0.015270229491607052 0.076258010579528426 0.00894019529634907 0.1066299314557559 0.12231068931553642 0.19613219800837065 0.010105121085414724 0.097547904739497579 0.10275625607446441 0.13787685475628239 28.500000000000004
decision_type=2 2 2 2 2 2 2 2 2 2 2 2 2 2
left_child=1 2 3 4 7 6 -3 8 9 10 12 -9 13 -1
right_child=-2 5 -4 -5 -6 -7 -8 11 -10 -11 -12 -13 -14 -15
leaf_value=0.0050621838717189579 0.018270716757969534 -0.033410566925215796 -0.035332559717097117 0.016317565994978377 -0.037970134377765107 0.027475218369280473 0.037594588811323965 -0.041382965226654356 -0.035586813114286665 -0.040783713646795894 -0.027993686565171198 0.0070937647969629061 0.032036733064038182 -0.037255291177883967
leaf_weight=888.4414279316552 110.60571270436049 49.731295458041131 19.454014835879207 119.89609956578352 14.056955576874314 8.0915164211764914 5.2172603607177725 18.748938972712498 13.231501165777443 9.7465250799432379 16.254696822259575 11.859266757499425 22.366792206652462 18.405637271469459
leaf_count=5509 290 825 160 599 273 11 1 758 212 170 240 65 38 277
internal_value=0.00292391 0.00151354 0.00264652 0.00332922 0.00177754 -0.0189168 -0.0261173 0.00237421 0.0031981 0.003772 0.00427392 -0.0229703 0.00486786 0.0041632
internal_weight=1326.11 1215.5 1152.46 1133.01 1013.11 63.0401 54.9486 999.055 968.447 955.215 945.469 30.6082 929.214 906.847
internal_count=9428 9138 8301 8141 7542 837 826 7269 6446 6234 6064 823 5824 5786
is_linear=0
shrinkage=0.03


Tree=160
num_leaves=15
num_cat=0
split_feature=77 63 33 1 0 37 44 44 28 1 5 42 5 45
split_gain=40.7753 36.607 39.2459 37.6872 35.277 45.4299 32.6642 38.1464 33.3685 42.1355 52.6493 47.5033 45.5402 35.6377
threshold=0.0818666240521954 0.0014285779883683142 0.00029501252080187232 38.500000000000007 25.500000000000004 0.0025154135914462147 0.0039237523445758505 0.08155295433771266 0.0035890541095394131 46.500000000000007 68393.414107323624 0.00025234084128638034 54379.651386426798 0.35467623201809756
decision_type=2 2 2 2 2 2 2 2 2 2 2 2 2 2
left_child=1 2 6 4 5 -3 8 -8 9 11 12 13 -11 -1
right_child=-2 3 -4 -5 -6 -7 7 -9 -10 10 -12 -13 -14 -15
leaf_value=-0.031589958946395817 -0.035110443771956733 -0.027513571603372453 0.018211768291112783 -0.047312825481696359 0.022315228274386933 0.0081899326711141768 -0.047114898259589935 0.0027053004330448208 0.00767370979407075 -0.031249328957184686 -0.03134571619351835 0.0014339987564897614 0.048687295034190017 0.024722494305218098
leaf_weight=91.580642903922126 25.642290665535256 73.083672200213186 158.76223329547793 20.534420723794028 32.819740081205964 55.919320138520561 24.576527032768354 29.900201676879078 582.942819415126 7.0739986184053114 13.536082686856387 135.78468060214072 35.16454830346629 10.612789683509616
leaf_count=2174 346 1383 313 290 208 329 249 221 2707 132 143 812 42 48
internal_value=0.00162351 0.00239085 0.00447373 -0.0100149 -0.00502046 -0.0120931 0.00211441 -0.0202146 0.00352336 -0.00471096 0.0185435 -0.0102159 0.0348866 -0.025559
internal_weight=1297.93 1272.29 1089.93 182.357 161.823 129.003 931.172 54.4767 876.696 293.753 55.7746 237.978 42.2385 102.193
internal_count=9397 9051 6841 2210 1920 1712 6528 470 6058 3351 317 3034 174 2222
is_linear=0
shrinkage=0.03


Tree=161
num_leaves=15
num_cat=1
split_feature=86 44 37 73 57 39 27 5 6 70 27 17 36 88
split_gain=31.1271 27.3377 32.0987 27.3623 26.3979 62.7836 39.8509 47.7592 28.279 72.5987 49.713 29.4881 26.2771 23.1815
threshold=0.0014640164234748013 0.09341003421187577 0.0077619865427625443 0.11226355459370242 0.00077085193300659323 0.00161287526115489 0.0048921243187217793 4157.751361138201 0 0.022460505108790215 0.0045238604484120204 0.0040765548472272888 0.65337459334388759 0.00025209606086400892
decision_type=2 2 2 2 2 2 2 2 9 2 2 2 2 2
left_child=1 3 -3 4 8 6 7 -6 9 10 -1 12 13 -10
right_child=-2 2 -4 -5 5 -7 -8 -9 11 -11 -12 -13 -14 -15
leaf_value=-0.031788313295404151 -0.03888735264591258 -0.037505608408611613 0.018527474437760479 -0.016807086839204871 0.015552242570872118 0.028040285443430887 0.012351894409562494 -0.042750192147099221 0.0024782627527574633 0.026963083537266647 0.032291276025548807 0.017261558681952529 0.027727887907582866 0.041959120700956719
leaf_weight=74.455568697769195 15.443374363938345 29.557950684800744 12.444254267960785 56.109084036783315 15.433542822487651 31.771765302866697 25.392773158848286 59.396713624242693 634.78889410058036 37.099521801806986 11.904771164059637 227.74676750274375 41.311230590566993 12.67994536901824
leaf_count=1512 284 433 19 1178 99 27 41 508 4552 70 5 574 74 43
internal_value=0.00212899 0.00265792 -0.0208595 0.00347856 0.00446324 -0.00813161 -0.0197622 -0.030679 0.00606805 -0.00709961 -0.0226864 0.00783953 0.00481726 0.00331496
internal_weight=1285.54 1270.09 42.0022 1228.09 1171.98 131.995 100.223 74.8303 1039.99 123.46 86.3603 916.527 688.78 647.469
internal_count=9419 9135 452 8683 7505 675 648 607 6830 1587 1517 5243 4669 4595
cat_boundaries=0 1
cat_threshold=1632
is_linear=0
shrinkage=0.03


Tree=162
num_leaves=15
num_cat=0
split_feature=74 33 37 63 0 51 27 75 17 44 51 1 5 2
split_gain=35.2221 28.1009 34.0406 26.0907 39.4233 23.6276 23.0999 26.6377 23.4919 22.3037 21.2462 24.4379 22.7339 49.7715
threshold=0.93603994896957921 0.016126610138581111 0.02432772618908691 0.0018861254274520967 25.500000000000004 0.36545518207282918 0.0093370441361122804 1.0000000180025095e-35 0.0046478204354909866 0.09341003421187577 0.30535413998843336 22.500000000000004 22866.276438598168 3832.5000000000005
decision_type=2 2 2 2 2 2 2 2 2 2 2 2 2 2
left_child=1 2 3 5 6 10 7 8 -5 -3 12 -12 -1 -14
right_child=-2 9 -4 4 -6 -7 -8 -9 -10 -11 11 -13 13 -15
leaf_value=0.0093005014893527867 -0.044074783556246944 0.022359340988326724 -0.040802782676734844 -0.037166939446597685 0.021966026023798324 -0.032859912769091726 0.027305453187600384 -0.043352855950086693 0.0022749505184951621 -0.019656856919949336 -0.032524746943572491 0.034355392775924511 -0.010064878756334635 0.0084260607334904741
leaf_weight=467.37599157216027 12.821716370526699 106.11782118212432 14.984096970641984 18.797918429714628 27.693727560224943 13.762677997583522 8.5164179354906064 33.201902347966097 43.01459673140198 11.948678038548676 4.8422616077587 37.097035524435341 234.46067909570411 294.33527400251478
leaf_count=3643 99 211 184 510 194 588 5 792 357 84 79 113 1518 1065
internal_value=0.00357853 0.00407587 0.00269204 0.0032769 -0.00928957 0.00485194 -0.0177804 -0.0220638 -0.0101205 0.0179778 0.00538304 0.0260559 0.00448745 0.000223916
internal_weight=1328.97 1316.15 1198.08 1183.1 131.225 1051.87 103.531 95.0144 61.8125 118.066 1038.11 41.9393 996.172 528.796
internal_count=9442 9343 9048 8864 1858 7006 1664 1659 867 295 6418 192 6226 2583
is_linear=0
shrinkage=0.03


Tree=163
num_leaves=15
num_cat=0
split_feature=26 71 45 57 8 3 1 77 42 3 48 1 48 4
split_gain=37.0327 42.9077 28.5348 23.8541 53.5062 30.3055 34.0168 26.2051 22.8926 28.0305 36.4289 34.984 24.0079 28.0387
threshold=0.0021975700266056585 0.0014643432734558674 0.00025630712924651556 0.00077085193300659323 1.0000000180025095e-35 408.50000000000006 29.500000000000004 0.0004884012165305028 0.050487784185878327 1935.5000000000002 0.17092855065220841 16.500000000000004 0.11180941979158951 7.6101980434913874e-05
decision_type=2 2 2 2 2 2 2 2 2 2 2 2 2 2
left_child=3 -2 -3 8 5 -5 -7 -6 9 11 -11 12 13 -1
right_child=1 2 -4 4 7 6 -8 -9 -10 10 -12 -13 -14 -15
leaf_value=0.0052319486339823546 -0.039220095576121633 0.0051570151340806347 -0.043807000272680377 0.033717161098373402 0.020949536684802199 -0.044694314087841504 0.007738452797854325 -0.040597657927832813 -0.014160835462157951 0.011830690157747339 -0.047776627969136481 -0.031608649112010639 0.02495361754933877 -0.016716220754870503
leaf_weight=227.24508655676618 36.761524548521265 81.049441507551819 11.321143652312456 25.614420691505075 6.6385154835879794 13.581103932112454 46.274236425757408 42.19423626922071 46.782552307471633 617.1762879001908 8.4021888095885497 27.243094330653548 39.049744023475796 66.988922033808194
leaf_count=2614 537 204 96 41 43 78 85 442 279 3532 54 483 115 690
internal_value=0.0029077 -0.012277 -0.00124902 0.00459673 -0.00725827 0.00707183 -0.00469742 -0.0319782 0.00614372 0.00712037 0.0109551 0.000454485 0.00316209 0.000195265
internal_weight=1296.32 129.132 92.3706 1167.19 134.303 85.4698 59.8553 48.8328 1032.89 986.105 625.578 360.527 333.284 294.234
internal_count=9293 837 300 8456 689 204 163 485 7767 7488 3586 3902 3419 3304
is_linear=0
shrinkage=0.03


Tree=164
num_leaves=15
num_cat=1
split_feature=44 86 38 6 2 4 0 49 2 1 65 44 36 27
split_gain=30.7257 30.402 26.2753 24.9827 48.9996 29.2699 36.9606 48.386 35.5336 31.8736 30.6445 41.8392 28.8298 22.8026
threshold=0.011480617935397666 0.0014640164234748013 0.18371193684694831 0 619.50000000000011 2.2179731450359234e-05 24.500000000000004 0.071072542755121232 7525.0000000000009 13.500000000000002 0.20020448428209009 0.00026149782397796813 0.6107409814754633 0.0097138929715453685
decision_type=2 2 2 9 2 2 2 2 2 2 2 2 2 2
left_child=1 2 3 5 -5 -1 7 10 12 -9 11 -7 -8 -6
right_child=-2 -3 -4 4 13 6 8 9 -10 -11 -12 -13 -14 -15
leaf_value=0.028365996615374266 -0.012697715888170997 -0.03748149835610514 -0.03507213639164225 -0.04290422015765747 0.010718838737104726 -0.033601852656382089 0.018606865083859055 -0.035725043879197629 -0.040618550431529427 0.0098238600709498729 0.013281744399633222 0.010210440927491668 -0.034695463009725265 -0.048649116246677303
leaf_weight=29.329132155049592 101.08004279143643 14.373848376562817 13.567330338060854 15.006482713855801 692.38715484389104 104.73552173678763 121.5592061924981 14.622166470624505 10.388042391277848 120.0909149046056 20.69106060732156 23.59560408256948 8.956196475774048 4.9021549299359313
leaf_count=135 801 275 230 231 3076 2485 895 253 113 414 164 149 80 24
internal_value=0.00310553 0.00445266 0.00499485 0.0054906 0.00892916 -0.000106344 -0.00213741 -0.00836638 0.0103764 0.00465303 -0.0200882 -0.0255296 0.0147132 0.0102324
internal_weight=1295.28 1194.2 1179.83 1166.26 712.296 453.968 424.639 283.735 140.903 134.713 149.022 128.331 130.515 697.289
internal_count=9325 8524 8249 8019 3331 4688 4553 3465 1088 667 2798 2634 975 3100
cat_boundaries=0 1
cat_threshold=626
is_linear=0
shrinkage=0.03


Tree=165
num_leaves=15
num_cat=1
split_feature=33 40 48 5 5 5 48 79 0 0 0 9 14 49
split_gain=30.6134 30.8 27.7989 46.6118 33.2598 32.1536 27.2874 30.3682 26.6956 32.4951 24.828 36.2688 50.9648 30.347
threshold=0.014617979532486468 0.0050481344778458143 0.16024017458896619 9047.3713778577057 5131.4925933578015 8361.8226556015616 0.10678209602916748 0.029812239955196794 16.500000000000004 23.500000000000004 24.500000000000004 0 0.84035676549195115 0.35720145318176494
decision_type=2 2 2 2 2 2 2 2 2 2 2 9 2 2
left_child=2 -2 4 -4 -1 8 7 10 -6 -10 11 -7 13 -13
right_child=1 -3 3 -5 5 6 -8 -9 9 -11 -12 12 -14 -15
leaf_value=-0.011590085287305884 -0.024414371864348729 0.022681880998672369 0.015190870128394676 -0.043454075958570156 -0.02628503501953082 0.0050614110694805125 0.023790116751146319 -0.025592348623378263 0.033977257336493531 -0.02926160458701409 0.011573966364899142 -0.020106843723045217 0.034534535891933539 0.018808470285737768
leaf_weight=115.77015396184288 13.128887307830153 118.95262238942087 20.147089688573033 28.423346084542572 8.3286575796082598 451.88372255163267 56.340720546431839 32.495127093861811 72.566416112240404 7.3573068458354092 247.12802647182252 156.39104439190123 19.315591397695243 19.575630981009454
leaf_count=1984 109 209 91 199 173 2373 75 638 343 125 1251 1787 46 74
internal_value=0.00417918 0.0178522 0.00270447 -0.0193124 0.00362075 0.00527366 0.00370433 0.00245896 0.0225185 0.0278662 0.00350568 0.000411613 -0.0100641 -0.0156958
internal_weight=1367.8 132.082 1235.72 48.5704 1187.15 1071.38 983.13 926.789 88.2524 79.9237 894.294 647.166 195.282 175.967
internal_count=9477 318 9159 290 8869 6885 6244 6169 641 468 5531 4280 1907 1861
cat_boundaries=0 1
cat_threshold=193
is_linear=0
shrinkage=0.03


Tree=166
num_leaves=15
num_cat=0
split_feature=77 82 72 3 4 2 2 71 3 49 76 14 5 5
split_gain=38.4863 29.992 25.0974 23.4516 44.0774 36.79 23.5183 22.2505 25.527 34.718 26.931 39.0712 65.0884 35.0834
threshold=0.0818666240521954 0.0013439054133326401 0.00019122414460882113 2991.5000000000005 8.1261855995100695e-05 2413.5000000000005 1319.5000000000002 0.02191011927475044 2315.5000000000005 0.33171877114241149 0.0037712145633829529 0.0072674723930577978 8361.8226556015616 40022.158080400201
decision_type=2 2 2 2 2 2 2 2 2 2 2 2 2 2
left_child=1 2 7 4 6 -6 -4 8 -1 10 11 12 -10 -13
right_child=-2 -3 3 -5 5 -7 -8 -9 9 -11 -12 13 -14 -15
leaf_value=0.0076630362089603584 -0.033888298594297865 -0.032359080581016546 -0.0015895285727555097 0.017911517690407979 -0.04302073218140158 -0.00032231121972146285 0.02282466445592567 -0.02596933932302789 0.017127925588105102 0.019958898781606334 0.005247548012157972 -0.03031473479624636 -0.035464947967746574 0.0084138867222465774
leaf_weight=390.82681486872025 23.939469842473045 19.391736953984946 57.091535447398201 193.89056131104007 25.216682007070631 59.157651884714141 92.411244078772143 25.117082177312113 26.506494069704786 50.959595513064414 121.69334349827841 25.871965468162671 95.073941795621067 96.188285206211731
leaf_count=3650 330 214 311 448 230 223 240 835 289 124 414 243 1617 264
internal_value=0.00302873 0.00374543 0.00432631 0.010223 0.00379982 -0.0134379 0.0135529 0.00128681 0.00216609 -0.00300057 -0.00624887 -0.0119891 -0.0239527 2.53105e-05
internal_weight=1303.34 1279.4 1260.01 427.768 233.877 84.3743 149.503 832.238 807.12 416.294 365.334 243.641 121.58 122.06
internal_count=9432 9102 8888 1452 1004 453 551 7436 6601 2951 2827 2413 1906 507
is_linear=0
shrinkage=0.03


Tree=167
num_leaves=15
num_cat=1
split_feature=33 40 2 4 0 6 0 49 72 27 5 79 75 8
split_gain=27.4858 34.5492 24.4998 46.4606 27.8708 24.3429 35.792 26.4347 31.4086 35.7169 40.2349 25.8756 25.7089 24.7082
threshold=0.016126610138581111 0.0026863969805547444 7066.0000000000009 0.00020858098867895632 16.500000000000004 0 25.500000000000004 0.41869428795550173 0.45291373133239637 0.0024978652065998264 5283.9335891513101 0.0055357857607444853 0.089188317504242234 1.0000000180025095e-35
decision_type=2 2 2 2 2 9 2 2 2 2 2 2 2 2
left_child=2 -2 3 5 -4 12 7 8 9 10 11 13 -1 -7
right_child=1 -3 4 -5 -6 6 -8 -9 -10 -11 -12 -13 -14 -15
leaf_value=0.004744798424106602 -0.03577863346453377 0.021804712977957004 -0.019076989321213832 -0.045945679173440689 0.014942034678176029 0.034363646899650463 0.011941039783595765 0.01104218905063706 0.034461350951226252 0.0068170071378531646 -0.033758135312643302 0.038274164712765311 -0.035743622736551295 -0.031832945958709537
leaf_weight=651.12073721166234 9.3764677322469634 106.45143828354776 23.688521787058562 18.695929635316133 183.74499205499887 5.9704454438760903 72.479230722878128 37.079650655854493 9.5388878956437093 38.271646266803145 118.11198649543803 11.247205684310755 13.436243232688865 18.331555233919062
leaf_count=3109 105 200 400 228 810 15 630 255 12 76 2314 22 484 829
internal_value=0.00298444 0.0168769 0.00163249 -0.000327607 0.0109842 0.000592759 -0.00620841 -0.0120088 -0.0162847 -0.0189723 -0.0253981 0.00254181 0.00381637 -0.0148546
internal_weight=1317.54 115.828 1201.72 994.284 207.434 975.588 311.031 238.551 201.472 191.933 153.661 35.5492 664.557 24.302
internal_count=9489 305 9184 7974 1210 7746 4153 3523 3268 3256 3180 866 3593 844
cat_boundaries=0 1
cat_threshold=4428
is_linear=0
shrinkage=0.03


Tree=168
num_leaves=15
num_cat=0
split_feature=75 64 73 58 48 26 40 72 73 40 0 28 41 76
split_gain=25.5676 24.623 23.8313 23.7972 23.4408 25.2131 44.4007 24.8489 32.2003 25.9949 21.5266 20.3584 20.077 26.6187
threshold=0.089188317504242234 0.060318518656960508 0.28374564987138756 0.010105121085414724 0.24557030627144305 0.015316797080651484 0.0013808976565737722 0.02367323966310881 0.062541619751413632 0.35972498755599808 29.500000000000004 0.0023648886493898374 0.025690809038368508 0.057367045729041256
decision_type=2 2 2 2 2 2 2 2 2 2 2 2 2 2
left_child=1 2 3 4 5 7 -7 8 9 10 12 -9 13 -1
right_child=-2 -3 -4 -5 -6 6 -8 11 -10 -11 -12 -13 -14 -15
leaf_value=0.0058923628371331718 -0.024529450704253605 -0.027720105441774823 -0.026873922601676654 -0.040031511329745098 -0.024557067511317806 -0.025979342917564058 0.013492722407548507 -0.030110398753885052 -0.040843036376433037 -0.053007032039008119 -0.036320029635901196 0.018375866370031035 0.019045801733524617 -0.015549666171601344
leaf_weight=697.8379569380777 30.677449704380706 22.404866565018892 22.051930828602053 9.9902551978593674 23.777145293075591 59.022668446297757 43.947684593964368 7.2738622911274424 13.063255367567761 5.9214068513829252 10.009524036664514 176.97698990767822 92.567251417087391 55.352410141378641
leaf_count=5023 712 225 781 212 182 514 102 55 348 117 163 418 271 237
internal_value=0.00208922 0.00276689 0.00335007 0.00392945 0.00433325 0.00494504 -0.00916495 0.00632435 0.00420493 0.00493441 0.00539673 0.0163095 0.00593276 0.00429805
internal_weight=1270.87 1240.2 1217.79 1195.74 1185.75 1161.97 102.97 1059 874.752 861.689 855.767 184.251 845.758 753.19
internal_count=9360 8648 8423 7642 7430 7248 616 6632 6159 5811 5694 473 5531 5260
is_linear=0
shrinkage=0.03


Tree=169
num_leaves=15
num_cat=0
split_feature=8 63 17 79 39 37 82 39 24 72 39 4 45 46
split_gain=32.7988 30.3265 30.1981 24.4503 24.8389 26.1735 23.7624 22.7281 21.6236 21.3681 37.2211 19.9822 29.0738 18.4523
threshold=3.5000000000000004 0.017365115981032939 0.001639075605418272 0.041130331898574089 0.024070098164239214 0.00026281237979614469 0.0013439054133326401 0.044769438394420026 0.0012331974940697039 0.031029834067490488 0.00075542412782915555 2.2179731450359234e-05 1.0000000180025095e-35 0.57689173165915297
decision_type=2 2 2 2 2 2 2 2 2 2 2 2 2 2
left_child=1 2 3 4 5 6 8 -3 11 10 -4 -1 13 -13
right_child=-2 7 9 -5 -6 -7 -8 -9 -10 -11 -12 12 -14 -15
leaf_value=0.027035144596320063 -0.03245089272292831 -0.024406537728238 0.010012204925316834 -0.035583820844911664 -0.034715480319918723 0.016763432150236242 -0.036974129070874856 0.017018968976297455 0.033275400924321283 0.022754926943942842 -0.046803566561567873 0.00079645116852917444 -0.037004704030739813 0.032852837369210075
leaf_weight=25.66285289498046 21.642384133418091 53.250961399404332 165.36889347736724 14.030575614189727 14.461726917652411 117.7677661976777 13.085043264552949 14.501354885287581 18.826334753073752 124.84610087610781 10.082715852651743 691.1262011268409 17.055029372684658 15.549670320935546
leaf_count=111 583 1237 893 322 242 217 149 180 66 235 85 4673 396 61
internal_value=0.00335409 0.00397676 0.00505881 0.00237566 0.00299694 0.00364144 0.00164464 -0.0154215 0.00234964 0.0133112 0.00650042 0.00152941 0.000588946 0.00154725
internal_weight=1317.26 1295.62 1227.86 927.565 913.535 899.073 781.305 67.7523 768.22 300.298 175.452 749.394 723.731 706.676
internal_count=9450 8867 7450 6237 5915 5673 5456 1417 5307 1213 978 5241 5130 4734
is_linear=0
shrinkage=0.03


Tree=170
num_leaves=15
num_cat=1
split_feature=75 76 0 83 6 28 0 4 58 0 14 17 17 58
split_gain=24.971 25.1535 32.5313 21.4909 23.6876 42.3271 34.3125 26.5739 25.6897 25.4899 28.3231 30.7798 21.2245 20.3673
threshold=0.11063353347997544 0.0037712145633829529 27.500000000000004 0.0016507670303980719 0 0.026725115259617568 25.500000000000004 8.9307618100569253e-05 0.0038052029076130543 19.500000000000004 0.065765583012143858 0.91808795682250677 0.0023162446506587316 0.0014859954944272133
decision_type=2 2 2 2 9 2 2 2 2 2 2 2 2 2
left_child=1 2 3 4 5 6 9 -8 13 -1 11 -11 -4 -6
right_child=-2 -3 12 -5 8 -7 7 -9 -10 10 -12 -13 -14 -15
leaf_value=0.0072861802131863876 -0.027329242208927445 0.010901178295891729 -0.038462186742725356 -0.034531109129464714 0.0061936621612805765 -0.027744570420582954 -0.028889366491561347 0.035425920504332714 -0.032623017509427213 -0.037569133006448215 0.01034619395350949 0.027538326871848859 0.0076580182123760498 0.035249390277702443
leaf_weight=78.240601714816876 22.452811547322199 338.93375062895939 28.342582828830928 12.834482524776829 587.43594541703351 54.896802836563438 6.0816714509855947 35.725099170114845 13.90069251693785 46.355310870683752 23.310998700093478 6.8417789433151475 12.520608775317667 21.612140734679997
leaf_count=936 627 823 455 132 3548 662 190 106 324 1135 147 72 111 88
internal_value=0.00335443 0.0039193 0.00136058 0.00257719 0.00316069 -0.00452905 0.00183328 0.0256136 0.00623951 -0.0047144 -0.0169224 -0.0288419 -0.0244854 0.0072808
internal_weight=1289.49 1267.03 928.099 887.236 874.401 251.452 196.555 41.8068 622.949 154.749 76.5081 53.1971 40.8632 609.048
internal_count=9356 8729 7906 7340 7208 3248 2586 296 3960 2290 1354 1207 566 3636
cat_boundaries=0 1
cat_threshold=610
is_linear=0
shrinkage=0.03


Tree=171
num_leaves=15
num_cat=1
split_feature=39 72 28 4 2 42 1 41 81 74 74 6 2 4
split_gain=29.5956 26.4114 26.8243 25.6177 44.2593 28.5894 22.1936 21.725 21.7249 20.223 26.3512 23.9437 27.2608 34.8279
threshold=0.019514502442987251 0.26378244943462342 0.0045003347701046735 0.00020183589656460257 9817.5000000000018 0.030070852215047465 291.00000000000006 0.1328649010205519 0.0039517436373413912 0.82980550716572499 0.9956553091478092 0 5562.0000000000009 8.589105646523671e-05
decision_type=2 2 2 2 2 2 2 2 2 2 2 9 2 2
left_child=1 3 -3 7 -5 6 -6 8 9 11 -11 -1 -13 -14
right_child=-2 2 -4 4 5 -7 -8 -9 -10 10 -12 12 13 -15
leaf_value=0.0066611160609783759 -0.030662822634924005 -0.029406707162598234 0.020865515999216756 -0.0465163611425835 -0.038951655322066361 0.026267238754950527 0.032205642234029469 -0.038124615802970198 -0.033670576906098898 -0.034875968584367416 0.034362116827416724 -0.0085772219803117323 -0.0251399554035475 0.018562788578090236
leaf_weight=626.67809891758952 25.045840399106964 9.7293836018070561 95.160464032553136 26.974063083063811 15.648286921903493 20.954159004613757 4.3381066322326651 11.327988909790291 14.190228262916206 24.056177480146292 5.3116320064291349 244.92529543646378 19.592221882892773 81.08554975152947
leaf_count=3281 578 82 211 299 205 26 1 249 127 147 5 3525 330 365
internal_value=0.000976369 0.00166172 0.0159687 0.000278047 -0.0174294 0.00238704 -0.0227081 0.00146465 0.00194318 0.00248079 -0.021634 0.00323066 -0.00309393 0.00989448
internal_weight=1225.02 1199.97 104.89 1095.08 67.9146 40.9406 19.9864 1027.17 1015.84 1001.65 29.3678 972.281 345.603 100.678
internal_count=9431 8853 293 8560 531 232 206 8029 7780 7653 152 7501 4220 695
cat_boundaries=0 1
cat_threshold=1484
is_linear=0
shrinkage=0.03


Tree=172
num_leaves=15
num_cat=1
split_feature=79 76 6 49 17 0 4 2 41 65 14 70 28 55
split_gain=30.5455 26.1451 43.2745 39.5102 34.9517 28.1449 38.0186 98.524 58.1176 35.1252 31.7262 27.2087 24.7235 29.4701
threshold=0.083235892202222703 0.0037712145633829529 0 0.1627969163502474 0.7209433777068367 17.500000000000004 7.1432385362527211e-05 2455.5000000000005 0.0027397311685704051 0.00065543453279750163 0.80040788579197841 1.0000000180025095e-35 0.0035890541095394131 0.0013213837018227887
decision_type=2 2 9 2 2 2 2 2 2 2 2 2 2 2
left_child=1 2 3 4 -1 9 10 -8 -9 -4 11 -7 13 -5
right_child=-2 -3 5 12 -6 6 7 8 -10 -11 -12 -13 -14 -15
leaf_value=-0.028284460475718889 -0.032502757964204869 0.010473294031136234 -0.024342149094536365 -0.022302499840535828 0.014652462021675102 0.01873155365119537 -0.044172645077882898 0.010741602427084527 -0.046262527300008349 0.014765457106998604 -0.032864799807710558 -0.023972017641899327 0.01515919022626711 0.039787845256346308
leaf_weight=107.40988201339496 20.463328561396338 355.69879553606734 58.05944907607045 43.133474093396217 19.604412032989785 274.30461909587029 39.15325552993454 220.75578091514762 16.372248586034402 30.975466117612086 11.215000732801853 13.285091636003925 62.829743836075068 7.2089784001000217
leaf_count=2183 554 1008 1018 660 288 1611 549 879 129 118 112 159 102 43
internal_value=0.00299334 0.00359514 0.000881112 -0.00977151 -0.0215945 0.00481713 0.00732122 -0.000704509 0.00662807 -0.0107236 0.0147196 0.0166826 0.00271465 -0.0128095
internal_weight=1280.47 1260.01 904.307 240.186 127.014 664.121 575.086 276.281 237.128 89.0349 298.805 287.59 113.172 50.3425
internal_count=9413 8859 7851 3276 2471 4575 3439 1557 1008 1136 1882 1770 805 703
cat_boundaries=0 1
cat_threshold=98
is_linear=0
shrinkage=0.03


Tree=173
num_leaves=15
num_cat=0
split_feature=2 73 71 45 87 87 87 22 65 57 8 42 42 77
split_gain=30.879 24.6387 28.7993 21.8439 21.8382 32.1705 23.7454 21.5807 19.114 19.9129 50.6377 42.9262 26.5865 32.245
threshold=470.00000000000006 0.085339039406225212 0.013052964367016419 0.0040364570604481684 0.0044602875776479896 0.0029080542891757647 1.0000000180025095e-35 0.00087072088259331545 0.42867237627545807 0.00050410000490379552 1.0000000180025095e-35 0.030070852215047465 0.080191791137919508 0.018064272391107885
decision_type=2 2 2 2 2 2 2 2 2 2 2 2 2 2
left_child=-1 2 4 -3 5 6 8 -8 9 12 11 -11 13 -2
right_child=1 3 -4 -5 -6 -7 7 -9 -10 10 -12 -13 -14 -15
leaf_value=-0.032818176455995274 0.002438437402160651 -0.0029071044306589974 0.014650423611324261 -0.041940603067590454 -0.034883233072337622 0.033312718952032049 -0.042816422589458038 0.029922787827881204 -0.047790106359390093 -0.048785860457062069 -0.032413694060139331 0.01562368386149131 -0.030680830447954454 0.01714701316301331
leaf_weight=20.154277940513566 593.8742968387669 42.551791182020679 213.29952098440845 17.623957458185032 12.869572979165239 29.589179667644203 17.158594080246989 3.8384239673614493 5.6809180579148224 9.7978374473750574 46.405764115508646 67.302646934986115 17.464541519992054 172.45299010141753
leaf_count=498 4962 594 874 567 304 48 189 1 105 57 435 133 155 489
internal_value=0.00313347 0.00373895 0.00469022 -0.0148377 0.00250167 0.00303664 0.00204286 -0.0287633 0.00278205 0.00315097 -0.00800152 0.00691874 0.00491628 0.00576646
internal_weight=1270.06 1249.91 1189.73 60.1757 976.435 963.565 933.976 20.997 912.979 907.298 123.506 77.1005 783.792 766.327
internal_count=9411 8913 7752 1161 6878 6574 6526 190 6336 6231 625 190 5606 5451
is_linear=0
shrinkage=0.03


Tree=174
num_leaves=15
num_cat=0
split_feature=79 33 76 76 4 4 50 35 0 27 80 49 4 5
split_gain=33.1024 32.7458 42.1153 32.234 24.718 36.6895 22.7866 37.3334 33.3706 25.4816 23.5282 35.9454 24.5277 22.0984
threshold=0.083235892202222703 0.0030410925120996335 0.057367045729041256 0.0037712145633829529 2.2179731450359234e-05 3.166275345010442e-05 0.042309930518118009 0.00016010276902233994 16.500000000000004 0.0035290658117785446 0.015966047962792187 0.1627969163502474 0.00013615362652898304 45651.571357974135
decision_type=2 2 2 2 2 2 2 2 2 2 2 2 2 2
left_child=1 2 3 4 -1 -6 8 10 -7 -10 11 -8 -13 -5
right_child=-2 -3 -4 13 5 6 7 -9 9 -11 -12 12 -14 -15
leaf_value=0.023694823380166551 -0.034574722167031301 0.015315236835180426 -0.022868302535464784 0.025917795324663769 -0.031041808040865183 -0.024522499569751513 -0.036890765302181355 -0.041923978535290063 0.001254111672622229 -0.044161589843496871 0.030392392251287932 0.018721328073066076 -0.037284111780247035 0.0031878498994673556
leaf_weight=38.734644075157121 19.94069135771133 178.43004575534724 59.439171967795119 82.916568313958123 33.001424525980838 52.257918916409835 14.130497553851454 10.262150615453718 546.87564445124008 10.349175687879322 54.129555285908282 72.986156096449122 6.8480000374838701 71.706542511470616
leaf_count=210 571 477 355 165 939 909 370 57 4571 58 83 336 105 190
internal_value=0.00283493 0.00346794 0.00144902 0.00292438 0.000599143 -0.000546095 0.000803269 0.0109045 -0.00183481 0.000333019 0.0148219 0.0056267 0.0135155 0.015465
internal_weight=1252.01 1232.07 1053.64 994.198 839.575 800.841 767.839 158.356 609.483 557.225 148.094 93.9647 79.8342 154.623
internal_count=9396 8825 8348 7993 7638 7428 6489 951 5538 4629 894 811 441 355
is_linear=0
shrinkage=0.03


Tree=175
num_leaves=15
num_cat=0
split_feature=75 37 4 11 84 39 42 39 5 27 36 76 4 75
split_gain=28.1624 24.1942 33.6315 35.2963 31.1015 23.3352 22.2956 31.1918 30.5808 26.0497 19.7066 70.0211 40.8346 37.4518
threshold=0.089188317504242234 0.00078416020971059253 0.00021419456511935088 0.026177074957562763 1.0000000180025095e-35 0.0044955227416366454 0.057767904610009878 0.00161287526115489 9047.3713778577057 0.0034648288954364785 0.1380965244685565 0.0016035293716826166 2.1656320587856765e-05 0.0035813394897626048
decision_type=2 2 2 2 2 2 2 2 2 2 2 2 2 2
left_child=1 2 4 -4 5 6 10 8 -8 -10 13 12 -12 -1
right_child=-2 -3 3 -5 -6 -7 7 -9 9 -11 11 -13 -14 -15
leaf_value=0.0082694222522370301 -0.02697168905974167 0.012590337404759499 -0.038041086328987624 0.035168281439815118 -0.041639510504320958 -0.039352125396197576 0.0069932383304331762 0.03299165856570431 -0.039878359605392585 0.0038872214038855241 0.027499733474234987 0.012356165190235751 -0.035038204172143365 -0.039682953579191133
leaf_weight=674.70091342780506 27.960152224521153 196.21322103240527 33.123783434159122 6.3496499657630912 13.350568997208027 10.657417457667178 34.628179609309882 12.748673647642134 44.129489609505981 16.566348291933537 10.242090858519076 98.92554097995162 63.270273721776903 14.00749562284909
leaf_count=5464 693 593 408 8 206 217 207 6 388 32 12 206 666 311
internal_value=0.00227475 0.00296155 0.00112167 -0.0256868 0.00221187 0.00285117 0.00335532 -0.00943094 -0.0153882 -0.0280636 0.00496905 -0.00408252 -0.026073 0.00723801
internal_weight=1256.87 1228.91 1032.7 39.4734 993.227 979.876 969.219 108.073 95.324 60.6958 861.146 172.438 73.5124 688.708
internal_count=9417 8724 8131 416 7715 7509 7292 633 627 420 6659 884 678 5775
is_linear=0
shrinkage=0.03


Tree=176
num_leaves=15
num_cat=1
split_feature=14 2 5 2 28 4 2 7 40 14 7 2 9 2
split_gain=26.1655 19.8969 24.9016 55.7006 41.7867 39.401 38.9703 29.0418 28.1286 34.3324 27.699 26.8278 28.6494 24.6792
threshold=0.91343742258877703 470.00000000000006 22866.276438598168 3832.5000000000005 0.035231523294497052 7.9391156644836601e-05 2875.5000000000005 1.5000000000000002 0.00040428914249512849 0.73171154063630894 1.5000000000000002 3866.0000000000005 0 9486.5000000000018
decision_type=2 2 2 2 2 2 2 2 2 2 2 2 9 2
left_child=1 -1 5 4 8 -3 -7 -8 9 -4 -6 -5 -13 -14
right_child=-2 2 3 11 10 6 7 -9 -10 -11 -12 12 13 -15
leaf_value=-0.023573481783465518 -0.033418281405137432 0.013642588484485647 -0.033196958713407526 0.046571248822773283 -0.026529788678681849 -0.033686517919145016 -0.035078979492653595 0.011968273163392501 -0.00048285060662797778 0.026208305672202614 0.0084668775228748765 0.01044178670646463 -0.026135503966669801 0.0095785434631058698
leaf_weight=22.060527623980306 16.009416600223631 423.61718471732456 98.727189307683147 14.819415193051098 23.413008791045286 31.883451112895273 13.028372733388094 74.006824220763519 47.826042023487389 8.8657629527151567 121.6365105927689 303.63513733807486 40.738909390871413 29.172337006311864
leaf_count=491 190 3554 1239 26 198 421 203 441 383 7 501 1202 379 148
internal_value=0.00355306 0.00405154 0.00456519 0.000775909 -0.00890632 0.00936599 -0.00585503 0.00460726 -0.0196629 -0.0281056 0.00267496 0.00827043 0.00663067 -0.00991037
internal_weight=1269.44 1253.43 1231.37 688.834 300.469 542.536 118.919 87.0352 155.419 107.593 145.05 388.366 373.546 69.9112
internal_count=9383 9193 8702 4083 2328 4619 1065 644 1629 1246 699 1755 1729 527
cat_boundaries=0 1
cat_threshold=9
is_linear=0
shrinkage=0.03


Tree=177
num_leaves=15
num_cat=0
split_feature=48 77 16 4 2 79 58 77 51 2 2 44 71 77
split_gain=27.7928 25.135 21.3779 19.3391 31.0326 24.9451 20.1036 20.579 35.1617 37.3713 24.9014 42.6418 23.8515 21.0643
threshold=0.24557030627144305 0.097547904739497579 0.00094809244429423193 0.00021419456511935088 6781.0000000000009 1.0000000180025095e-35 0.010105121085414724 0.037844346354040902 0.31090998131606556 1019.5000000000001 619.50000000000011 0.000349657512371854 0.001775804904541453 0.018064272391107885
decision_type=2 2 2 2 2 2 2 2 2 2 2 2 2 2
left_child=1 2 3 6 -5 -6 7 10 9 -9 11 -1 -11 -12
right_child=-2 -3 -4 4 5 -7 -8 8 -10 12 13 -13 -14 -15
leaf_value=-0.035171327588109799 -0.032334392776870897 -0.037012848427764783 -0.035517172338106334 -0.048077185513845093 0.009336651084219846 -0.046987143161393907 -0.036899907318175766 0.018221915162170334 0.030535212056378751 -0.041090448457579219 0.0054403888905859774 0.038471357254401824 0.021008793400941878 0.017416171987400995
leaf_weight=28.108038364560343 19.200551911257207 12.871771981008349 11.447407600004224 15.06690680712927 41.536519584828056 7.4893187503330401 9.2615997489774582 16.833180387504399 14.975323706399648 40.459843028336763 846.40651905874256 8.4466560422442836 5.8021614328026763 156.13892610510811
leaf_count=641 169 230 318 174 228 51 210 87 54 302 6377 23 7 372
internal_value=0.0025725 0.00315035 0.00361086 0.00401658 -0.0118937 -3.47859e-05 0.00493161 0.00531109 -0.00945907 -0.0192798 0.00642884 -0.0175835 -0.0330223 0.00732102
internal_weight=1234.04 1214.84 1201.97 1190.52 64.0927 49.0258 1126.43 1117.17 78.0705 63.0952 1039.1 36.5547 46.262 1002.55
internal_count=9243 9074 8844 8526 453 279 8073 7863 450 396 7413 664 309 6749
is_linear=0
shrinkage=0.03


Tree=178
num_leaves=15
num_cat=0
split_feature=41 14 65 4 2 76 1 2 28 73 7 65 4 3
split_gain=26.2024 23.7483 23.7966 22.8211 65.955 33.3482 27.9409 27.2735 26.2026 25.3731 24.1123 24.822 29.7866 38.0376
threshold=0.1328649010205519 0.91343742258877703 0.44871422655672227 8.2015718463626964e-05 2523.5000000000005 0.0016035293716826166 53.500000000000007 470.00000000000006 0.12019075601259836 0.12231068931553642 1.5000000000000002 0.16244542630529443 2.4664080033200109e-05 1695.5000000000002
decision_type=2 2 2 2 2 2 2 2 2 2 2 2 2 2
left_child=1 2 3 6 5 -5 7 -1 -6 10 11 12 -9 -14
right_child=-2 -3 -4 4 8 -7 -8 9 -10 -11 -12 -13 13 -15
leaf_value=-0.025193721441487012 -0.037623249028418078 -0.032835093099607762 -0.052025774806479477 -0.045646695527469978 0.004567893432787149 0.0011648455179008217 -0.031120069888109256 0.029212968425022606 -0.03477933410422885 -0.01941351683136153 0.014511546807191474 0.044478697637322311 -0.028550801602324219 0.0036783254149499087
leaf_weight=20.017401097458787 13.222722626524044 15.137624773196874 5.8382861721329382 39.680978720309213 444.8983349876944 20.57482913415879 15.419145880849099 24.649457305902615 14.778024444123728 25.270365062053315 452.44444880157243 10.577490113675593 45.271572303725407 113.90833602647763
leaf_count=446 308 193 106 595 2217 80 211 135 129 746 2476 12 905 852
internal_value=0.00287563 0.00333433 0.00380451 0.00411219 -0.000659882 -0.0299044 0.00761481 0.00852138 0.00323018 0.00956143 0.0107216 0.00187214 -0.000806817 -0.00560882
internal_weight=1261.69 1248.47 1233.33 1227.49 519.932 60.2558 707.558 692.139 459.676 672.122 646.851 194.407 183.829 159.18
internal_count=9411 9103 8910 8804 3021 675 5783 5572 2346 5126 4380 1904 1892 1757
is_linear=0
shrinkage=0.03


Tree=179
num_leaves=15
num_cat=1
split_feature=79 40 39 80 36 44 2 4 0 6 49 26 4 2
split_gain=27.682 34.8971 35.2015 31.1644 24.8478 22.6715 20.9295 22.4287 18.8379 59.8659 40.8451 33.195 26.9274 42.8971
threshold=0.0022046701075466618 0.0076348199924013505 0.00044158871716698446 0.015966047962792187 0.29443536673928833 0.00026149782397796813 619.50000000000011 2.3439428067863017e-05 22.500000000000004 0 0.18578977660099016 0.002126661188234119 7.1432385362527211e-05 1994.5000000000002
decision_type=2 2 2 2 2 2 2 2 2 9 2 2 2 2
left_child=6 3 -3 4 -2 -6 7 -1 9 12 -11 -10 -8 -14
right_child=1 2 -4 -5 5 -7 8 -9 11 10 -12 -13 13 -15
leaf_value=0.0073025516394292648 -0.034459280849053024 0.021687137084920385 -0.034772373384416258 0.017035989578183527 -0.040239820216550606 0.016232072499998567 0.012222149207047426 -0.038633159225337374 0.01176585320164094 -0.031332927308370485 0.023607477399553167 -0.020060274178583287 -0.045176385857042284 0.0021299050952719076
leaf_weight=17.405282621039078 67.932362881372683 47.638480962254107 11.542646422865799 18.505173887126148 8.2005006112158316 20.009866742417216 270.14203629549593 19.533486850676127 450.43355712504126 72.023511456383858 13.85154867172241 30.66290084051434 17.853485613130033 202.28489698795602
leaf_count=169 1079 119 140 41 80 34 1427 558 2475 1928 13 242 197 932
internal_value=0.00277509 -0.00831424 0.0102805 -0.0179187 -0.0247528 -0.000999399 0.00454279 -0.0173666 0.00532395 0.00165943 -0.0199993 0.0097 0.00577558 -0.00189363
internal_weight=1268.02 173.829 59.1811 114.648 96.1427 28.2104 1094.19 36.9388 1057.25 576.155 85.8751 481.096 490.28 220.138
internal_count=9434 1493 259 1234 1193 114 7941 727 7214 4497 1941 2717 2556 1129
cat_boundaries=0 1
cat_threshold=5390
is_linear=0
shrinkage=0.03


Tree=180
num_leaves=15
num_cat=0
split_feature=84 72 76 64 2 5 28 26 79 7 28 1 1 14
split_gain=31.0743 23.3158 32.7523 27.0891 21.8697 21.3622 40.9344 22.7043 20.8238 20.9119 43.8196 21.1083 36.3476 23.4453
threshold=1.0000000180025095e-35 0.00032971950034830908 0.27507634138030462 0.03314778432656626 4195.0000000000009 22255.968235855471 0.016244021430009446 0.011536619118586335 0.083235892202222703 2.5000000000000004 0.15177247771086019 77.500000000000014 74.500000000000014 0.91343742258877703
decision_type=2 2 2 2 2 2 2 2 2 2 2 2 2 2
left_child=1 2 3 8 5 -3 -7 -8 9 11 -11 12 13 -1
right_child=-2 4 -4 -5 -6 6 7 -9 -10 10 -12 -13 -14 -15
leaf_value=0.0040293899528251655 -0.033068319503641343 0.0107984665208096 -0.041191658944858857 -0.03778617663532418 0.018949976190339321 -0.035401813561578878 0.011473924713397549 -0.032990024425602518 -0.031466668073262462 -0.036312657536232258 0.035349294861238438 -0.027619495319129078 0.0459625675782818 -0.032915065351828171
leaf_weight=672.34359092882369 21.103477653930895 163.40378386061639 16.095758963143453 15.064076495356856 127.38305553747341 30.186483658384532 69.606706740800291 11.125235985033212 15.804179018130524 29.846130287507549 9.3442414903547597 18.160323766060174 17.364390135742724 14.830742144491522
leaf_count=5323 262 677 165 226 301 248 225 76 540 967 12 192 14 190
internal_value=0.00218702 0.00282841 -0.000107979 0.000777007 0.00872656 0.00392767 -0.00620035 0.00501792 0.00157155 0.00229722 -0.0187717 0.00346411 0.00430333 0.00318538
internal_weight=1231.66 1210.56 808.853 792.758 401.705 274.322 110.918 80.7319 777.694 761.889 39.1904 722.699 704.539 687.174
internal_count=9418 9156 7629 7464 1527 1226 549 301 7238 6698 979 5719 5527 5513
is_linear=0
shrinkage=0.03


Tree=181
num_leaves=15
num_cat=0
split_feature=52 33 75 0 71 73 70 70 79 28 77 4 3 80
split_gain=36.1308 23.7203 22.7479 18.02 19.2914 18.8484 18.4978 21.2537 25.0132 16.4692 49.7996 28.9399 37.4381 21.401
threshold=1.0000000180025095e-35 0.12560285810548902 0.1129589035934485 28.500000000000004 0.0032818269449974243 0.21359828868361294 0.29469689541755434 0.28591347166065839 0.075610649626347767 0.0018162555282123011 0.0005795425996558012 6.4008274706898411e-05 636.50000000000011 0.3830797302382698
decision_type=2 2 2 2 2 2 2 2 2 2 2 2 2 2
left_child=1 2 3 5 -5 6 7 8 9 10 -1 12 -12 -11
right_child=-2 -3 -4 4 -6 -7 -8 -9 -10 13 11 -13 -14 -15
leaf_value=-0.032922918394833883 -0.035883533724484447 0.029504973295220539 -0.03049860170328381 -0.038319413379664082 0.013207555451581726 -0.020230412736432564 -0.031079375735354145 0.056404810415030475 -0.033399586396922712 0.0057482488435048676 0.0096053796524441393 0.011156502304025238 -0.036465683370379927 0.034256261640852805
leaf_weight=38.925704492954537 21.045710680191405 28.376382291316986 17.83934928313829 18.026005368446935 9.3375468410085869 28.802361563662998 12.41541394474916 6.0278769657015792 14.841509966994634 807.64181768812705 31.415518252179027 141.80188562627882 30.425086600473151 23.471906129270792
leaf_count=1059 366 39 571 324 48 879 190 4 396 3737 405 755 591 14
internal_value=0.00218186 0.00287339 0.00220907 0.00273649 -0.0208906 0.0033236 0.00395416 0.00437955 0.00403995 0.00458807 -0.00228222 0.00370693 -0.0132808 0.00659356
internal_weight=1230.39 1209.35 1180.97 1163.13 27.3636 1135.77 1106.97 1094.55 1088.52 1073.68 242.568 203.642 61.8406 831.114
internal_count=9378 9012 8973 8402 372 8030 7151 6961 6957 6561 2810 1751 996 3751
is_linear=0
shrinkage=0.03


Tree=182
num_leaves=15
num_cat=0
split_feature=63 17 37 7 35 58 52 48 51 2 5 24 44 70
split_gain=34.597 41.3792 37.7325 28.939 35.172 22.5104 20.3949 22.8767 33.6588 21.3969 39.4965 30.8228 29.7519 22.6739
threshold=0.017365115981032939 0.001639075605418272 0.00026281237979614469 2.5000000000000004 0.00025508479676264554 0.1066299314557559 0.99799105881973205 0.087251845775225614 0.0076629648095517464 7066.0000000000009 15980.179522960159 0.0055609499651497743 0.001945091056742436 0.0074099493268361882
decision_type=2 2 2 2 2 2 2 2 2 2 2 2 2 2
left_child=1 2 3 6 -5 -2 7 9 -9 10 11 12 -1 -11
right_child=5 -3 -4 4 -6 -7 -8 8 -10 13 -12 -13 -14 -15
leaf_value=-0.033793821443335571 -0.027425486880417606 0.011701669941750828 0.013525995888692395 -0.033750066960312658 0.015540565034426034 0.033727104820007375 0.032983119074835789 0.017593234282625433 -0.021345227704425169 0.011110045480647425 -0.0033883648654894883 0.037219688629637392 0.021678107530268404 -0.043739050380803772
leaf_weight=90.672141226008534 54.603214787086472 271.9023657636717 122.53445996600203 55.058638054528274 16.32205318659544 5.1544733922928563 13.346449822187422 88.321269785519689 24.822868648916483 87.277034933445975 306.55051317147445 5.9851866504177442 8.9379305555485171 6.3664057925343505
leaf_count=2154 1458 1274 293 904 33 9 15 246 150 578 2093 12 79 43
internal_value=0.000355147 0.00157305 -0.00177041 -0.00444952 -0.0224202 -0.0216824 -0.00238854 -0.00320326 0.0089383 -0.00593158 -0.00887005 -0.0246027 -0.0286504 0.00695835
internal_weight=1157.86 1098.1 826.195 703.66 71.3807 59.7577 632.28 618.933 113.144 505.789 412.146 105.595 99.6101 93.6434
internal_count=9341 7874 6600 6307 937 1467 5370 5355 396 4959 4338 2245 2233 621
is_linear=0
shrinkage=0.03


Tree=183
num_leaves=15
num_cat=0
split_feature=41 41 5 87 65 44 46 33 65 28 36 79 48 74
split_gain=31.9102 28.2573 44.2796 27.3591 19.7336 40.5773 20.791 19.278 17.2693 17.3329 16.6635 16.4795 25.1843 16.2094
threshold=0.085379453913496037 0.034109043886906054 2062.277272049228 0.004133360845616085 0.0021426233800581024 0.0050668096993257911 0.51829594017094027 0.008510021447170427 0.46418559013176347 0.0016494870605392362 0.81216142534118074 0.0025793154468861938 0.10277422692963235 0.92821013431630617
decision_type=2 2 2 2 2 2 2 2 2 2 2 2 2 2
left_child=1 2 3 -1 5 6 10 -7 9 -6 11 13 -13 -4
right_child=-2 -3 4 -5 8 7 -8 -9 -10 -11 -12 12 -14 -15
leaf_value=-0.0339097815164036 -0.031792469802592545 0.023483755845684535 0.0044223161264196221 0.032485295654883548 -0.037622615945438705 -0.033200901083676126 0.031928581145873408 0.0092742760043721551 -0.043582800668033141 0.013227760302705836 -0.03161532053834664 -0.040036710784712652 0.013105045906801583 -0.026322216909544272
leaf_weight=42.256019401946105 22.686272227321751 58.772670446196571 709.86147564568091 5.607093383325263 5.2445784048177293 41.466128768632188 20.868400439387187 11.948214237578211 4.1738837528973809 242.45518249756424 11.860036822035907 18.264065561001193 13.093149699270723 14.791960277128963
leaf_count=1120 400 157 5046 42 115 519 78 38 84 1114 201 353 20 82
internal_value=0.00269664 0.00337422 0.00231955 -0.0256261 0.00356444 0.00135589 0.00308083 -0.0237038 0.0109143 0.0120042 0.00225632 0.00282875 -0.0181282 0.00375934
internal_weight=1223.35 1200.66 1141.89 47.8631 1094.03 842.153 788.739 53.4143 251.874 247.7 767.871 756.011 31.3572 724.653
internal_count=9369 8969 8812 1162 7650 6337 5780 557 1313 1229 5702 5501 373 5128
is_linear=0
shrinkage=0.03


Tree=184
num_leaves=15
num_cat=0
split_feature=4 40 59 2 58 2 4 2 5 2 4 27 28 1
split_gain=33.3166 22.853 21.7005 20.3743 19.9303 19.503 56.0399 42.3019 39.4817 41.6799 30.9546 31.4848 29.3633 32.4409
threshold=0.00021419456511935088 0.00046222943500970825 0.12827127573699565 8241.5000000000018 0.013760961322645329 3714.0000000000005 7.8792641754407035e-05 2293.5000000000005 22866.276438598168 470.00000000000006 0.00013281465095188794 0.0012114793238538234 0.029094339766649005 11.500000000000002
decision_type=2 2 2 2 2 2 2 2 2 2 2 2 2 2
left_child=2 -2 4 -3 5 6 8 -8 9 -1 11 -9 -10 -14
right_child=1 3 -4 -5 -6 -7 7 10 12 -11 -12 -13 13 -15
leaf_value=-0.040244167878132946 -0.035618205575309113 -0.036428761112008039 -0.033848336566100375 0.019812196322319883 -0.039024510473378127 0.0092097372859780945 -0.039333601094519881 0.0057199583639602966 -0.019965857763760607 0.013253599316870824 -0.040520587060177242 -0.060353023464170409 -0.04875004916495989 0.011105649878410026
leaf_weight=12.654717385652473 33.127841748879291 7.4757237497251507 12.891861171228809 17.358301532454789 8.6694842557189968 437.0214441427961 42.984764629625715 98.17496226914227 75.486948176519945 355.80608821765054 17.678586384980008 5.9458381738513699 8.0472555496962723 81.901606064813677
leaf_count=400 416 53 218 36 193 2335 626 497 990 2929 177 31 86 367
internal_value=0.00231779 -0.0196842 0.0034358 0.00212736 0.00388501 0.00424661 0.00113347 -0.0141079 0.00585522 0.0113123 -0.00495762 0.00140861 -0.00629375 0.00527354
internal_weight=1215.23 57.9619 1157.26 24.834 1144.37 1135.7 698.681 164.784 533.897 368.461 121.799 104.121 165.436 89.9489
internal_count=9354 505 8849 89 8631 8438 6103 1331 4772 3329 705 528 1443 453
is_linear=0
shrinkage=0.03


Tree=185
num_leaves=15
num_cat=0
split_feature=73 72 87 74 45 1 1 2 4 63 26 0 49 65
split_gain=24.339 23.6167 21.4554 20.9639 18.9027 18.7328 33.1929 17.0891 23.6646 22.2743 15.6846 14.7243 25.624 27.4904
threshold=0.085339039406225212 0.00079782223489515975 0.0044602875776479896 0.71314812178365583 0.0040364570604481684 77.500000000000014 74.500000000000014 3832.5000000000005 0.00013130443636479247 0.00080224745134383705 0.0034595346477249264 23.500000000000004 0.0034866180394832178 0.15428705879952409
decision_type=2 2 2 2 2 2 2 2 2 2 2 2 2 2
left_child=1 2 3 5 -2 6 10 8 9 -3 11 12 13 -1
right_child=4 7 -4 -5 -6 -7 -8 -9 -10 -11 -12 -13 -14 -15
leaf_value=-0.012504658026011466 -0.0043785592776375915 0.013347395150590042 -0.035052577367440226 -0.039282175483666033 -0.040928333952188929 -0.026863209434279715 0.042517706545311285 0.018860204211519353 -0.026215488614733922 -0.011706109738140003 -0.030536644108771351 0.0077270265731452887 0.0062672959512578902 0.014927378396885328
leaf_weight=192.22019088128582 41.040160363016184 154.66429049475119 13.577498167287557 10.101985508110372 17.653242326807231 18.451552357291803 17.626042744144797 130.89176939381287 18.794300233479589 39.352642189944163 12.127121936297042 297.92735917435493 229.32827686937526 38.738518686266616
leaf_count=3131 619 411 328 98 626 216 17 317 142 208 272 1886 936 251
internal_value=0.00281984 0.00376726 0.00102497 0.00166703 -0.0158731 0.00222802 0.00294242 0.0103681 0.00508123 0.0082318 0.00198296 0.00254262 -0.000822536 -0.00785899
internal_weight=1232.49 1173.8 830.099 816.521 58.6934 806.419 787.968 343.703 212.811 194.017 770.341 758.214 460.287 230.959
internal_count=9458 8213 7135 6807 1245 6709 6493 1078 761 619 6476 6204 4318 3382
is_linear=0
shrinkage=0.03


Tree=186
num_leaves=15
num_cat=1
split_feature=33 75 6 4 42 17 28 48 12 59 49 2 71 72
split_gain=23.1886 20.9133 21.7661 25.0638 21.3549 20.5466 27.1783 22.8542 18.3233 18.167 48.3876 24.4477 20.3015 57.4692
threshold=0.12560285810548902 0.1129589035934485 0 4.6132214730112568e-05 0.34997748486088592 0.0094191754894422438 0.0068469710181617025 0.24557030627144305 0.055422088755422101 0.00055714597232235088 0.0034866180394832178 619.50000000000011 0.013052964367016419 0.070667959789032661
decision_type=2 2 9 2 2 2 2 2 2 2 2 2 2 2
left_child=1 2 4 -4 9 7 -7 -5 -8 11 -11 -1 13 -13
right_child=-2 -3 3 5 -6 6 8 -9 -10 10 -12 12 -14 -15
leaf_value=-0.029542995183993066 0.028567945558621338 -0.030350903291402252 -0.019985054385067702 0.005432474349909483 -0.037157674289065815 0.0066943476747575691 -0.043598969521454957 -0.03939077258448543 0.02287401606616319 -0.035577507491528791 0.026528017000612039 0.0041418839534639422 0.01324865997801121 -0.038514142808455991
leaf_weight=18.327575029572472 28.177018459886312 17.279968866845593 70.689198493841104 235.11582006863318 9.7559860525652748 24.710467670229264 26.801627640088558 9.7083304016850871 3.6756616085767737 12.251548584550617 79.22144703567028 453.29607693024445 180.52548526297323 29.324835269711912
leaf_count=254 35 613 1740 2091 115 257 445 96 4 136 78 2622 675 235
internal_value=0.002149 0.00148929 0.00199219 -0.00394257 0.00479357 -0.000239767 -0.016606 0.00350203 -0.0351101 0.00543234 0.0179151 0.00373301 0.00469577 0.00147576
internal_weight=1198.86 1170.68 1153.4 370.701 782.703 300.012 55.1878 244.824 30.4773 772.947 91.473 681.474 663.146 482.621
internal_count=9396 9361 8748 4633 4115 2893 706 2187 449 4000 214 3786 3532 2857
cat_boundaries=0 1
cat_threshold=1484
is_linear=0
shrinkage=0.03


Tree=187
num_leaves=15
num_cat=0
split_feature=14 41 5 2 71 49 16 2 57 58 62 77 65 4
split_gain=26.2849 23.6529 19.1083 23.7318 28.6023 20.9488 20.57 20.6833 19.2804 19.4135 18.378 17.5353 17.1891 16.8808
threshold=0.86765721025929732 0.1328649010205519 129228.95324211403 9817.5000000000018 0.00050302625452926057 0.33381361900070539 0.00052509134300968196 470.00000000000006 0.15773883761536545 0.013760961322645329 0.0023151893341724771 0.0067584997835766205 0.46418559013176347 0.00021419456511935088
decision_type=2 2 2 2 2 2 2 2 2 2 2 2 2 2
left_child=1 2 6 4 5 -4 7 -1 9 10 12 -6 13 -9
right_child=-2 -3 3 -5 11 -7 -8 8 -10 -11 -12 -13 -14 -15
leaf_value=-0.02420898325932835 -0.033442992852525076 -0.036873664661477866 -0.047111316230614798 0.014268057506794473 -0.024998528106848883 0.017528320844529904 -0.031966149379097919 0.0083366692827329305 -0.034516758897159425 -0.039030907933237803 -0.032342234097641497 0.019168808176853569 -0.046413712218634946 -0.010411068956306967
leaf_weight=19.70594302425161 16.579730561003089 11.918226506677454 28.786204979987815 26.899445906281471 12.408531443448739 4.7822969630360594 12.359008676139636 984.5541047368315 9.4449502849020046 7.3877581309061489 9.6929630776867253 19.405498739331961 4.3644330305978647 44.383782626362517
leaf_count=481 207 312 237 77 112 8 341 6697 113 171 179 25 91 345
internal_value=0.00298315 0.00351559 0.00395286 -0.0090895 -0.0187694 -0.0376618 0.00506245 0.00551556 0.00609054 0.00648816 0.00684766 0.00170523 0.0072462 0.00751865
internal_weight=1212.67 1196.09 1184.17 92.282 65.3825 33.5685 1091.89 1079.53 1059.83 1050.38 1043 31.814 1033.3 1028.94
internal_count=9396 9189 8877 459 382 245 8418 8077 7596 7483 7312 137 7133 7042
is_linear=0
shrinkage=0.03


Tree=188
num_leaves=15
num_cat=0
split_feature=64 59 75 62 4 17 46 0 80 36 33 63 51 39
split_gain=20.2178 19.2147 18.5043 18.1646 17.075 19.8758 18.0333 27.2623 19.5526 28.9742 22.9237 31.0493 28.6174 24.3438
threshold=0.060318518656960508 0.12827127573699565 0.13517474374332314 0.0015925020540233502 2.2179731450359234e-05 0.0040765548472272888 0.0078496365053258663 22.500000000000004 0.0010350484115330633 0.22614409582227218 0.00031870745742949949 0.0018861254274520967 0.22693230007422444 0.0064154010783224269
decision_type=2 2 2 2 2 2 2 2 2 2 2 2 2 2
left_child=1 2 3 4 -1 6 8 -8 10 -10 11 12 13 -6
right_child=-2 -3 -4 -5 5 -7 7 -9 9 -11 -12 -13 -14 -15
leaf_value=0.023887767135103991 -0.026302839482294192 -0.033628295793609722 -0.029113821855647176 -0.03144632539131062 -0.00031822637756768031 0.010575715490043852 -0.031636240573996263 0.033659086042361029 0.011255695176622725 -0.034423116808321226 0.012004446211052511 -0.038598751735711326 -0.030868326758649315 -0.043799764709191592
leaf_weight=36.606951730325818 20.950319034047425 11.924598106881602 14.783960968838072 12.170586929772979 460.03617057274096 258.79323499999009 6.2608708888292304 29.426713600754738 187.54248941596597 12.422075308393685 83.212215572129935 22.459821870317683 30.695110201369971 10.888225915841756
leaf_count=195 231 227 539 207 3523 1492 170 70 782 67 216 727 778 145
internal_value=0.00223016 0.00275984 0.00316071 0.00360036 0.00400233 0.00332054 0.00108323 0.0216539 0.000148168 0.00826089 -0.00253232 -0.0048589 -0.00327443 -0.00141424
internal_weight=1198.17 1177.22 1165.3 1150.51 1138.34 1101.74 842.944 35.6876 807.256 199.965 607.292 524.079 501.62 470.924
internal_count=9369 9138 8911 8372 8165 7970 6478 240 6238 849 5389 5173 4446 3668
is_linear=0
shrinkage=0.03


Tree=189
num_leaves=15
num_cat=1
split_feature=2 5 14 6 49 49 77 51 28 3 1 48 44 1
split_gain=29.571 26.2306 38.301 32.7014 41.632 40.6111 33.0672 34.3762 26.8456 26.7493 29.7145 25.0565 23.2612 22.3041
threshold=717.50000000000011 12584.828889278046 0.0095855898576160895 0 0.0016945493828262707 0.0078342707096899829 0.042074940127416478 0.31090998131606556 0.1364611019010816 1935.5000000000002 16.500000000000004 0.064060583852872263 0.11314205888673975 8.5000000000000018
decision_type=2 2 2 9 2 2 2 2 2 2 2 2 2 2
left_child=13 2 8 6 -5 -6 9 -8 -2 10 -3 -7 -11 -1
right_child=1 3 -4 4 5 11 7 -9 -10 12 -12 -13 -14 -15
leaf_value=-0.038726107239512662 0.015842341430788935 -4.4670786226679469e-05 -0.022473982178885091 -0.023285152122907431 0.027009764756858276 -0.044083526524527808 -0.046071528525397337 0.022831710095339509 -0.03599999404374718 0.010375327976984764 -0.038180816120101553 0.003518729186034636 -0.026038264598681717 0.0023155144310662737
leaf_weight=25.741944414912723 276.672557907179 129.02949956676457 27.259594686329365 102.09721594001167 39.087443057447672 15.478655544575302 21.320550740230832 8.4886547075584513 8.3703710909467173 444.15356100338977 20.444569055223837 24.788898422382772 15.436291300924493 21.304430444608442
leaf_count=794 2345 736 356 2020 67 113 183 24 131 1761 311 55 137 236
internal_value=0.00257765 0.0035526 0.0109369 0.000731485 -0.010151 0.00556355 0.00393056 -0.026346 0.0141994 0.00551756 -0.00547988 -0.0154042 0.00909842 -0.0204795
internal_weight=1179.67 1132.63 312.303 820.325 181.452 79.355 638.873 29.8092 285.043 609.064 149.474 40.2676 459.59 47.0464
internal_count=9269 8239 2832 5407 2255 235 3152 207 2476 2945 1047 168 1898 1030
cat_boundaries=0 1
cat_threshold=346
is_linear=0
shrinkage=0.03


Tree=190
num_leaves=15
num_cat=0
split_feature=26 71 72 73 45 62 75 38 38 57 4 37 82 39
split_gain=28.8506 35.881 32.8405 28.1971 22.9996 19.6852 19.8691 19.7872 26.5042 23.4878 43.2742 20.4198 19.1139 17.5266
threshold=0.0034595346477249264 0.0014643432734558674 0.02367323966310881 0.062541619751413632 0.00025630712924651556 1.0000000180025095e-35 0.13517474374332314 0.19613219800837065 0.12988728986245546 0.00077085193300659323 0.00013281465095188794 0.0029059744716744551 0.00065986037345789489 0.0012383943661107824
decision_type=2 2 2 2 2 2 2 2 2 2 2 2 2 2
left_child=2 -2 3 5 -3 6 7 8 9 13 11 -11 -4 -1
right_child=1 4 12 -5 -6 -7 -8 -9 -10 10 -12 -13 -14 -15
leaf_value=0.005966260913373096 -0.038359591922160166 0.0047022621048681684 0.018248474252647463 -0.030344260288735214 -0.044090683383873758 -0.035843879711374343 -0.034931192127649988 -0.034169212764523803 0.030260217427357287 -0.036848251191280032 0.0092536718134058355 0.027513979143597298 -0.022570276128842503 -0.014664602903154017
leaf_weight=684.74223982903641 31.955977762583643 71.431421575602144 165.09076842060313 23.196785274310969 8.8813796520698798 10.905335666611789 11.262613391154444 11.358575571095569 32.445824186783284 43.690622038207948 47.733959272271022 4.2026439756155005 10.177661336958407 38.239143048529513
leaf_count=5222 530 195 517 995 91 173 503 210 56 374 134 2 89 309
internal_value=0.00240996 -0.0120003 0.00391343 0.00161064 -0.00116938 0.00248193 0.00300075 0.003536 0.00407874 0.00300538 -0.010894 -0.0307532 0.0157636 0.00485633
internal_weight=1195.31 112.269 1083.05 907.778 80.3128 884.581 873.676 862.413 851.054 818.609 95.6272 47.8933 175.268 722.981
internal_count=9400 816 8584 7978 286 6983 6810 6307 6097 6041 510 376 606 5531
is_linear=0
shrinkage=0.03


Tree=191
num_leaves=15
num_cat=1
split_feature=74 41 6 4 2 28 14 38 1 49 35 14 48 26
split_gain=27.4318 21.359 23.7298 23.0218 72.7726 32.8096 34.6078 30.763 24.5462 24.3162 22.2267 20.3302 19.9968 21.4231
threshold=0.93603994896957921 0.1328649010205519 0 7.7600555269565085e-05 2413.5000000000005 0.010410329400049614 0.84035676549195115 0.010278035819096915 43.500000000000007 0.35720145318176494 0.086258480937358759 0.91343742258877703 0.1278369912132078 0.19454080602109611
decision_type=2 2 9 2 2 2 2 2 2 2 2 2 2 2
left_child=1 2 10 8 9 6 12 -7 11 -5 -1 -4 13 -6
right_child=-2 -3 3 4 5 7 -8 -9 -10 -11 -12 -13 -14 -15
leaf_value=-0.0024646126651836683 -0.043006367723265479 -0.036058429633203465 0.012001102110687964 -0.042932845166110026 -0.031200168537082504 0.013200425689204676 0.032268505279629808 -0.046273489628670963 -0.030443266579150304 0.029317185938688581 -0.042258262011514426 -0.030450384704892523 0.009291679826787377 0.017461835486398507
leaf_weight=299.88496002979809 11.005540421698241 11.744964576326309 457.64277830696665 39.80318593478296 57.015469628386199 221.61447597458027 14.378651488572357 7.1502595618367186 12.234918716130776 3.9738796427845946 12.197924277745186 9.4540140293538553 20.000730402767658 8.8118179282173497
leaf_count=3309 90 310 3167 513 572 856 25 38 211 2 76 142 35 28
internal_value=0.00211793 0.00257644 0.00299683 0.00555114 2.16891e-05 0.00489158 -0.00936086 0.0111482 0.00995765 -0.0358661 -0.00402153 0.0110787 -0.0166263 -0.0245223
internal_weight=1186.91 1175.91 1164.16 852.08 372.748 328.971 100.207 228.765 479.332 43.7771 312.083 467.097 85.828 65.8273
internal_count=9374 9284 8974 5589 2069 1554 660 894 3520 515 3385 3309 635 600
cat_boundaries=0 1
cat_threshold=546
is_linear=0
shrinkage=0.03


Tree=192
num_leaves=15
num_cat=1
split_feature=6 41 49 51 27 2 5 2 8 1 41 73 40 2
split_gain=27.0336 28.0143 26.7285 32.9859 36.5653 19.6406 19.5201 49.1358 32.078 27.3765 23.6104 19.4732 19.3776 18.267
threshold=0 0.040145310435931315 0.071072542755121232 0.19715884418833921 0.0097138929715453685 1200.5000000000002 22866.276438598168 2246.5000000000005 1.0000000180025095e-35 12.500000000000002 0.085379453913496037 0.21359828868361294 0.55665531031161752 549.50000000000011
decision_type=9 2 2 2 2 2 2 2 2 2 2 2 2 2
left_child=6 2 12 5 -5 -4 11 8 -8 -9 -11 -1 13 -2
right_child=1 -3 3 4 -6 -7 7 9 -10 10 -12 -13 -14 -15
leaf_value=0.011518360008505424 0.016818260310166446 0.025083624680920472 -0.022432947771400265 -0.033130338557855882 0.037256080310420471 0.012969455294231066 0.016547946321480298 -0.031578419216020649 -0.030930416115068873 0.0094331906869522392 -0.040930409362337203 -0.032321610238204186 0.028440236435418244 -0.0191849423187977
leaf_weight=402.63845921435859 13.023611580370924 27.210429348284379 14.945564994821323 35.642071091802791 7.2394607067108145 126.18239397602156 15.671356450766323 15.477429009857586 57.940360065957066 311.5019913080032 7.6354931617388493 8.3900320654502121 8.2587054409086686 158.23980814067181
leaf_count=2412 180 60 259 478 2 349 29 126 795 1333 132 451 20 2801
internal_value=0.00281525 -0.00364271 -0.00595572 0.00207982 -0.0206692 0.00908885 0.0058689 0.00128763 -0.0207363 0.00618002 0.00810413 0.0105472 -0.014158 -0.0163654
internal_weight=1210 390.742 363.532 184.009 42.8815 141.128 819.255 408.227 73.6117 334.615 319.137 411.028 179.522 171.263
internal_count=9427 4149 4089 1088 480 608 5278 2415 824 1591 1465 2863 3001 2981
cat_boundaries=0 1
cat_threshold=1436
is_linear=0
shrinkage=0.03


Tree=193
num_leaves=15
num_cat=2
split_feature=14 6 9 0 0 11 36 49 17 38 33 17 57 27
split_gain=22.9275 21.8184 30.9313 28.1685 28.9966 28.1065 25.3037 23.163 26.6252 27.6208 37.9118 34.3696 21.5192 34.1263
threshold=0.86765721025929732 0 1 25.500000000000004 27.500000000000004 0.00017608068594910701 0.65337459334388759 0.3957610388912764 0.7209433777068367 0.00095112305671353687 0.0055172518758656386 0.0098880117547152958 0.0015922153992215908 0.00082555264554033962
decision_type=2 9 9 2 2 2 2 2 2 2 2 2 2 2
left_child=1 2 12 5 -5 6 7 8 9 10 -3 -12 -1 -14
right_child=-2 3 -4 4 -6 -7 -8 -9 -10 -11 11 -13 13 -15
leaf_value=0.0090997160918464427 -0.03310014285031114 -0.034100480362668779 -0.0094633036720938642 0.020400527368851798 -0.021201729213614316 0.026892622201561706 0.019761977880430517 0.0070534933268160812 0.015421082608645014 0.0074611527246988647 0.02370730355776585 -0.045997805255674269 -0.036641461872796079 0.0052487149939202307
leaf_weight=626.75552084378432 15.858348577283321 121.97017556120409 109.43662103079259 64.927515498828143 18.665364001411945 17.515230169985443 20.561978869140148 37.688998454017565 18.169490522472188 24.147078441921622 21.2048271028325 7.93102276418358 23.812603336758912 58.74273834656924
leaf_count=3567 212 2528 1161 364 308 38 40 277 226 147 33 70 328 141
internal_value=0.00164046 0.00213856 0.00479311 -0.00403966 0.0109704 -0.00887368 -0.0114594 -0.0143104 -0.018488 -0.0220711 -0.0268085 0.00383627 0.0071036 -0.00712818
internal_weight=1187.39 1171.53 818.747 352.782 83.5929 269.189 251.674 231.112 193.423 175.253 151.106 29.1358 709.311 82.5553
internal_count=9440 9228 5197 4031 672 3359 3321 3281 3004 2778 2631 103 4036 469
cat_boundaries=0 1 2
cat_threshold=4444 197
is_linear=0
shrinkage=0.03


Tree=194
num_leaves=15
num_cat=1
split_feature=4 2 2 6 70 50 41 84 2 5 3 49 37 2
split_gain=25.2875 22.0759 24.6386 21.8494 34.267 41.049 27.4055 21.7712 19.4799 31.1042 39.4887 27.9246 28.9726 28.8569
threshold=0.00021419456511935088 8241.5000000000018 11480.500000000002 0 0.022460505108790215 0.028137039525997193 0.085379453913496037 1.0000000180025095e-35 5260.0000000000009 22866.276438598168 2563.5000000000005 0.0047008624274530375 0.0015508466035073576 989.50000000000011
decision_type=2 2 2 9 2 2 2 2 2 2 2 2 2 2
left_child=3 -2 -3 4 5 -1 7 8 9 -5 -11 -12 13 -13
right_child=1 2 -4 6 -6 -7 -8 -9 -10 10 11 12 -14 -15
leaf_value=-0.030492600106758732 -0.040133098049886594 0.014363151011679898 -0.034037338374803966 0.0093386338877618023 0.019742851007020629 0.018676242277532798 -0.029663930465837891 -0.025852566804682245 0.013526050135809943 -0.01739458068768408 0.011219798836241105 0.03142909513176443 0.025167249311295187 -0.032726462609930951
leaf_weight=63.905137921567075 21.377016112674028 25.869772812817246 13.621762028895317 395.56176052236697 26.240163457579911 19.241262739989907 19.352992277592421 18.547178876120597 240.84661648178007 113.25757266482105 153.83431690884754 6.5978122465312472 13.376969702541826 41.284842058084905
leaf_count=1563 250 91 173 3331 74 45 353 187 1097 1129 777 5 16 274
internal_value=0.00235018 -0.0163219 -0.00275987 0.00338595 -0.00883236 -0.0190275 0.0047669 0.00552243 0.00615175 0.00368303 -0.00313788 0.00441474 -0.0125798 -0.0234243
internal_weight=1172.92 60.8686 39.4915 1112.05 109.387 83.1464 1002.66 983.307 964.76 723.913 328.352 215.094 61.2596 47.8827
internal_count=9365 514 264 8851 1682 1608 7169 6816 6629 5532 2201 1072 295 279
cat_boundaries=0 1
cat_threshold=608
is_linear=0
shrinkage=0.03


Tree=195
num_leaves=15
num_cat=1
split_feature=9 42 70 44 76 28 82 63 73 71 48 0 25 44
split_gain=21.4412 28.9585 22.1552 21.5796 27.7617 32.0807 21.7154 21.6646 20.7278 28.5552 20.447 20.4413 23.119 20.0701
threshold=0 0.030070852215047465 0.16087694098511787 0.011231449861690531 0.0015297580412806744 0.055518373088230495 0.0012621588124906412 1.0000000180025095e-35 0.062541619751413632 0.0055534305122991465 0.020775320035321437 18.500000000000004 0.0061212015384149278 0.001945091056742436
decision_type=9 2 2 2 2 2 2 2 2 2 2 2 2 2
left_child=2 3 11 4 5 8 -5 -6 9 10 13 -1 -13 -2
right_child=1 -3 -4 6 7 -7 -8 -9 -10 -11 -12 12 -14 -15
leaf_value=-0.0050011928888074354 -0.014041707988693728 -0.030542909950177159 -0.03328468440774595 -0.046519453238504843 0.018091610378412309 -0.036144852743633209 0.018318036288998599 -0.020601251245588821 -0.03539337521708831 0.018838786503732764 0.016080024949326751 0.0083557018625982117 -0.037669839402515969 0.035952547023558559
leaf_weight=142.88630601414479 119.78779508604202 33.173028541961685 12.749877965310587 16.485616143909287 93.068009903421625 26.157055201008916 5.7134796259924761 14.262936149723826 14.277782701421527 56.652587177813984 29.980157478014007 589.12504149175948 9.016713396064004 6.7423274243483311
leaf_count=1358 2184 384 137 286 201 438 11 137 492 254 156 3272 75 43
internal_value=0.00142926 -0.00398442 0.00441477 -0.00171506 8.74263e-05 -0.00532512 -0.0297617 0.0128071 -0.00163796 0.000777707 -0.00583802 0.00516689 0.00760017 -0.0111167
internal_weight=1170.08 416.301 753.778 383.128 360.929 253.598 22.1991 107.331 227.441 213.163 156.51 741.028 598.142 126.53
internal_count=9428 4586 4842 4202 3905 3567 297 338 3129 2637 2383 4705 3347 2227
cat_boundaries=0 1
cat_threshold=65
is_linear=0
shrinkage=0.03


Tree=196
num_leaves=15
num_cat=1
split_feature=33 76 76 37 41 6 49 82 50 27 28 0 1 0
split_gain=17.3027 14.1561 25.7446 20.4479 19.9203 21.0729 36.1523 30.2562 23.7003 33.3427 24.3695 28.984 27.2701 22.38
threshold=0.1267239866643271 0.05407613520875601 0.0037712145633829529 0.0018336031415425635 0.079487749514426803 0 0.1627969163502474 0.00047310308666078873 0.0440859137286716 0.0024763983256619036 0.031839899926168473 16.500000000000004 3.5000000000000004 17.500000000000004
decision_type=2 2 2 2 2 9 2 2 2 2 2 2 2 2
left_child=1 2 4 -3 5 7 -7 8 9 10 11 -1 -13 -8
right_child=-2 3 -4 -5 -6 6 13 -9 -10 -11 -12 12 -14 -15
leaf_value=-0.029165012999919211 0.026611388760372345 -0.022221730167772537 0.012845476800646655 0.0042852034902899922 -0.036281748772096528 -0.017184907366029938 0.024904315202960117 -0.027739366249899665 0.025835775148401342 -0.04712045134909007 0.014385033982449384 -0.026981612784837811 0.0054106359840758568 -0.0031204359956644987
leaf_weight=26.504272647376638 24.627321993932128 50.858320722938515 185.20012696785852 52.375275276135653 12.025154083734376 130.07731328386581 36.381497868103907 24.584965009242296 46.847677184268832 10.347467264160512 164.09820308425697 24.368131353869103 300.43712302681524 81.107270278502256
leaf_count=518 36 353 515 180 279 2931 137 252 51 61 892 410 2079 692
internal_value=0.00222987 0.0016828 0.00273495 -0.00886142 0.000537051 0.00110345 -0.00610212 0.00412874 0.00561496 0.00376755 0.00487846 0.000409671 0.00290509 0.00569463
internal_weight=1169.84 1145.21 1041.98 103.234 856.779 844.754 247.566 597.188 572.603 525.755 515.408 351.31 324.805 117.489
internal_count=9386 9350 8817 533 8302 8023 3760 4263 4011 3960 3899 3007 2489 829
cat_boundaries=0 1
cat_threshold=4508
is_linear=0
shrinkage=0.03


Tree=197
num_leaves=15
num_cat=1
split_feature=63 39 73 17 5 14 28 4 14 47 5 5 49 9
split_gain=22.7548 25.6433 23.4011 22.7996 23.5528 27.7296 56.3284 29.7649 27.285 24.5022 25.4349 45.0162 32.2588 23.4531
threshold=0.0072420406492476495 0.023514053140838584 0.00052792710119055201 0.0017852021033621928 8653.6805103338156 0.085267360520414823 0.010683264457068452 4.4496064908118379e-05 0.080260666405689018 0.039693386212006354 20410.397594998722 18368.701225119177 0.41869428795550173 0
decision_type=2 2 2 2 2 2 2 2 2 2 2 2 2 9
left_child=1 3 -2 4 8 6 9 -8 -1 10 11 -6 -12 -9
right_child=2 -3 -4 -5 5 -7 7 13 -10 -11 12 -13 -14 -15
leaf_value=0.013367691035795579 -0.001523959922292224 -0.038596115176843582 -0.032305265837850795 0.011959640824401405 -0.025548415385574601 0.011046895840067327 -0.026053329056866244 0.0094599859026680225 -0.031673125129872699 0.035547426182824457 -0.036485912829288446 0.025710329862787863 0.0062363020701240567 -0.011902397307730893
leaf_weight=183.32923721673433 67.86162101739319 12.017945347353814 32.133079279039521 236.45333045604639 37.246294256881811 125.84655754501 28.047340206219815 240.83312460745219 12.016858500195665 6.4652887033298603 89.927590726059861 24.861634181812406 18.957206623628736 47.845970011083409
leaf_count=1870 896 234 853 1136 640 455 292 949 227 35 1272 98 87 347
internal_value=0.00197479 0.00326397 -0.0116374 0.00377846 0.00139423 -0.00147103 -0.00467466 0.00291178 0.0104498 -0.0181553 -0.0203807 -0.00494741 -0.0290588 0.00580618
internal_weight=1163.84 1063.85 99.9947 1051.83 815.377 620.031 494.184 316.726 195.346 177.458 170.993 62.1079 108.885 288.679
internal_count=9391 7642 1749 7408 6272 4175 3720 1588 2097 2132 2097 738 1359 1296
cat_boundaries=0 1
cat_threshold=137
is_linear=0
shrinkage=0.03


Tree=198
num_leaves=15
num_cat=1
split_feature=74 75 71 26 85 62 16 75 49 49 6 75 80 80
split_gain=24.9786 19.4862 19.7423 27.2601 35.8481 20.336 20.9207 15.8261 33.4902 26.8495 31.6887 35.2333 29.5412 28.5985
threshold=0.93603994896957921 0.1129589035934485 0.0012733448813535507 0.00064850670345532901 0.12345397717910696 0.0015925020540233502 0.00019835998287082382 0.011454437350942344 0.0055421529960745447 0.020168397762620482 0 0.00045735195622808157 0.34893116751941455 0.015966047962792187
decision_type=2 2 2 2 2 2 2 2 2 2 9 2 2 2
left_child=1 2 3 7 -5 6 -4 9 -9 10 11 12 -1 -11
right_child=-2 -3 5 4 -6 -7 -8 8 -10 13 -12 -13 -14 -15
leaf_value=0.0069512601509658179 -0.041301255063941701 -0.026715124023390446 0.011784068164581368 -0.039962177136125002 0.032332236177784149 -0.029362417510513248 -0.03197192030553301 0.020792245226202235 -0.038296771332084457 0.0017171295925544777 -0.018786987947460438 -0.043071565824277666 -0.024665518283785038 0.023046386109237468
leaf_weight=224.65436651697382 10.664507800247518 18.769899695878848 333.92566269345116 27.822826291318052 7.042765947058796 10.9601067075273 9.1929928485769761 74.482410381664522 8.8198741972446424 233.93872111698147 96.848140153801069 14.698628697777165 29.164388319477439 73.702341001946479
leaf_count=1717 90 621 1574 512 25 185 223 308 43 1307 2174 159 342 121
internal_value=0.00238898 0.00282437 0.00333139 0.000692893 -0.0248646 0.00920843 0.0105222 0.00190236 0.014156 0.000366903 -0.00512533 0.000530906 0.00323588 0.00688515
internal_weight=1174.69 1164.02 1145.25 791.174 34.8656 354.079 343.119 756.309 83.3023 673.007 365.366 268.517 253.819 307.641
internal_count=9401 9311 8690 6708 537 1982 1797 6171 351 5820 4392 2218 2059 1428
cat_boundaries=0 1
cat_threshold=412
is_linear=0
shrinkage=0.03


Tree=199
num_leaves=15
num_cat=1
split_feature=84 49 85 49 6 44 35 76 0 65 52 49 42 81
split_gain=20.7625 17.5205 14.8171 14.0414 17.5303 24.2848 19.192 17.9502 32.8865 30.435 31.2397 39.0494 27.5449 25.822
threshold=1.0000000180025095e-35 0.74836892052194559 0.078640762230112141 0.67872402737332937 0 0.13767636131370997 0.094920241942657232 0.0006002219751348655 21.500000000000004 0.0029035440714534995 0.99799105881973205 0.0034866180394832178 0.048767182743531208 0.026699579634887751
decision_type=2 2 2 2 9 2 2 2 2 2 2 2 2 2
left_child=1 2 3 4 6 7 -1 8 9 10 11 13 -13 -6
right_child=-2 -3 -4 -5 5 -7 -8 -9 -10 -11 -12 12 -14 -15
leaf_value=-0.0017826668146264117 -0.026270595489462079 -0.03466137986036355 0.033922678941240424 0.031465813334764121 -0.025420032912494391 -0.023228880011340415 -0.041079890147942603 0.013842218073384503 0.0093416154884601449 0.015956846532517697 0.032908976402537114 0.018974209506804406 -0.038610231774501617 0.02877767023837207
leaf_weight=272.59681555948919 20.400317059829831 9.7058124865870905 13.630360048264263 14.967001523822544 123.54533651913516 25.013414285611361 10.669933408498762 206.97278207389172 361.5128494372475 49.185883333208039 13.092805072665213 41.526446572970599 8.1059134127572161 7.636334963142871
leaf_count=3029 257 240 15 12 2200 324 68 722 2152 241 15 64 72 20
internal_value=0.0030196 0.00355775 0.00391062 0.00352059 0.00311936 0.00526609 -0.00328658 0.00623664 0.00361449 -0.00490592 -0.0102526 -0.0135418 0.00899275 -0.0220712
internal_weight=1178.56 1158.16 1148.46 1134.83 1119.86 836.592 283.267 811.578 604.606 243.093 193.907 180.814 49.6324 131.182
internal_count=9431 9174 8934 8919 8907 5810 3097 5486 4764 2612 2371 2356 136 2220
cat_boundaries=0 1
cat_threshold=546
is_linear=0
shrinkage=0.03


Tree=200
num_leaves=15
num_cat=0
split_feature=48 14 65 58 83 15 38 38 57 4 42 4 2 72
split_gain=38.1146 21.2764 21.1505 16.4463 15.7587 14.7109 14.5707 18.9402 32.6081 45.4092 20.8149 18.1362 19.1213 24.7822
threshold=0.24557030627144305 0.91343742258877703 0.44871422655672227 0.013760961322645329 0.0013513117273298463 0.094171431602799491 0.23803058956430886 0.12988728986245546 0.0015922153992215908 0.00013826691215198459 0.056171624873343012 0.00021419456511935088 6781.0000000000009 0.013701327599176111
decision_type=2 2 2 2 2 2 2 2 2 2 2 2 2 2
left_child=1 2 3 4 5 6 7 8 11 -10 -11 -1 -13 -14
right_child=-2 -3 -4 -5 -6 -7 -8 -9 9 10 -12 12 13 -15
leaf_value=0.0074132499676138591 -0.041641220407555433 -0.032427581784083843 -0.052626449881262652 -0.036985313006949121 -0.025813432207837547 -0.047213752986073457 -0.032250633295955185 0.026519283989406985 -0.035399573399680757 -0.025611029668574849 0.022660625070638298 -0.044574257507785507 -0.026478248994659101 0.027839043057899047
leaf_weight=952.89364074618788 15.79668301087804 13.358285809634252 4.8437626794911912 7.5007983920513643 13.840701290231662 3.7860303781926623 8.1258528821635974 37.597747718449682 39.989863085560501 10.114804096985607 28.580281251110137 11.167140615289098 14.286002674489284 13.956654078327118
leaf_count=7368 168 191 107 197 153 52 177 93 356 66 52 159 208 25
internal_value=0.0032363 0.00388275 0.00433363 0.0046211 0.00492856 0.00533097 0.00555119 0.00585709 0.00510767 -0.0133699 0.00971521 0.00658484 -0.0131332 0.000397787
internal_weight=1175.84 1160.04 1146.68 1141.84 1134.34 1120.5 1116.71 1108.59 1070.99 78.6849 38.6951 992.303 39.4098 28.2427
internal_count=9372 9204 9013 8906 8709 8556 8504 8327 8234 474 118 7760 392 233
is_linear=0
shrinkage=0.03


Tree=201
num_leaves=15
num_cat=0
split_feature=33 40 44 85 44 75 73 28 21 0 61 37 38 38
split_gain=18.9759 29.6558 29.3438 31.8907 35.2324 16.0482 15.9784 26.5106 16.0224 14.7032 14.4902 13.8523 13.6873 24.6898
threshold=0.016126610138581111 0.0050481344778458143 0.010225473814965925 0.12345397717910696 0.48216626107856397 0.1129589035934485 0.12231068931553642 0.035231523294497052 0.00024483645427942746 30.500000000000004 1.0000000180025095e-35 0.0015096680709902899 0.23803058956430886 0.12988728986245546
decision_type=2 2 2 2 2 2 2 2 2 2 2 2 2 2
left_child=2 -2 5 4 -4 6 8 -8 9 10 12 -6 13 -1
right_child=1 -3 3 -5 11 -7 7 -9 -10 -11 -12 -13 -14 -15
leaf_value=0.0050129678516882036 -0.02665809455430913 0.022652356982673063 -0.043982074984070293 0.038560790038589379 -0.02056833087803597 -0.032648945541600569 -0.032531396382162632 0.015730184926721458 -0.038690067398093518 -0.034981714951879975 -0.037601363698981052 0.027966860407502802 -0.031988341097728738 0.029428203684615871
leaf_weight=917.93464765523095 11.774362059193662 82.815146101638675 33.717426675837487 7.0247321166098109 8.7296978628728557 9.9192955024773237 25.575378707435448 15.890971037093548 6.6122549698920912 7.2115042204968622 6.0287250643596044 10.679611569736151 7.630469375755637 37.918594028800726
leaf_count=6334 117 182 495 7 145 481 949 168 68 114 70 11 172 83
internal_value=0.0034789 0.0162996 0.00235742 -0.0178407 -0.0258731 0.00354769 0.00392953 -0.0141014 0.00470343 0.00503647 0.00536987 0.00619905 0.00567746 0.00601126
internal_weight=1189.46 94.5895 1094.87 60.1515 53.1267 1034.72 1024.8 41.4663 983.336 976.724 969.512 19.4093 963.484 955.853
internal_count=9396 299 9097 658 651 8439 7958 1117 6841 6773 6659 156 6589 6417
is_linear=0
shrinkage=0.03


Tree=202
num_leaves=15
num_cat=2
split_feature=65 33 75 72 28 2 4 28 36 9 9 16 22 4
split_gain=16.9028 16.6562 18.75 16.1971 20.8563 16.9326 32.9811 23.1469 24.3572 21.6027 20.7221 21.3838 26.9123 20.4321
threshold=0.46418559013176347 0.12560285810548902 0.1129589035934485 0.35497191999497824 0.0041356521263203995 3714.0000000000005 0.00013281465095188794 0.10554732463388229 0.45056490453256176 0 1 0.00037589608228825137 0.0022664904239881613 0.00011439690057510954
decision_type=2 2 2 2 2 2 2 2 2 9 9 2 2 2
left_child=1 2 3 5 -5 6 9 8 10 13 11 12 -7 -1
right_child=-2 -3 -4 4 -6 7 -8 -9 -10 -11 -12 -13 -14 -15
leaf_value=-0.026091859641988398 -0.049556234500630833 0.028414483408987386 -0.028848064609175477 -0.039709499776564072 0.022185576482619228 -0.020995838015158318 -0.033363326293906627 -0.030363325048299469 0.028179361255376515 0.0028980622789595155 0.0090434511488477268 0.03338253021634513 0.030325318882767436 0.017304950873791466
leaf_weight=46.98209488671273 4.4025525022298089 22.959060490131378 15.28049492248101 4.3956359801813951 63.650252712424845 62.615183122165035 25.505929351551458 13.496567991329355 47.969458723440766 517.78045979089802 315.9553402227466 8.8820039900019747 9.8462703665718418 11.509338314644991
leaf_count=1099 108 34 618 44 157 730 295 126 107 4291 1655 12 22 49
internal_value=0.00340872 0.00365082 0.00312939 0.00358751 0.0176701 0.00266816 -0.000642618 0.00700297 0.00820108 0.000860894 0.00572423 -0.00732971 -0.0137043 -0.0149007
internal_weight=1171.23 1166.83 1143.87 1128.59 68.0459 1060.54 601.778 458.765 445.268 576.272 397.299 81.3435 72.4615 58.4914
internal_count=9347 9239 9205 8587 201 8386 5734 2652 2526 5439 2419 764 752 1148
cat_boundaries=0 1 2
cat_threshold=8 134
is_linear=0
shrinkage=0.03


Tree=203
num_leaves=15
num_cat=2
split_feature=79 33 63 40 0 6 2 3 72 9 48 36 33 1
split_gain=20.9178 18.9726 26.4297 22.0024 21.8322 18.3751 22.8456 41.2941 21.668 21.5311 30.5465 22.8694 23.0401 22.4702
threshold=0.083235892202222703 0.016126610138581111 0.0012799191126505747 0.0026863969805547444 26.500000000000004 0 5853.5000000000009 2674.5000000000005 0.00019122414460882113 1 0.11180941979158951 0.65337459334388759 0.0030410925120996335 6.5000000000000009
decision_type=2 2 2 2 2 9 2 2 2 9 2 2 2 2
left_child=1 2 5 -3 -4 -1 7 9 -9 13 11 12 -11 -7
right_child=-2 3 4 -5 -6 6 -8 8 -10 10 -12 -13 -14 -15
leaf_value=0.0058639150218873686 -0.027779907121788322 -0.033010457435815703 -0.017124170052363032 0.020235205283642008 0.017060025609175959 -0.03247110285477646 0.0086974465299676854 -0.041816204296407491 0.0080020658858765779 -0.037194471338234239 0.014480244895601076 0.022366811821048042 0.019738090230354281 0.020925047749904432
leaf_weight=607.4999379926594 20.212793394341134 6.752553784986957 105.10812726157019 79.424562836065888 19.147159753250889 7.2926426803460336 95.556202928768471 40.332981264684349 9.3449966744519752 46.652037156396545 28.387512325774878 8.0497551932930929 6.7499809339642516 51.379762947442941
leaf_count=3092 560 82 1722 184 139 295 672 639 76 1558 101 14 7 316
internal_value=0.0017347 0.00229582 0.00115248 0.0157322 -0.0117624 0.00294412 -0.00318464 -0.00908832 -0.0324718 -0.00110153 -0.00983218 -0.0226896 -0.0297677 0.0118666
internal_weight=1131.89 1111.68 1025.5 86.1771 124.255 901.246 293.746 198.19 49.678 148.512 89.8393 61.4518 53.402 58.6724
internal_count=9457 8897 8631 266 1861 6770 3678 3006 715 2291 1680 1579 1565 611
cat_boundaries=0 1 2
cat_threshold=1484 4
is_linear=0
shrinkage=0.03


Tree=204
num_leaves=15
num_cat=1
split_feature=16 65 37 4 35 2 0 4 2 50 4 4 9 2
split_gain=16.8532 16.0459 16.1429 25.585 19.7778 20.0243 28.6444 21.7554 52.8334 38.6088 25.6467 23.9393 26.3777 22.7274
threshold=0.00094809244429423193 0.46418559013176347 0.00018609526637347517 0.00028053577704369501 0.060450521214703186 7066.0000000000009 16.500000000000004 7.8792641754407035e-05 2455.5000000000005 0.089090874540479301 5.6267541166737333e-05 2.2179731450359234e-05 0 975.00000000000011
decision_type=2 2 2 2 2 2 2 2 2 2 2 2 9 2
left_child=1 2 3 4 5 7 -7 10 -9 -10 11 -1 13 -13
right_child=-2 -3 -4 -5 -6 6 -8 8 9 -11 -12 12 -14 -15
leaf_value=0.019850546348059307 -0.034360846127284531 -0.049602325476765297 0.010628947586462651 -0.037664972162721778 0.014861448262209245 -0.025741228847272753 0.01550621438790782 -0.043678938505455719 0.0010002454871068855 -0.045347861509541051 0.010246799811457206 0.0011462549034757389 0.015835513928350184 -0.02079806289365561
leaf_weight=31.135253327898681 9.9975887882173975 4.2063052826561025 212.90692956699058 13.788418230367823 96.81538440939039 16.262026622775011 127.62021387182176 32.822868719988037 182.37221141753253 16.746092443587258 199.54075869760709 67.678965087747201 27.922263507789467 112.61458021379076
leaf_count=217 341 104 832 205 263 360 581 560 1059 183 1344 1087 119 2177
internal_value=0.00261 0.00296331 0.00320093 0.00148219 0.00211498 0.000583914 0.0106988 -0.00159825 -0.00900947 -0.00310481 0.00232993 -0.00428533 -0.00797208 -0.011941
internal_weight=1152.43 1142.43 1138.23 925.319 911.531 814.715 143.882 670.833 231.941 199.118 438.892 239.351 208.216 180.294
internal_count=9432 9091 8987 8155 7950 7687 941 6746 1802 1242 4944 3600 3383 3264
cat_boundaries=0 1
cat_threshold=13
is_linear=0
shrinkage=0.03


Tree=205
num_leaves=15
num_cat=0
split_feature=63 33 64 0 36 72 39 72 8 4 2 2 76 41
split_gain=23.3254 25.2896 19.8499 19.4247 20.702 32.931 18.8228 18.5134 21.9487 20.1936 45.5369 19.9437 17.9486 27.5648
threshold=0.0014285779883683142 0.096477983410403631 0.060318518656960508 26.500000000000004 0.10172796395652113 0.02367323966310881 0.024070098164239214 0.00079782223489515975 1.5000000000000002 0.00010395754819182412 3866.0000000000005 940.50000000000011 0.16594283837056509 0.079487749514426803
decision_type=2 2 2 2 2 2 2 2 2 2 2 2 2 2
left_child=2 3 6 4 5 -2 7 12 -9 11 -11 -10 -1 -14
right_child=1 -3 -4 -5 -6 -7 -8 8 9 10 -12 -13 13 -15
leaf_value=0.0030274360144680254 -0.037487758100485845 0.019651583242915324 -0.024971190225299582 0.015416230487186953 0.0071174715765394969 -0.0019253216854502235 -0.03746278776680468 0.022245067301758181 -0.019619930238445962 -0.048989621281011045 0.0090024736340638227 0.016770806130172112 -0.041555146023845559 0.02275614171979435
leaf_weight=646.23182780621573 59.80736402241746 23.426994144916534 20.395392656326294 17.513588417321444 23.847756144357845 38.314353069290519 8.6449667566921544 101.80507787223905 14.891222151461987 17.367783594410866 35.501111113466322 96.161411495879292 18.201799582224343 7.9610182163305572
leaf_count=5595 1749 40 247 148 104 232 181 180 149 220 133 345 142 16
internal_value=0.00184805 -0.00862017 0.00361841 -0.0134747 -0.0177147 -0.0237609 0.00425999 0.00468396 0.0113726 0.00452615 -0.0106041 0.0117596 0.00202769 -0.0218687
internal_weight=1130.07 162.91 967.162 139.483 121.969 98.1217 946.766 938.121 265.727 163.922 52.8689 111.053 672.395 26.1628
internal_count=9481 2273 7208 2233 2085 1981 6961 6780 1027 847 353 494 5753 158
is_linear=0
shrinkage=0.03


Tree=206
num_leaves=15
num_cat=0
split_feature=65 54 2 51 16 74 71 72 28 73 84 73 5 39
split_gain=15.8779 16.0208 15.2597 19.9347 15.548 13.5958 23.0042 19.3411 19.0737 20.97 28.4388 20.3311 16.4548 20.2549
threshold=0.46418559013176347 1.0000000180025095e-35 489.50000000000006 0.12973506448552904 0.00094809244429423193 0.46262998612652523 0.0012733448813535507 0.0096513452967011484 0.015959944061532318 0.0032211735570387367 0.008961763091530326 0.00068834970202311574 41348.682562212292 0.003627598735859629
decision_type=2 2 2 2 2 2 2 2 2 2 2 2 2 2
left_child=1 2 3 -1 5 6 7 -4 9 11 -11 -7 -8 -14
right_child=-2 -3 4 -5 -6 8 12 -9 -10 10 -12 -13 13 -15
leaf_value=-0.038785907968524165 -0.049353273126643789 -0.034914105578199524 0.0028309139497065981 0.027058107782354939 -0.034201089316065483 -0.030453025654544885 0.01777607585427941 -0.025831790851630943 0.0055258880831179514 -0.051710419956349785 0.030217220399549938 0.02073922457765516 0.0075951652021990328 -0.032982987805646846
leaf_weight=15.225947867613288 4.3501626930665216 9.2374961592722666 719.46089909580769 4.7589182731462634 8.890346492873503 10.980867890641095 170.87940226821229 20.835125959245488 57.109770961804315 21.403275708318692 3.9062857627868643 15.736131765879689 77.040889488998801 11.904071484226732
leaf_count=483 106 295 5838 55 338 77 1049 310 152 188 1 31 418 148
internal_value=0.00221897 0.00245731 0.00279101 -0.0225645 0.00326395 0.00359476 0.00469272 0.00199046 -0.00641822 -0.0193863 -0.0383978 -0.000640736 0.0123549 0.00185801
internal_weight=1151.72 1147.37 1138.13 19.9849 1118.15 1109.26 1000.12 740.296 109.136 52.0266 25.3096 26.717 259.824 88.945
internal_count=9489 9383 9088 538 8550 8212 7763 6148 449 297 189 108 1615 566
is_linear=0
shrinkage=0.03


Tree=207
num_leaves=15
num_cat=1
split_feature=6 49 1 5 57 4 3 3 77 4 3 0 35 12
split_gain=18.9939 26.6384 36.9741 33.3907 31.0067 24.349 21.77 36.0021 21.2121 20.7188 37.3971 23.848 24.3416 19.9375
threshold=0 0.0034866180394832178 10.500000000000002 5131.4925933578015 0.097041028888417716 7.6101980434913874e-05 420.00000000000006 51.500000000000007 0.0039842602538527313 0.00014056183514146809 3388.5000000000005 17.500000000000004 0.02992516555932951 0.022475481168879031
decision_type=9 2 2 2 2 2 2 2 2 2 2 2 2 2
left_child=6 2 3 -2 -4 -5 7 -1 13 11 -11 12 -8 -3
right_child=1 8 4 5 -6 -7 9 -9 -10 10 -12 -13 -14 -15
leaf_value=0.010769958410379834 -0.021074518601193748 -0.034996731907003073 -0.026187249303785683 0.021345848498185549 0.020890693150894403 -0.032610761465428136 -0.020515505106900495 -0.032723479789273008 0.0058317395320903907 -0.042239583199079625 0.0052110972793532337 0.013501319601707831 0.015830336004954378 0.031502189674817035
leaf_weight=34.703281618421897 33.238049643929116 20.218344232067469 110.89533072139602 61.928369250788819 13.438042188528923 7.6488425508723585 40.123750833387021 32.129179852781817 282.83057493600063 18.579779848456383 62.484839734155685 358.8616654741345 26.864312008954585 4.1911106109619132
leaf_count=226 966 536 2428 622 48 236 599 450 1081 191 244 1594 63 1
internal_value=0.00184601 -0.00222367 -0.0100327 0.00327181 -0.0209729 0.0150362 0.00557547 -0.0103133 0.00349139 0.00779623 -0.00604665 0.0104394 -0.00592123 -0.0227884
internal_weight=1108.14 534.389 227.149 102.815 124.333 69.5772 573.747 66.8325 307.24 506.914 81.0646 425.85 66.9881 24.4095
internal_count=9285 5918 4300 1824 2476 858 3367 676 1618 2691 435 2256 662 537
cat_boundaries=0 1
cat_threshold=1368
is_linear=0
shrinkage=0.03


Tree=208
num_leaves=15
num_cat=0
split_feature=72 28 81 64 85 33 44 33 76 71 63 46 38 0
split_gain=17.8214 19.9811 17.8776 16.5262 15.8956 14.5041 17.0841 17.7956 23.0766 18.2583 16.7774 30.1344 15.1613 14.9739
threshold=0.26378244943462342 0.0045003347701046735 0.0056937865516420135 0.1393114423624823 0.08170779269918331 0.1267239866643271 0.0030933008079195709 0.00031870745742949949 0.2111946984201743 0.013705208257585573 0.0074733338207577833 0.0078496365053258663 0.19613219800837065 25.500000000000004
decision_type=2 2 2 2 2 2 2 2 2 2 2 2 2 2
left_child=2 -2 3 4 5 6 10 -8 9 -9 12 -12 -1 -13
right_child=1 -3 -4 -5 -6 -7 7 8 -10 -11 11 13 -14 -15
leaf_value=0.0036667976301689451 -0.026547702876608303 0.019900949439873587 -0.035036420052493869 -0.034907914380367784 0.029782650287845814 0.027047278549153026 -0.024598649821284263 -0.03344516325336417 0.019459077309345704 0.012086517428640937 -0.025703233076743378 -0.02495757746134462 -0.032818002584447323 0.041063921826285169
leaf_weight=803.84323680080706 8.4607504196464998 77.147569581167772 11.320009131915866 10.210575607605277 16.847456317162141 18.185708140954375 45.355123867222574 20.625163264106959 28.406111528165638 11.852036720141767 43.247423668100964 3.4844754962250581 9.390917936107142 10.347464924678205
leaf_count=6214 78 223 120 182 39 26 628 206 68 42 1234 133 199 10
internal_value=0.00198485 0.0150569 0.000888137 0.00132 0.00171978 0.00121506 0.000706824 -0.010593 6.94056e-05 -0.0169644 0.00209676 -0.0134859 0.0032057 0.0238708
internal_weight=1118.72 85.6083 1033.12 1021.8 1011.59 994.738 976.552 106.238 60.8833 32.4772 870.314 57.0794 813.234 13.8319
internal_count=9402 301 9101 8981 8799 8760 8734 944 316 248 7790 1377 6413 143
is_linear=0
shrinkage=0.03


Tree=209
num_leaves=15
num_cat=1
split_feature=64 38 38 57 28 8 49 6 3 5 33 28 7 1
split_gain=17.9265 15.7696 21.2139 17.0162 41.5635 40.5008 16.0341 23.0309 26.7648 30.6509 31.4779 18.858 25.8943 31.7453
threshold=0.14458537563985888 0.19613219800837065 0.12988728986245546 0.0015922153992215908 0.018400393649245884 1.0000000180025095e-35 0.0034866180394832178 0 662.00000000000011 104305.71510823358 0.00061196198926871247 0.021228519961776802 1.5000000000000002 75.500000000000014
decision_type=2 2 2 2 2 2 2 9 2 2 2 2 2 2
left_child=1 2 3 6 5 -5 11 8 -8 -10 -11 12 13 -1
right_child=-2 -3 -4 4 -6 -7 7 -9 9 10 -12 -13 -14 -15
leaf_value=-0.03542848366607982 -0.034734153976803565 -0.032873825962228452 0.027495292314450293 0.018466496053993076 -0.042382382040304575 -0.035001254119868611 -0.034693193622818697 0.018366776675186276 0.011635725869766918 -0.040986127510206499 0.016261644576597584 0.006045167436663685 -0.00058784588423684307 0.029636584167629342
leaf_weight=38.510002751252614 10.459525978192685 9.939926784951238 30.78443550132215 43.726199037395418 24.428961304947734 16.841778706992045 15.356004036148077 129.68804911337793 141.44278395618312 21.657667262945324 13.270760007202623 346.36766744725173 295.03506042162189 7.3434543488547197
leaf_count=1184 191 211 55 87 142 260 387 176 678 166 18 2520 3271 36
internal_value=0.00261003 0.00298465 0.00333056 0.00262587 -0.0101898 0.00327202 0.00371482 0.00923463 0.00194053 0.00541712 -0.0193881 0.00112366 -0.00388001 -0.0245981
internal_weight=1144.85 1134.39 1124.45 1093.67 84.9969 60.568 1008.67 321.415 191.727 176.371 34.9284 687.256 340.889 45.8535
internal_count=9382 9191 8980 8925 489 347 8436 1425 1249 862 184 7011 4491 1220
cat_boundaries=0 1
cat_threshold=34
is_linear=0
shrinkage=0.03


Tree=210
num_leaves=15
num_cat=0
split_feature=2 3 72 4 2 26 73 63 64 2 3 75 77 36
split_gain=31.8472 35.4611 22.2972 21.2557 28.4697 28.3936 19.3848 17.9331 17.8761 17.9485 33.0539 37.1577 23.4761 27.1544
threshold=1484.0000000000002 792.50000000000011 0.016769326447286594 4.1074748747141504e-05 470.00000000000006 0.014649368568382264 0.062541619751413632 0.023652466442973884 0.35347347347347352 8935.5000000000018 5966.5000000000009 0.024035887815254679 0.017770988213158225 0.34247434853168685
decision_type=2 2 2 2 2 2 2 2 2 2 2 2 2 2
left_child=1 3 6 4 -1 -5 8 -4 9 10 12 -12 -2 -14
right_child=2 -3 7 5 -6 -7 -8 -9 -10 -11 11 -13 13 -15
leaf_value=-0.038259099500945797 -0.004094383056854699 -0.030350591215691784 0.013970639103545287 -0.033120040019604981 0.014345868775377905 0.0094951741867555766 -0.037846950789423343 -0.029915414163754452 0.044073520531412141 0.0099401972847484223 -0.032025591572510233 0.019699638791205881 0.012638671629002471 -0.043199154915213311
leaf_weight=9.6588535319897328 301.53775990119902 56.505246485874522 179.64255471969955 34.100864541018382 70.734287843224593 22.882045451668091 10.75613267556764 7.8692100837361059 7.5651948610320678 141.2265258989064 56.292915066587739 15.251050700782796 158.08543632808141 7.2794341556727877
leaf_count=376 2990 932 631 713 787 107 511 91 48 904 664 79 580 43
internal_value=0.000411376 -0.0105695 0.00282485 -0.00227269 0.00763323 -0.0161389 0.000351767 0.01198 0.00100375 0.000460307 -0.00203994 -0.0208797 0.000885352 0.00993578
internal_weight=1079.39 193.881 885.506 137.376 80.3931 56.9829 697.994 187.512 687.238 679.673 538.447 71.544 466.903 165.365
internal_count=9456 2915 6541 1983 1163 820 5819 722 5308 5260 4356 743 3613 623
is_linear=0
shrinkage=0.03


Tree=211
num_leaves=15
num_cat=0
split_feature=74 8 4 3 75 37 57 27 5 77 39 14 41 5
split_gain=22.513 17.8418 26.9288 20.5306 18.1747 34.0515 18.6512 27.5446 33.6984 24.5969 17.871 17.715 14.8911 23.2379
threshold=0.93603994896957921 2.5000000000000004 5.4417988936204077e-05 2296.5000000000005 0.00092976024625096262 0.00018609526637347517 0.00077085193300659323 0.0034648288954364785 4157.751361138201 0.0004884012165305028 0.045380562752405006 0.080260666405689018 0.017312227093040283 2062.277272049228
decision_type=2 2 2 2 2 2 2 2 2 2 2 2 2 2
left_child=1 4 3 -3 6 11 12 8 -8 -10 -7 -6 13 -1
right_child=-2 2 -4 -5 5 10 7 -9 9 -11 -12 -13 -14 -15
leaf_value=-0.033897138100863762 -0.041444358561855812 -0.0092231896664734647 -0.035478100135403492 0.032145865863703757 -0.0316358395965253 0.0083087505832004117 0.02168798304176003 0.018126751431785097 0.021759506385298971 -0.041135768124718086 -0.040895640004119292 0.0052651194652317242 0.025456692910289125 0.0059193349296328438
leaf_weight=12.452677084016612 9.9330940716899914 46.194993541750591 26.95420511305565 12.999398648855275 49.125746653706301 92.299638640251942 12.669593019410966 22.979443408548832 5.8854442331939927 38.183963000308722 6.1637418345198958 14.939934171736239 33.283965025097132 728.71680217207177
leaf_count=341 84 1087 765 73 1008 381 76 37 31 401 132 35 90 4871
internal_value=0.00139662 0.00181968 -0.0112111 0.000244781 0.00293375 -0.00623502 0.0046836 -0.00905497 -0.0201869 -0.0324397 0.00484839 -0.023082 0.00610764 0.00520559
internal_weight=1112.78 1102.85 86.1486 59.1944 1016.7 162.529 854.172 79.7184 56.739 44.0694 98.4634 64.0657 774.453 741.169
internal_count=9412 9328 1925 1160 7403 1556 5847 545 508 432 513 1043 5302 5212
is_linear=0
shrinkage=0.03


Tree=212
num_leaves=15
num_cat=1
split_feature=28 4 35 73 28 5 5 3 6 4 0 36 22 3
split_gain=16.8017 18.3543 16.8355 18.4896 17.3509 17.7622 40.0037 25.579 28.105 22.4309 21.6538 17.4758 17.1231 21.2726
threshold=0.054788747842451323 3.0846699812230885e-05 0.0091210160926426063 0.17779938241103094 0.04027561431629971 5131.4925933578015 8361.8226556015616 1626.5000000000002 0 2.4664080033200109e-05 23.500000000000004 0.0015255752035263947 0.0055152547636187549 5074.5000000000009
decision_type=2 2 2 2 2 2 2 2 9 2 2 2 2 2
left_child=2 -2 3 4 5 9 10 11 -9 -1 -7 -8 13 -10
right_child=1 -3 -4 -5 -6 6 7 8 12 -11 -12 -13 -14 -15
leaf_value=0.014897405415135881 -0.03709070393555651 0.0094550430904319274 -0.013448496895807849 -0.026466217414864705 -0.019234252701318271 0.028656494131359903 -0.0067773010448851229 0.0096503532293372996 0.00033865805367990648 -0.022058788498049944 -0.025674077455413655 -0.041301114479590284 0.038942394930590554 -0.023398624214952462
leaf_weight=19.810788260656409 6.90129465679638 243.85974751587491 84.13627954851836 21.032016282144468 33.887800105148926 72.22155257279519 99.001573567802552 293.02398944227025 90.500737400376238 51.213499811012298 6.4882395402528337 14.347389873117207 6.1844485960900775 53.377264354727231
leaf_count=256 133 1238 436 884 400 409 1093 1383 896 1272 114 188 6 711
internal_value=0.00122884 0.0080318 -0.000796564 0.000617883 0.00142227 0.00243934 0.00403488 0.00118534 0.00444137 -0.0116869 0.023912 -0.0114702 -0.00597027 -0.00856835
internal_weight=1095.99 250.761 845.226 761.089 740.057 706.169 635.145 556.435 443.086 71.0243 78.7098 113.349 150.062 143.878
internal_count=9419 1371 8048 7612 6728 6328 4800 4277 2996 1528 523 1281 1613 1607
cat_boundaries=0 1
cat_threshold=90
is_linear=0
shrinkage=0.03


Tree=213
num_leaves=15
num_cat=0
split_feature=16 4 77 41 72 38 8 79 49 64 65 58 44 79
split_gain=19.4044 16.3327 25.1611 19.7965 22.277 28.0266 39.254 44.4283 25.9343 30.2373 28.6708 36.7514 26.2566 25.8078
threshold=0.00052509134300968196 0.00021419456511935088 0.040744583611255228 0.013032341099168671 0.00079782223489515975 0.0053454306908957772 1.5000000000000002 0.0019658986620296579 0.081716639796783633 0.35347347347347352 0.14790937864401135 0.0014859954944272133 0.001945091056742436 0.0014352350402653152
decision_type=2 2 2 2 2 2 2 2 2 2 2 2 2 2
left_child=1 3 -3 4 5 6 7 13 9 10 11 12 -8 -1
right_child=-2 2 -4 -5 -6 -7 8 -9 -10 -11 -12 -13 -14 -15
leaf_value=-0.011040136550288591 -0.034255117756050883 -0.025810386242668133 0.019053975943083844 0.014659282614777436 0.0082365829188730429 0.012569571271643033 -0.028410333463520943 -0.045454614731834174 0.016901927085811404 0.05549154887773905 0.017894312746815542 0.015698959363706615 0.0095948792787354121 0.027228005920617426
leaf_weight=200.83586134418147 12.242252968135288 39.791036414855625 14.707173828035591 117.70815038617002 305.96850302896928 102.63205465488136 81.123351244372316 32.072551834047772 86.599008078919724 6.5987888267263761 35.577180645195767 31.759661565767601 19.899838560435455 16.265226633753628
leaf_count=1650 375 417 52 656 1224 531 2611 398 555 40 257 346 276 22
internal_value=0.00184738 0.00228328 -0.0135779 0.00312909 0.00163847 -0.00166096 -0.00453957 -0.0130369 0.00357428 -0.00308104 -0.00569086 -0.0120967 -0.0209033 -0.00806139
internal_weight=1103.78 1091.54 54.4982 1037.04 919.332 613.364 510.731 249.174 261.558 174.959 168.36 132.783 101.023 217.101
internal_count=9410 9035 469 8566 7910 6686 6155 2070 4085 3530 3490 3233 2887 1672
is_linear=0
shrinkage=0.03


Tree=214
num_leaves=15
num_cat=0
split_feature=41 73 12 61 16 72 26 1 26 74 62 72 8 1
split_gain=20.8305 16.5017 13.916 13.5868 12.8574 13.5185 22.634 23.1611 18.9566 17.7997 15.364 15.1694 14.4865 13.9214
threshold=0.11116531165311654 0.21359828868361294 0.052372156263627366 1.0000000180025095e-35 0.00094809244429423193 0.00079782223489515975 0.0021975700266056585 8.5000000000000018 0.093803960220186333 0.71314812178365583 1.0000000180025095e-35 0.00055618195625712448 1.5000000000000002 77.500000000000014
decision_type=2 2 2 2 2 2 2 2 2 2 2 2 2 2
left_child=1 2 3 4 5 9 7 12 -8 10 11 13 -7 -1
right_child=-2 -3 -4 -5 -6 6 8 -9 -10 -11 -12 -13 -14 -15
leaf_value=0.0033104575503212657 -0.03638873359661772 -0.021754393898577279 -0.033221796634728247 -0.036428599330174685 -0.0327592782253028 0.011659158154448773 -0.020483071569269672 0.018504243460102033 0.007048537153221306 -0.038131913715155626 -0.03849098605384544 -0.055846933663537636 -0.025089923355269123 -0.025207658569662419
leaf_weight=695.62915090646129 11.819555151858365 24.542805476230569 8.6518688041251135 6.8241263856180003 7.8507623267360023 17.850434793159366 35.493426523637027 180.31915693311021 57.844114771578461 9.1445052867056784 7.3860129077802403 3.009318384807556 18.957053021527827 14.763409835053606
leaf_count=5983 344 929 225 80 293 35 213 444 229 102 211 28 138 186
internal_value=0.00163385 0.00207983 0.00264967 0.002975 0.00326599 0.00356903 0.00880198 0.0140938 -0.00352704 0.00133429 0.00188713 0.00235847 -0.00743082 0.00268319
internal_weight=1100.09 1088.27 1063.72 1055.07 1048.25 1040.4 310.464 217.127 93.3375 729.932 720.788 713.402 36.8075 710.393
internal_count=9440 9096 8167 7942 7862 7569 1059 617 442 6510 6408 6197 173 6169
is_linear=0
shrinkage=0.03


Tree=215
num_leaves=15
num_cat=0
split_feature=2 4 8 72 35 50 82 64 74 65 65 3 5 14
split_gain=16.0421 22.9241 22.3988 32.3179 29.1943 22.944 22.776 21.8526 22.5619 19.5701 20.3518 19.1818 27.0004 26.2725
threshold=1382.5000000000002 5.9063100042773145e-05 1.5000000000000002 0.061240112250149102 0.064513257233621044 0.24062990638760021 0.00041035211836635757 0.0015485987726316481 0.010733527788294842 0.24174854173525184 0.16244542630529443 7063.0000000000009 20410.397594998722 0.10004351610095737
decision_type=2 2 2 2 2 2 2 2 2 2 2 2 2 2
left_child=1 -1 3 5 6 7 9 8 -2 10 11 12 -4 -14
right_child=2 -3 4 -5 -6 -7 -8 -9 -10 -11 -12 -13 13 -15
leaf_value=-0.0017951055542320736 0.00085937469594797892 -0.031456117124991627 0.011627157928880813 0.021037220744990058 0.032480493989683189 -0.040163146864144163 -0.025016373062172668 -0.031369724821045712 -0.033169408632040001 -0.037179098785512989 0.034481322601515325 0.019952737093901492 -0.015011645862964319 0.02430255002902432
leaf_weight=153.14941566257039 397.61716731544584 26.722337745130062 131.87355422414839 53.429144545458257 40.63523196708411 13.809003676287828 19.274950838182122 20.929224424995482 17.343120101781096 7.5583640148397526 24.790214562788606 73.964340230915695 90.731857149250573 17.427304538199678
leaf_count=2222 2309 440 1405 119 55 269 207 174 149 150 68 557 1182 66
internal_value=0.00181188 -0.00635119 0.0034317 -0.000800434 0.00866209 -0.00343591 0.00593353 -0.00218312 -0.000639169 0.00772302 0.00883126 0.00670314 0.00255453 -0.00851248
internal_weight=1089.26 179.872 909.383 503.128 406.256 449.699 365.621 435.89 414.96 346.346 338.787 313.997 240.033 108.159
internal_count=9372 2662 6710 3020 3690 2901 3635 2632 2458 3428 3278 3210 2653 1248
is_linear=0
shrinkage=0.03


Tree=216
num_leaves=15
num_cat=1
split_feature=6 44 84 77 16 40 4 28 48 44 7 2 33 7
split_gain=19.6942 21.9671 15.3456 14.0305 13.2515 12.7319 12.3 15.4493 26.2546 22.5811 22.4411 34.9287 23.9015 20.1907
threshold=0 0.016787114330185388 1.0000000180025095e-35 0.10938005196667568 0.00094809244429423193 0.55665531031161752 2.2179731450359234e-05 0.054788747842451323 0.16024017458896619 0.010991092967786406 2.5000000000000004 2455.5000000000005 0.0032481372916706966 1.5000000000000002
decision_type=9 2 2 2 2 2 2 2 2 2 2 2 2 2
left_child=1 5 3 4 6 -1 -2 8 10 13 -8 12 -12 -9
right_child=2 -3 -4 -5 -6 -7 7 9 -10 -11 11 -13 -14 -15
leaf_value=-0.03717705886472554 0.022069531809900376 0.024079197716542107 -0.023210964714268308 -0.032676610399040198 -0.03282165871324328 0.019112733053240061 0.0050004835327017499 -0.0054221492987390103 -0.024382914384750307 -0.024515548989216304 -0.049683066385776055 0.0031065832745839025 0.013441261934063878 0.017759455642608356
leaf_weight=28.21052850474371 34.110779026988894 7.5034558209590605 18.039778504171409 8.329636183800174 7.598581936734262 3.5042137471027663 655.03627688949928 41.466563135269098 31.6449049343355 14.328603752946945 24.12921120662941 55.113081372575834 6.4079734100960186 173.15146258869208
leaf_count=914 197 14 248 177 296 17 5252 371 238 151 447 462 19 530
internal_value=0.00265638 -0.0158333 0.0034642 0.00397646 0.00430021 -0.0305634 0.00460405 0.00398762 0.00195248 0.0108146 0.00310899 -0.0112476 -0.0364308 0.0132761
internal_weight=1108.58 39.2182 1069.36 1051.32 1042.99 31.7147 1035.39 1001.28 772.331 228.947 740.687 85.6503 30.5372 214.618
internal_count=9333 945 8388 8140 7963 931 7667 7470 6418 1052 6180 928 466 901
cat_boundaries=0 1
cat_threshold=32
is_linear=0
shrinkage=0.03


Tree=217
num_leaves=15
num_cat=0
split_feature=0 0 28 52 59 76 73 86 64 45 8 77 5 1
split_gain=14.8888 14.3084 21.6156 27.5757 37.3484 20.3352 17.0115 16.7041 16.466 15.0534 40.5909 14.7654 14.6582 31.6242
threshold=29.500000000000004 21.500000000000004 0.0026558076984567352 0.99799105881973205 0.0009540670350042024 0.27507634138030462 0.085339039406225212 0.00044762793262418174 0.028867904615625613 0.36978568157002595 2.5000000000000004 0.03191533690919067 69393.224915163722 46.500000000000007
decision_type=2 2 2 2 2 2 2 2 2 2 2 2 2 2
left_child=1 2 3 4 -1 7 8 9 -4 10 12 -6 13 -3
right_child=-2 5 6 -5 11 -7 -8 -9 -10 -11 -12 -13 -14 -15
leaf_value=-0.035562297007400323 -0.029688582045638755 0.0083051838770280845 0.0047005618194762818 0.025204330706270824 -0.03256094257218177 -0.036715177003865757 -0.023685513201402029 -0.033535870073279163 -0.028054708591736238 0.030112076837939657 -0.029926829301751206 0.014741715731860408 -0.00030135717477657904 0.03788444050092054
leaf_weight=51.596667945967056 11.894475141307337 344.34261173842242 380.18205483217025 13.419904410839079 6.5553383555961764 8.9062417631503177 20.834388003713684 8.1809050696901959 13.344096117652951 23.995486224303022 25.588581687188707 26.984032850945368 137.26239161967533 35.085402955766767
leaf_count=1544 237 2321 2541 20 126 92 509 169 137 103 824 173 604 67
internal_value=0.00236914 0.0027437 -0.000911235 -0.0134647 -0.0197819 0.00595333 0.00209984 0.00667751 0.00352157 0.00731656 0.0062543 0.00482127 0.00810048 0.0111327
internal_weight=1108.17 1096.28 512.916 98.5559 85.136 583.362 414.361 574.455 393.526 566.274 542.279 33.5394 516.69 379.428
internal_count=9467 9230 5050 1863 1843 4180 3187 4088 2678 3919 3816 299 2992 2388
is_linear=0
shrinkage=0.03


Tree=218
num_leaves=15
num_cat=0
split_feature=4 2 2 44 33 75 7 59 79 84 38 0 21 58
split_gain=16.8156 27.7355 18.7919 18.3062 21.6537 17.6919 16.4381 16.4244 16.1949 16.1005 14.6522 12.8752 12.8561 12.7692
threshold=0.00021419456511935088 8241.5000000000018 11480.500000000002 0.13767636131370997 0.017255227807782859 0.089188317504242234 2.5000000000000004 0.12827127573699565 0.075610649626347767 1.0000000180025095e-35 0.19613219800837065 29.500000000000004 0.00024483645427942746 0.013760961322645329
decision_type=2 2 2 2 2 2 2 2 2 2 2 2 2 2
left_child=3 -2 -3 4 5 7 -5 8 9 10 11 12 13 -1
right_child=1 2 -4 6 -6 -7 -8 -9 -10 -11 -12 -13 -14 -15
leaf_value=0.0048352211021177134 -0.043344373812655067 0.01666564863461471 -0.025560796751952459 -0.049643096830514488 0.018284937935506285 -0.035154341746266235 -0.00036365331811291716 -0.033360206443002194 -0.029903317542483921 -0.028331714574624547 -0.032314096219217929 -0.033706607983791832 -0.037163227127733053 -0.034777357129964298
leaf_weight=854.32068105437793 18.75491487927502 23.682802424766123 14.405251993564887 10.493738193879835 73.73523255623877 10.706333174661266 12.994238464278169 10.701439265627412 12.752314988872966 13.618825402110813 9.2188466456718725 7.157887313514947 5.7276957724243394 6.4002188715967341
leaf_count=6425 264 86 174 217 214 534 132 207 377 172 194 157 67 177
internal_value=0.00124159 -0.0144993 0.000449866 0.00212537 0.00274765 0.00149826 -0.0235084 0.00196256 0.00241451 0.00290705 0.00342047 0.00383408 0.00418271 0.00450065
internal_weight=1084.67 56.843 38.0881 1027.83 1004.34 930.604 23.488 919.898 909.196 896.444 882.825 873.606 866.449 860.721
internal_count=9397 524 260 8873 8524 8310 349 7776 7569 7192 7020 6826 6669 6602
is_linear=0
shrinkage=0.03


Tree=219
num_leaves=15
num_cat=1
split_feature=14 12 12 9 42 70 3 42 28 4 3 59 71 80
split_gain=17.9773 12.3733 13.6786 18.908 26.3274 22.5462 22.085 30.6166 22.8678 19.1688 18.5062 16.4484 16.4457 16.3535
threshold=0.91343742258877703 0.066397545779692882 0.0058539315575455763 0 0.019695518415406701 0.16087694098511787 2741.5000000000005 0.00025234084128638034 0.00517967033888358 0.00044523253478252224 204.50000000000003 0.10548683558716758 0.094009057845178753 0.0066754012288124309
decision_type=2 2 2 9 2 2 2 2 2 2 2 2 2 2
left_child=1 2 3 5 6 11 8 9 -5 12 -10 13 -8 -1
right_child=-2 -3 -4 4 -6 -7 7 -9 10 -11 -12 -13 -14 -15
leaf_value=0.0033115819340464492 -0.032192986806023324 -0.032048361493858257 0.021262741920962079 -0.031097387164842723 -0.037762134415065866 -0.033975418967508032 -0.042949240851396342 0.012643560279566167 -0.039902281013912147 0.02254132885577266 0.015264815187872522 -0.034604354772303773 0.015909404738041377 0.014169734053407693
leaf_weight=693.51471068014507 12.490440828492863 8.1761186040239391 34.511945012956858 11.804571082757318 20.379961208906025 12.696502638747914 35.872628159995656 22.566342202480882 4.9020932239363892 4.9681787749286732 83.777355358237401 8.4277509348466975 4.3154504611156872 151.5432766075246
leaf_count=5893 189 235 111 593 287 155 649 68 82 11 454 146 24 525
internal_value=0.00223505 0.00265584 0.00294548 0.00232657 -0.00608022 0.00418369 -0.00240048 -0.0155203 0.00650758 -0.0295638 0.0118043 0.0048394 -0.0363961 0.00527321
internal_weight=1109.95 1097.46 1089.28 1054.77 188.587 866.182 168.207 67.7226 100.484 45.1563 88.6794 853.486 40.1881 845.058
internal_count=9422 9233 8998 8887 2168 6719 1881 752 1129 684 536 6564 673 6418
cat_boundaries=0 1
cat_threshold=201
is_linear=0
shrinkage=0.03


Tree=220
num_leaves=15
num_cat=1
split_feature=6 42 35 41 64 65 17 79 50 0 35 13 5 3
split_gain=16.5509 36.6214 30.882 23.0531 22.528 19.2038 18.6113 22.7103 17.8862 19.9823 35.3831 22.632 19.0521 32.0023
threshold=0 0.030897868751633431 0.093469804293713835 0.025690809038368508 0.35347347347347352 0.36324025438330848 0.015772921915252914 0.041130331898574089 0.0440859137286716 18.500000000000004 0.00025508479676264554 0.00030476339261540541 22866.276438598168 2905.5000000000005
decision_type=9 2 2 2 2 2 2 2 2 2 2 2 2 2
left_child=5 2 3 4 -2 6 7 8 9 10 11 -1 -11 -14
right_child=1 -3 -4 -5 -6 -7 -8 -9 -10 12 -12 -13 13 -15
leaf_value=-0.031906318647683507 -0.0011020009380527454 -0.03591752582492324 -0.038669227964015854 0.025643743123905837 0.049988700610863669 -0.052518828320206698 0.017270654269560572 -0.036771955573622783 0.02278195819686606 0.012181632121989468 0.013291305563992039 0.024223850419709272 -0.017934168111647115 0.0074997288093177324
leaf_weight=47.250922547187656 346.76311293884646 25.346119664958678 16.269758335780352 33.757727583870292 6.9449749318882814 4.032508708536624 115.90801894990727 10.981961167184634 45.639716390520334 220.73373893368989 36.335382232442498 6.7181397018721318 63.997737290512305 140.35814979486167
leaf_count=787 4790 216 159 66 40 41 365 495 55 1134 60 66 521 559
internal_value=0.00303653 -0.00161073 0.000586639 0.0023303 3.9254e-05 0.00585521 0.00635812 0.00412062 0.00498507 0.00336804 -0.00937863 -0.0246056 0.00609155 -0.000513901
internal_weight=1121.04 429.082 403.736 387.466 353.708 691.956 687.924 572.016 561.034 515.394 90.3044 53.9691 425.09 204.356
internal_count=9354 5271 5055 4896 4830 4083 4042 3677 3182 3127 913 853 2214 1080
cat_boundaries=0 1
cat_threshold=1420
is_linear=0
shrinkage=0.03


Tree=221
num_leaves=15
num_cat=0
split_feature=0 42 74 63 33 76 76 5 5 1 77 4 52 72
split_gain=14.8224 43.5635 24.5195 20.1176 17.7481 23.657 18.0119 22.2302 39.6191 39.0123 23.413 21.2499 19.6319 19.4922
threshold=25.500000000000004 0.030897868751633431 0.35549111328985933 0.067167221983555306 0.016126610138581111 0.057367045729041256 0.012781832770826911 9409.0889008153226 5131.4925933578015 9.5000000000000018 0.033730738531055106 7.6101980434913874e-05 0.99815973957187831 0.013701327599176111
decision_type=2 2 2 2 2 2 2 2 2 2 2 2 2 2
left_child=3 2 -2 4 5 6 7 8 10 -9 12 -10 -1 -11
right_child=1 -3 -4 -5 -6 -7 -8 9 11 13 -12 -13 -14 -15
leaf_value=-0.024351110257380796 0.016125271744627478 -0.031040699783558136 -0.030037258926053533 -0.029308561434870661 0.015608022809152586 -0.019316907041846847 0.014213381781572464 -0.032128907224864472 0.025122340373915031 -0.0054351968928019363 0.015369805617868161 -0.025447320637768028 0.029997281998058095 0.008788644639294782
leaf_weight=49.475157265784219 179.73838268022519 21.06412820215337 10.08115957980044 19.439622363977833 66.183486111694947 54.625111118424684 81.146858401130885 39.915452987945173 90.171879279776476 309.39524533005897 27.298970939591527 7.3516244919737792 5.926732398569583 119.34317063319031
leaf_count=1362 1184 194 81 854 210 322 203 652 549 3013 188 131 6 441
internal_value=0.00183606 0.00895171 0.0135291 0.000103505 0.000809122 -0.00045741 0.000978272 -0.000696197 0.0082303 -0.00413916 -0.00700582 0.0210906 -0.0181083 -0.00146463
internal_weight=1081.16 210.884 189.82 870.273 850.834 784.65 730.025 648.878 180.224 468.654 82.7009 97.5235 55.4019 428.738
internal_count=9390 1459 1265 7931 7077 6867 6545 6342 2236 4106 1556 680 1368 3454
is_linear=0
shrinkage=0.03


Tree=222
num_leaves=15
num_cat=0
split_feature=65 52 52 75 33 40 37 72 44 12 61 83 85 26
split_gain=14.2036 14.0071 17.1854 13.6991 16.1179 20.7548 18.211 28.0501 18.0425 12.8695 12.0054 11.8205 13.4852 14.4392
threshold=0.46418559013176347 0.42044244698902744 0.3177641826691549 0.13517474374332314 0.016126610138581111 0.0050481344778458143 0.0059917610100478393 0.0083503435794240778 0.88310696932365884 0.066397545779692882 1.0000000180025095e-35 0.0024246102904664029 0.039813761049750145 0.15064879875262513
decision_type=2 2 2 2 2 2 2 2 2 2 2 2 2 2
left_child=1 2 3 4 6 -6 9 8 -8 10 11 12 13 -1
right_child=-2 -3 -4 -5 5 -7 7 -9 -10 -11 -12 -13 -14 -15
leaf_value=0.0038951835069074977 -0.050014572183904052 -0.031450434306467129 0.036844017741559425 -0.028148443588226858 -0.025872195336037733 0.022343218719277767 -0.051579992185423688 0.012310106854094895 0.024960322600363977 -0.032544250072277424 -0.035029469958441549 -0.030222749299753639 0.027507461857276577 -0.021175148599734971
leaf_weight=890.81256458774442 3.5941920068580648 9.6140840491279942 12.494700426701455 11.757558421057182 8.3006111024878901 65.021057264879346 17.645389885175977 14.691430950537322 2.6389758586883536 8.1361420927569252 6.3267153286142266 8.2533974009565991 20.249792560236529 20.184939186670817
leaf_count=7399 93 170 20 519 65 152 239 29 1 226 84 125 37 193
internal_value=0.00264129 0.00285938 0.00319161 0.0027662 0.00313453 0.0166102 0.00211965 -0.0188387 -0.0409173 0.00290698 0.00324599 0.00354071 0.00387205 0.00331709
internal_weight=1099.72 1096.13 1086.51 1074.02 1062.26 73.3217 988.939 34.9758 20.2844 953.964 945.827 939.501 931.247 910.998
internal_count=9352 9259 9089 9069 8550 217 8333 269 240 8064 7838 7754 7629 7592
is_linear=0
shrinkage=0.03


Tree=223
num_leaves=15
num_cat=0
split_feature=14 73 65 33 75 36 87 87 4 2 76 1 79 4
split_gain=15.8942 16.2315 14.504 14.5299 15.1234 13.9123 14.1396 13.0665 16.096 43.1211 20.8395 20.1191 20.0719 28.0731
threshold=0.91343742258877703 0.17779938241103094 0.46418559013176347 0.12560285810548902 0.1129589035934485 0.87047880677998546 0.0044602875776479896 0.0029080542891757647 7.9391156644836601e-05 2413.5000000000005 0.0016035293716826166 40.500000000000007 0.0032581407075183782 0.00012948255477827304
decision_type=2 2 2 2 2 2 2 2 2 2 2 2 2 2
left_child=1 2 3 4 5 6 7 8 11 10 -10 -1 -11 -14
right_child=-2 -3 -4 -5 -6 -7 -8 -9 9 12 -12 -13 13 -15
leaf_value=0.007960666333982366 -0.031863954443051491 -0.021734078892689822 -0.048743482594440876 0.027504971743377949 -0.02790071178410175 -0.028051358246510939 -0.027878518630068967 0.025701169423410213 -0.04485538744662039 0.0044999504185965168 0.00048064447742854317 -0.016940063966758675 -0.046184806749958791 0.0008878160306069892
leaf_weight=501.22355193085968 11.590272497152908 24.231201024493203 3.9270462599815792 20.107536619529128 13.668132629827594 12.002698412165044 12.020194717915727 22.524090272258036 27.331631224195007 331.23435602238169 13.429666541516779 30.083120665280148 16.758079534280114 31.756296994164586
leaf_count=4039 180 952 108 35 627 185 313 50 454 1755 57 344 183 116
internal_value=0.00164978 0.0020458 0.00262238 0.0028648 0.00234857 0.0027902 0.00319354 0.00360505 0.00305574 -0.00132838 -0.0302646 0.00652159 0.0018489 -0.0159766
internal_weight=1071.89 1060.3 1036.07 1032.14 1012.03 998.364 986.361 974.341 951.817 420.51 40.7613 531.307 379.749 48.5144
internal_count=9398 9218 8266 8158 8123 7496 7311 6998 6948 2565 511 4383 2054 299
is_linear=0
shrinkage=0.03


Tree=224
num_leaves=15
num_cat=0
split_feature=86 65 62 2 4 28 4 2 41 7 51 2 8 50
split_gain=22.3668 16.4838 16.1655 13.8698 46.9325 21.9041 21.5919 29.0849 26.2964 26.2176 29.3366 28.0937 22.8229 24.8078
threshold=0.0004245744017021481 0.44871422655672227 0.0015925020540233502 3750.5000000000005 0.00015194495005246776 0.097435093385026497 7.9391156644836601e-05 2413.5000000000005 1.0000000180025095e-35 1.5000000000000002 0.052784713273195887 2395.5000000000005 1.0000000180025095e-35 0.48895657079939187
decision_type=2 2 2 2 2 2 2 2 2 2 2 2 2 2
left_child=1 2 3 4 6 -5 9 -8 -9 11 -11 12 -1 -14
right_child=-2 -3 -4 5 -6 -7 7 8 -10 10 -12 -13 13 -15
leaf_value=0.023664163243465916 -0.028698357326313758 -0.051553500403257763 -0.032172925927268059 0.0089883345061027384 -0.050128125611831872 -0.023115497858434288 -0.031245179087980642 0.0057415733773856581 -0.043593827137867455 0.010968228936781649 -0.033565699352969755 -0.034612187591560782 -0.013603003061224861 0.033238538541947124
leaf_weight=27.121060237288475 19.782198699307628 4.0143272210843852 10.653422604664227 410.54003318195464 15.050099792424588 19.119653407251462 36.611449402407743 82.894188965205103 9.9981917559634876 330.30446169307106 12.916383473901076 24.632317053328734 75.273852370737586 10.775459160795434
leaf_count=54 348 116 233 2475 214 160 576 448 91 2676 186 420 1297 140
internal_value=0.0021321 0.00272841 0.00298098 0.00336601 0.000512818 0.00750937 0.0018411 -0.00898782 2.37652e-05 0.00476912 0.00919965 -0.00625264 0.000169107 -0.00742285
internal_weight=1089.69 1069.9 1065.89 1055.24 625.577 429.66 610.527 129.504 92.8924 481.024 343.221 137.803 113.17 86.0493
internal_count=9434 9086 8970 8737 6102 2635 5888 1115 539 4773 2862 1911 1491 1437
is_linear=0
shrinkage=0.03


Tree=225
num_leaves=15
num_cat=0
split_feature=57 77 70 28 1 1 4 40 2 14 16 64 63 63
split_gain=22.1088 21.9007 33.313 30.5447 20.4745 23.2607 15.6282 17.5304 16.7906 15.8944 16.0143 13.0519 13.5207 17.2297
threshold=0.0015922153992215908 0.0005795425996558012 0.00021137505768070952 0.018671695803478754 77.500000000000014 75.500000000000014 0.00021419456511935088 0.00099651245466786907 8241.5000000000018 0.91343742258877703 0.00013714331213211282 0.14458537563985888 0.0074733338207577833 0.84873562535286606
decision_type=2 2 2 2 2 2 2 2 2 2 2 2 2 2
left_child=4 -2 -3 -4 5 6 9 -8 -9 10 11 12 -1 -14
right_child=1 2 3 -5 -6 -7 7 8 -10 -11 -12 -13 13 -15
leaf_value=0.0059457156849741536 0.023989781436578719 -0.039303554261572282 0.0143216195930175 -0.039254793944240932 -0.029816091044275135 0.040935365571499086 -0.03834672148507396 -0.033899924766368383 0.022498542701090932 -0.031406506294475015 -0.030007577831371687 -0.031548972728585978 -0.011484853395455774 0.038044274085328018
leaf_weight=793.58924738311907 11.965621090494095 35.851501375203952 32.850098416442052 12.356190416961907 16.10597562615294 13.5630856314674 16.382253935269546 6.2611671376507756 12.767608358990399 10.606130180414764 11.346809314622076 8.0058003831654769 70.601355624821736 5.9582961658015838
leaf_count=5902 64 449 72 64 249 16 328 47 28 174 349 160 1502 9
internal_value=0.00137268 -0.0125167 -0.0181324 -0.000854998 0.00272289 0.00330588 0.0027172 -0.0165597 0.00317534 0.00349311 0.00394404 0.00441637 0.0047831 -0.0071894
internal_weight=1058.21 93.0234 81.0578 45.2063 965.188 949.082 935.519 35.411 19.0288 900.108 889.502 878.155 870.149 76.5597
internal_count=9413 649 585 136 8764 8515 8499 403 75 8096 7922 7573 7413 1511
is_linear=0
shrinkage=0.03


Tree=226
num_leaves=15
num_cat=1
split_feature=14 2 8 59 33 35 35 3 3 6 4 72 2 2
split_gain=18.8517 19.9105 55.2777 20.4443 25.2437 22.6745 23.4126 18.3284 18.8368 16.1893 26.6678 28.1025 30.0245 21.6912
threshold=0.86765721025929732 1382.5000000000002 1.0000000180025095e-35 0.00055714597232235088 0.00089447227335968753 0.0033635713328448382 0.0091210160926426063 2267.5000000000005 1.0000000180025095e-35 0 0.00013826691215198459 0.00032971950034830908 3943.5000000000005 4869.0000000000009
decision_type=2 2 2 2 2 2 2 2 2 9 2 2 2 2
left_child=1 2 -1 4 5 -4 -7 8 -5 10 -3 -12 -13 -11
right_child=-2 9 3 7 -6 6 -8 -9 -10 13 11 12 -14 -15
leaf_value=0.027037673553584576 -0.032551348851823404 0.011622686429799493 -0.036724971365918825 0.028003319620148064 0.011615872912149126 0.030172635622852034 -0.024795483133443232 0.030298828919240187 -0.037386655627319389 -0.0068661644746617692 -0.04241683466388628 -0.034688748283167321 0.01143796826259583 0.0061417495541541012
leaf_weight=32.561512954067439 13.813330028438939 329.78627311252058 67.896007922594436 5.1602873246884 16.978811811422929 10.121247612871231 17.746399994939566 13.888201626949011 10.554262973135335 237.76991594102583 15.406302283285184 15.364333353471009 55.733623986598104 222.25785636965884
leaf_count=52 208 1665 2173 21 76 13 131 25 170 2901 206 147 152 1516
internal_value=0.00105809 0.00153024 -0.0076835 -0.0157592 -0.0215455 -0.0274842 -0.00447798 0.0062618 -0.0155234 0.0033759 0.00755921 -0.00702416 0.00112707 -0.000569477
internal_weight=1065.04 1051.23 174.907 142.345 112.742 95.7637 27.8676 29.6028 15.7146 876.318 416.291 86.5043 71.098 460.028
internal_count=9456 9248 2661 2609 2393 2317 144 216 191 6587 2170 505 299 4417
cat_boundaries=0 1
cat_threshold=1368
is_linear=0
shrinkage=0.03


Tree=227
num_leaves=15
num_cat=0
split_feature=2 77 28 75 73 40 42 79 0 33 75 36 75 33
split_gain=17.9726 14.4645 18.5076 14.1823 13.0791 13.8705 13.2671 12.7975 36.1591 30.0807 19.5164 19.1923 14.2761 18.1747
threshold=470.00000000000006 0.078028058905806288 0.060046402225953102 0.1129589035934485 0.17779938241103094 0.00038348226898765391 0.40504674861023277 0.0022046701075466618 17.500000000000004 0.00031870745742949949 0.00092976024625096262 0.29443536673928833 0.0045125911033853348 0.12560285810548902
decision_type=2 2 2 2 2 2 2 2 2 2 2 2 2 2
left_child=-1 3 -3 4 6 -6 7 -2 10 -10 -9 12 -11 -14
right_child=1 2 -4 -5 5 -7 -8 8 9 11 -12 -13 13 -15
leaf_value=-0.030830997103136745 0.0062329919602704155 -0.035523169959036434 0.016517506367428575 -0.024176247531763478 -0.033478443075440359 0.0079185176799166351 -0.03718093363286866 0.025344099996534884 -0.030798618331945637 0.0043433122415320012 -0.020588144837829926 0.029113891032074575 -0.054955309785452593 0.023704404974821319
leaf_weight=13.360954985313581 847.42677506024484 17.655714422697205 8.4548716228455287 15.401095387060193 15.948439879372019 12.218540328089146 5.8303179480135432 42.441230217460543 47.656024967000121 21.896253725048155 9.4988949622493219 15.41596883535385 9.0021632758434844 2.9463268443942061
leaf_count=487 5813 291 20 594 695 202 79 151 710 90 107 9 90 5
internal_value=0.00251646 0.00296052 -0.0186842 0.00351832 0.00395536 -0.0158651 0.00452772 0.00480884 -0.00328621 -0.0140659 0.0167137 0.00241245 -0.0102363 -0.0352262
internal_weight=1085.15 1071.79 26.1106 1045.68 1030.28 28.167 1002.11 996.284 148.857 96.9167 51.9401 49.2607 33.8447 11.9485
internal_count=9343 8856 311 8545 7951 897 7054 6975 1162 904 258 194 185 95
is_linear=0
shrinkage=0.03


Tree=228
num_leaves=15
num_cat=1
split_feature=79 76 36 42 72 76 33 41 4 63 3 40 73 6
split_gain=19.3496 12.7396 19.5579 17.1292 25.6734 16.7623 24.4965 21.8893 18.5918 18.0076 18.9965 15.9969 15.826 16.8053
threshold=0.083235892202222703 0.0037712145633829529 0.74212232798351063 0.031403237507707758 0.0019823492602423095 0.05407613520875601 0.0055172518758656386 0.035190329431384205 7.1432385362527211e-05 0.0016353928508841644 2500.5000000000005 0.025306485060157428 0.17779938241103094 0
decision_type=2 2 2 2 2 2 2 2 2 2 2 2 2 9
left_child=1 2 12 5 -5 9 7 8 -7 -3 11 -11 13 -1
right_child=-2 3 -4 4 -6 6 -8 -9 -10 10 -12 -13 -14 -15
leaf_value=-0.00052246028011359571 -0.028598786002289222 0.020555584394437134 -0.031689607255764085 -0.040691447519620824 0.026850742367938735 -0.0036893498685165588 0.016641032545980886 0.022284815275944503 -0.042671540584731826 -0.037692718667897612 -0.042993134404188796 0.029408013829899406 -0.022571863895608862 0.00935604013546509
leaf_weight=524.49950119055575 16.78734101227019 137.41879914188758 15.1711866306141 13.455458156764509 6.949985370039939 23.469175468664616 47.449084208812565 11.927053136983885 20.096630996325985 3.4056710556615171 7.8399428648408493 11.086808379797729 22.525738438242115 209.57235652016243
leaf_count=5033 565 264 259 65 7 129 161 32 166 45 87 36 952 1577
internal_value=0.00243826 0.00295881 0.00095815 0.00839032 -0.0175073 0.0104608 0.000998814 -0.0124339 -0.0222256 0.0165138 -0.00817187 0.0122245 0.00165376 0.00242685
internal_weight=1071.65 1054.87 771.769 283.099 20.4054 262.693 102.942 55.4929 43.5658 159.751 22.3324 14.4925 756.598 734.072
internal_count=9378 8813 7821 992 72 920 488 327 295 432 168 81 7562 6610
cat_boundaries=0 1
cat_threshold=558
is_linear=0
shrinkage=0.03


Tree=229
num_leaves=15
num_cat=1
split_feature=63 33 58 64 87 87 72 80 51 9 49 76 76 42
split_gain=16.4241 23.6755 17.3416 16.5668 15.8533 21.2526 16.9623 20.9943 31.9134 21.9532 19.2791 17.4874 16.9135 16.4003
threshold=0.017365115981032939 0.096477983410403631 0.1066299314557559 0.060318518656960508 0.0044602875776479896 0.0029080542891757647 0.00079782223489515975 0.019888520147301463 0.19229813700192419 0 0.27552795850040629 0.0006002219751348655 0.27507634138030462 0.021505762327602495
decision_type=2 2 2 2 2 2 2 2 2 9 2 2 2 2
left_child=3 2 -2 4 5 6 7 8 12 -9 -10 -11 13 -1
right_child=1 -3 -4 -5 -6 -7 -8 9 10 11 -12 -13 -14 -15
leaf_value=0.0020730013428554247 -0.032069408002148053 0.019421943215968587 0.026946602033882047 -0.025648414157959695 -0.033323728662556944 0.028415723361936124 0.0081125880051660746 0.014501609267937206 -0.043590530629081768 -0.036017912088633308 -0.002857660968782985 0.019287370646546832 -0.035068290620124502 -0.015558803298361781
leaf_weight=391.0473504847032 37.614047926472267 13.169433953240512 4.3046719632111481 18.05046195210889 9.9364297884749231 27.755009581218474 298.56529535003938 114.98902228428051 25.961563691555057 16.118361338973049 17.327200927538797 6.6109986053779712 11.77965119993314 53.021202661795542
leaf_count=4037 1431 19 12 221 318 51 1295 377 639 291 194 9 139 340
internal_value=0.00117238 -0.0146232 -0.0255224 0.00206414 0.00260399 0.00300881 0.00222542 -0.000542946 -0.00340625 0.00978437 -0.027719 -0.0139277 -0.00104181 -6.24411e-05
internal_weight=1046.25 55.0882 41.9187 991.163 973.112 963.176 935.421 636.855 499.137 137.718 43.2888 22.7294 455.848 444.069
internal_count=9373 1462 1443 7911 7690 7372 7321 6026 5349 677 833 300 4516 4377
cat_boundaries=0 1
cat_threshold=1
is_linear=0
shrinkage=0.03


Tree=230
num_leaves=15
num_cat=0
split_feature=51 51 51 49 1 14 14 5 2 2 26 3 7 4
split_gain=15.1823 16.2026 18.5644 20.869 16.3122 15.0363 15.1154 16.7873 37.8715 26.005 25.862 25.4456 20.4143 20.3216
threshold=0.36545518207282918 0.30535413998843336 0.22693230007422444 0.31089126408702483 22.500000000000004 0.91343742258877703 0.71130618320238159 22518.985188903604 3832.5000000000005 3866.0000000000005 0.0032596255718574788 2465.5000000000005 1.5000000000000002 0.00012789309189417068
decision_type=2 2 2 2 2 2 2 2 2 2 2 2 2 2
left_child=1 2 5 -4 -3 6 7 -1 10 -10 12 -11 -9 -14
right_child=-2 4 3 -5 -6 -7 -8 8 9 11 -12 -13 13 -15
leaf_value=0.0059106107968707102 -0.032224103986440197 -0.029835701746195143 -0.048343348190106418 0.014224828560066551 0.028119578918835205 -0.031393881810629833 0.024185094835607695 -0.0246876893900057 0.045267070050516417 -0.03217207590164025 -0.038366310359205395 0.0053742094623309943 0.0015651344334914911 -0.033854389355165701
leaf_weight=428.44679384666961 10.874463686195666 4.1809719935990861 12.802063284674661 6.7810109958518288 33.188688046298921 11.17157455999404 26.26641589961946 46.309818997280672 12.802049207966773 16.326440237811767 26.866534430999309 260.99078373849625 138.84646806065575 15.279712837655095
leaf_count=4523 564 82 120 32 123 183 52 621 25 178 285 1333 1165 176
internal_value=0.00151045 0.0018937 0.00116053 -0.0270394 0.0210269 0.00174905 0.00216179 0.00152531 -0.0021103 0.00506783 -0.0112542 0.0030561 -0.00744768 -0.00214188
internal_weight=1051.13 1040.26 1002.89 19.5831 37.3697 983.307 972.135 945.869 517.422 290.119 227.303 277.317 200.436 154.126
internal_count=9462 8898 8693 152 205 8541 8358 8306 3783 1536 2247 1511 1962 1341
is_linear=0
shrinkage=0.03


Tree=231
num_leaves=15
num_cat=0
split_feature=41 51 58 82 87 87 4 2 50 28 63 28 4 7
split_gain=16.5959 16.4004 13.3904 13.3609 13.6927 17.7667 14.3223 46.2126 29.7846 29.3716 26.3572 21.2498 18.4309 18.2398
threshold=0.1328649010205519 0.36545518207282918 0.013760961322645329 0.0013439054133326401 0.0044602875776479896 0.0029080542891757647 8.2015718463626964e-05 2413.5000000000005 0.14297980697198645 0.095319886426490669 0.014736395639818468 0.01812453778357755 8.7169213324543717e-05 1.5000000000000002
decision_type=2 2 2 2 2 2 2 2 2 2 2 2 2 2
left_child=1 2 3 4 5 6 13 -8 9 10 12 -10 -9 -1
right_child=-2 -3 -4 -5 -6 -7 7 8 11 -11 -12 -13 -14 -15
leaf_value=-0.0015779166816616099 -0.036399978934049899 -0.032409027793618365 -0.034657462015778011 -0.022277345520076437 -0.027632904888486715 0.027451032686468039 -0.033379994718217822 -0.034820161189554916 -0.048355462975178974 -0.029299761096537855 -0.030191025709112251 0.011430659655974108 0.0097253671131027602 0.010040484461188047
leaf_weight=175.34494273771998 8.9478581544826721 10.956654336536301 7.4662332828738718 17.166692764963955 11.424491342622785 27.449776612804271 34.941618840908632 7.6303945223335168 16.010993112577129 20.839618363068439 15.672821954882236 7.3272527754306784 308.39250261744019 394.03419120924082
leaf_count=1896 297 580 195 212 285 45 541 86 200 191 279 11 1339 3176
internal_value=0.00217551 0.00253696 0.00293449 0.0032385 0.00368974 0.00407191 0.00338989 -0.000878891 0.002223 0.00442722 0.0066279 -0.0298866 0.00854337 0.00646601
internal_weight=1063.61 1054.66 1043.7 1036.24 1019.07 1007.64 980.194 410.815 375.874 352.535 331.696 23.3382 316.023 569.379
internal_count=9333 9036 8456 8261 8049 7764 7719 2647 2106 1895 1704 211 1425 5072
is_linear=0
shrinkage=0.03


Tree=232
num_leaves=15
num_cat=1
split_feature=84 6 79 14 5 71 71 77 70 70 2 2 4 71
split_gain=25.7485 22.8087 26.0198 23.1303 19.8358 18.0323 20.1176 22.3914 32.3969 19.8438 16.5189 30.9444 27.7047 22.2787
threshold=1.0000000180025095e-35 0 0.0061190956378694827 0.10666731048368218 910.38696317977599 0.015807460388585003 0.0055534305122991465 0.0039842602538527313 0.056201097204281923 0.070469563476171421 9229.0000000000018 6412.5000000000009 0.00021419456511935088 0.0057864346005046781
decision_type=2 9 2 2 2 2 2 2 2 2 2 2 2 2
left_child=1 10 3 5 -4 6 7 8 -3 -9 11 12 -1 -13
right_child=-2 2 4 -5 -6 -7 -8 9 -10 -11 -12 13 -14 -15
leaf_value=0.0063467875704334006 -0.034682153509264069 -0.03229401020138619 0.020861797237170129 -0.039348790511762703 -0.035337398687957884 -0.038734359790872086 0.02927896616035831 0.0091009920050761101 0.012916014456122171 -0.039649124039776384 0.017717442425216248 -0.044574717207877743 -0.044370969706559925 0.013273821534224057
leaf_weight=627.51103604433592 15.46485815302003 36.496473312552553 6.0718736490234724 12.067229965468867 33.464043461164692 8.5611514851916564 23.051171805942431 140.02039279229939 22.316109652630985 6.9577049501240245 92.527361047221348 18.329656330286529 8.8576636450597999 8.1304984400048834
leaf_count=4790 266 1700 14 206 364 312 42 871 51 43 374 228 118 42
internal_value=0.00254964 0.00313361 -0.00397498 -0.000487811 -0.0264047 0.00164426 0.00331681 0.000281198 -0.0152102 0.0065409 0.00583055 0.00423485 0.00557234 -0.0269633
internal_weight=1059.83 1044.36 289.006 249.47 39.5359 237.403 228.842 205.791 58.8126 146.978 755.356 662.829 636.369 26.4602
internal_count=9421 9155 3603 3225 378 3019 2707 2665 1751 914 5552 5178 4908 270
cat_boundaries=0 1
cat_threshold=476
is_linear=0
shrinkage=0.03


Tree=233
num_leaves=15
num_cat=0
split_feature=2 5 16 72 5 73 71 4 80 5 1 35 44 28
split_gain=16.4998 21.8556 15.5931 14.3441 18.2063 32.4635 28.3697 32.4543 38.0476 19.0204 22.6861 18.4304 17.2339 16.022
threshold=8935.5000000000018 193560.91817608211 0.0005135449542048975 0.33346143991801186 18126.560406802299 0.013499562629223185 0.0022053513902340629 2.2179731450359234e-05 0.028003936891080945 18855.487004035298 6.5000000000000009 0.0085822640113242931 0.13767636131370997 0.0045003347701046735
decision_type=2 2 2 2 2 2 2 2 2 2 2 2 2 2
left_child=1 2 3 4 5 6 7 -1 11 -6 -11 -9 -12 -5
right_child=-2 -3 -4 13 9 -7 -8 8 -10 10 12 -13 -14 -15
leaf_value=0.023133879741455605 0.010596692507352023 -0.028853632873436421 -0.038174001793443331 -0.033500601224294144 0.027840140933318703 -0.040839769269302661 0.016478434642722278 -0.02973791272101494 0.0083525770210409189 -0.043956750186065853 0.0034362276487912443 -0.0016174956162456856 -0.028970461021849119 0.020410014837409812
leaf_weight=24.046289663529024 142.59378828341141 22.584768789471127 8.3257585851242748 4.5845188156235954 25.203413652488962 21.910746022855164 49.866943443659693 86.716969217988662 49.281547141261399 8.6410168662550841 503.2509638608899 27.726498368196189 14.221048684295964 50.911485130898654
leaf_count=178 902 174 351 52 92 715 222 2391 314 185 3305 126 214 143
internal_value=0.00115478 -0.000355847 0.000412087 0.000826484 -0.000191619 -0.00672829 -0.00342518 -0.00877033 -0.0135681 0.00289233 0.00164665 -0.0229981 0.00249148 0.0154423
internal_weight=1039.87 897.272 874.687 866.361 810.865 259.549 237.638 187.771 163.725 551.316 526.113 114.443 517.472 55.496
internal_count=9364 8462 8288 7937 7742 3946 3231 3009 2831 3796 3704 2517 3519 195
is_linear=0
shrinkage=0.03


Tree=234
num_leaves=15
num_cat=0
split_feature=63 33 39 48 2 4 28 2 2 5 5 71 41 79
split_gain=22.883 26.8285 20.9723 16.3918 15.5182 15.394 23.0962 19.2991 15.7168 16.5035 13.5495 13.5023 14.4233 18.9056
threshold=0.0076555026727594217 0.11928922454773097 0.023514053140838584 0.24557030627144305 9817.5000000000018 0.00021419456511935088 0.0098264013162807362 8241.5000000000018 793.50000000000011 5131.4925933578015 180388.8133727294 0.014001830673218274 0.017312227093040283 0.030637004896114494
decision_type=2 2 2 2 2 2 2 2 2 2 2 2 2 2
left_child=2 4 3 5 -2 8 -7 -8 9 -1 -6 12 -10 -14
right_child=1 -3 -4 -5 10 6 7 -9 11 -11 -12 -13 13 -15
leaf_value=-0.036248401498989946 -0.028323835103127925 0.025430132920096913 -0.037831066452604471 -0.024184226449715303 -0.031608703136311089 -0.044189572192292526 -0.037484180324650195 0.013462533578267181 0.0023045098791060281 -0.00038673243101035125 0.030850921727068541 0.014058442431583763 0.020566418851358702 -0.027059862520450801
leaf_weight=15.315593858365899 54.370870415557874 12.116306249052284 10.399226863752117 18.420996508211829 3.9076972353504953 13.703560458438004 7.9057325711473814 25.923431627452374 618.24922060087556 39.610361230676062 7.7599596064537764 139.88149250182323 72.114942459040321 7.494236313039436
leaf_count=538 1639 17 243 174 101 261 90 95 4974 450 9 537 216 134
internal_value=0.00136686 -0.0141449 0.00263123 0.00310914 -0.0216769 0.00366901 -0.0127978 0.000822113 0.00455918 -0.0108558 0.00908825 0.00558159 0.00386477 0.0158029
internal_weight=1047.17 78.1548 969.019 958.62 66.0385 940.199 47.5327 33.8292 892.666 54.926 11.6677 837.74 697.858 79.6092
internal_count=9478 1766 7712 7469 1749 7295 446 185 6849 988 110 5861 5324 350
is_linear=0
shrinkage=0.03


Tree=235
num_leaves=15
num_cat=0
split_feature=77 48 41 48 62 65 33 75 41 2 2 5 5 2
split_gain=19.3235 17.5289 15.6291 15.4991 13.6032 11.7252 12.6807 15.881 12.0835 12.4446 26.1434 44.0596 26.7051 19.7074
threshold=0.078028058905806288 0.22292662136017388 0.1328649010205519 0.24557030627144305 0.0015925020540233502 0.46418559013176347 0.12560285810548902 0.1129589035934485 0.034109043886906054 1567.5000000000002 1005.5000000000001 12584.828889278046 2062.277272049228 1678.5000000000002
decision_type=2 2 2 2 2 2 2 2 2 2 2 2 2 2
left_child=2 -2 3 4 5 6 7 8 9 10 12 -12 -1 -11
right_child=1 -3 -4 -5 -6 -7 -8 -9 -10 13 11 -13 -14 -15
leaf_value=-0.035496200505696809 -0.040324118296313688 0.011910702580923777 -0.035101089034718314 -0.025866739258999388 -0.028484604831691039 -0.045316305367548486 0.028090810373625014 -0.034768158009352387 0.017251885912444528 0.024039495900567181 0.001896695735626007 -0.042657633860402847 0.010838347228423492 0.003863112561573497
leaf_weight=11.562725077325011 16.589143348159272 8.0513957266230118 8.648136282397898 15.179511117050422 10.664967482851351 3.3063933547819024 18.83907513320446 8.505668749829054 59.078928133123554 45.754045899462653 49.068592619907577 32.598404845921323 103.20967893968918 653.41085296956589
leaf_count=462 327 37 305 149 227 104 33 430 152 200 603 581 976 4813
internal_value=0.00227123 -0.0234573 0.00291524 0.00327474 0.00374436 0.00412173 0.00433411 0.0038408 0.0042208 0.00334292 -0.00331612 -0.0161886 0.0059041 0.00521592
internal_weight=1044.47 24.6405 1019.83 1011.18 995.999 985.334 982.028 963.189 954.683 895.604 196.439 81.667 114.772 699.165
internal_count=9399 364 9035 8730 8581 8354 8250 8217 7787 7635 2622 1184 1438 5013
is_linear=0
shrinkage=0.03


Tree=236
num_leaves=15
num_cat=1
split_feature=6 0 77 5 5 5 2 2 5 2 8 41 36 44
split_gain=25.3911 47.9327 23.4054 21.0398 29.7279 28.5178 21.6282 20.235 23.9719 30.2831 35.8357 30.9067 19.3179 19.2961
threshold=0 25.500000000000004 0.0089141803986643193 58752.412141510511 110667.79489578349 20746.590526475073 7382.0000000000009 619.50000000000011 22866.276438598168 2246.5000000000005 1.0000000180025095e-35 0.002337322943906981 0.6107409814754633 0.0065510658104419453
decision_type=9 2 2 2 2 2 2 2 2 2 2 2 2 2
left_child=7 3 12 5 6 -2 -5 -1 -9 10 -10 13 -3 -11
right_child=1 2 -4 4 -6 -7 -8 8 9 11 -12 -13 -14 -15
leaf_value=-0.033226682045018448 -0.010793205963228046 0.022175957671565279 -0.018265599716067785 0.012209552956736456 -0.027830872097315631 -0.036160842429742941 -0.03815684804151219 0.0098399991220866553 0.01862463805580717 0.0098133530599444473 -0.036667477270738977 -0.027487817500115367 -0.031521983066168033 -0.01667919558076893
leaf_weight=12.780828304297755 109.86557636622456 72.399573884613346 19.345965628162958 68.992122033640044 30.421243339660577 62.842884721525479 7.6405545736197373 277.58567957417108 13.500086628831921 178.13805167115061 40.034427716454957 26.854721151612466 5.699822671711444 27.781972478260286
leaf_count=275 2730 635 166 353 300 1353 103 1632 28 675 516 314 61 209
internal_value=-0.0013079 -0.00723821 0.0106138 -0.0137298 -0.00323546 -0.0201787 0.00676102 0.0026563 0.003574 -0.00251419 -0.0226383 0.00219108 0.017908 0.00617574
internal_weight=953.884 377.208 97.4454 279.762 107.054 172.708 76.6327 576.676 563.895 286.309 53.5345 232.775 78.0994 205.92
internal_count=9350 5701 862 4839 756 4083 456 3649 3374 1742 544 1198 696 884
cat_boundaries=0 1
cat_threshold=4364
is_linear=0
shrinkage=0.03


Tree=237
num_leaves=15
num_cat=1
split_feature=58 58 16 11 41 4 38 38 38 0 49 77 51 6
split_gain=23.7399 17.1731 15.2488 15.0483 15.2812 23.4526 12.4845 15.6844 21.8398 16.3414 14.3869 34.4578 26.1546 20.4944
threshold=0.0015887998568069844 0.0014859954944272133 0.0005135449542048975 0.00067916844340937808 0.079487749514426803 3.3609991832872508e-05 0.19613219800837065 0.006418885966446475 0.0014547581639148869 28.500000000000004 0.14576567274097749 0.0037727476336600094 0.16171105861453836 0
decision_type=2 2 2 2 2 2 2 2 2 2 2 2 2 9
left_child=1 2 3 4 6 -6 7 8 9 10 12 -12 13 -1
right_child=-2 -3 -4 -5 5 -7 -8 -9 -10 -11 11 -13 -14 -15
leaf_value=0.0053944900467803817 -0.029673758130498367 0.038875360015712172 -0.036178743204772067 -0.036681183032485687 0.02652676078836454 -0.041788513605064755 -0.0319622069907467 0.015023215524257411 -0.02968363357146564 -0.026034849229278317 -0.031864865797198418 0.01629696767972514 -0.041449100244161222 -0.006406523235145698
leaf_weight=482.32059558978654 20.597424520732602 10.312481427565215 8.4782433250511513 7.9448698852211228 5.5556574199581545 14.743609927012583 8.1258913630153966 91.793316623661667 18.112263359827921 16.387906413932797 13.874282655888235 137.13160146505106 11.547461348818613 171.47713553908397
leaf_count=3388 516 5 361 116 56 340 190 333 149 321 417 409 423 2330
internal_value=0.0014474 0.00211889 0.0016961 0.00206068 0.00241506 -0.0227239 0.00297509 0.00330981 0.00202997 0.00275453 0.00336361 0.0116914 0.00145884 0.00227882
internal_weight=1018.4 997.805 987.493 979.015 971.07 20.2993 950.77 942.645 850.851 832.739 816.351 151.006 665.345 653.798
internal_count=9354 8838 8833 8472 8356 396 7960 7770 7437 7288 6967 826 6141 5718
cat_boundaries=0 1
cat_threshold=4508
is_linear=0
shrinkage=0.03


Tree=238
num_leaves=15
num_cat=1
split_feature=4 39 58 41 26 37 62 72 48 6 0 0 1 4
split_gain=24.5983 16.2932 13.5627 13.6289 13.0776 12.682 12.513 15.0151 11.4993 10.8018 19.9927 27.8432 22.9813 22.5023
threshold=0.00021419456511935088 0.011163537876125101 0.013760961322645329 0.1328649010205519 0.25842850520460203 0.011261581967601636 0.0019521370788878666 0.049242961149410479 0.099021214959755771 0 17.500000000000004 24.500000000000004 52.500000000000007 6.2098047535729097e-05
decision_type=2 2 2 2 2 2 2 2 2 9 2 2 2 2
left_child=2 8 3 4 6 -6 9 -8 -2 10 -1 12 -12 -13
right_child=1 -3 -4 -5 5 -7 7 -9 -10 -11 11 13 -14 -15
leaf_value=0.01327163834216874 -0.035746459260297438 0.011742351877573495 -0.036293056340873688 -0.034326015042077176 -0.034086838523642145 0.024854454268003458 -0.050891028376755562 0.022191095556600392 0.0062749498052382295 0.0066459441321904547 -0.020987190511060717 -0.033339953422889951 0.010332813592842287 0.014451685523468769
leaf_weight=69.362843599286862 30.13594111322891 11.679086742398793 6.7626785189495413 7.4942535531881722 13.611818727542415 3.449663281440734 6.6701894774741941 3.0801659589633346 6.8866331251338115 681.83718581942958 95.894765230856137 9.1805675484938529 26.284358004457317 69.647135585546494
leaf_count=659 440 55 190 283 191 4 195 10 24 4867 1595 375 124 388
internal_value=0.00219861 -0.0184024 0.0032262 0.00353359 0.00385813 -0.0214532 0.00432887 -0.0278875 -0.0279705 0.00468766 -0.000484217 -0.00529722 -0.0142201 0.00853777
internal_weight=1041.98 48.7017 993.276 986.513 979.019 17.0615 961.957 9.75036 37.0226 952.207 270.37 201.007 122.179 78.8277
internal_count=9400 519 8881 8691 8408 195 8213 205 464 8008 3141 2482 1719 763
cat_boundaries=0 1
cat_threshold=1570
is_linear=0
shrinkage=0.03


Tree=239
num_leaves=15
num_cat=1
split_feature=4 44 36 4 9 4 70 14 70 76 38 64 3 7
split_gain=22.857 19.2693 14.642 12.2943 15.3696 26.1696 34.0751 47.3736 24.9512 17.4845 19.0231 18.2514 17.3829 18.423
threshold=0.00028053577704369501 0.13767636131370997 0.85591823252810395 2.2179731450359234e-05 0 5.7177974030080189e-05 0.015035604937733614 0.2118328448537303 0.16087694098511787 0.0038670620422451446 0.006418885966446475 0.0033519888219554522 2247.5000000000005 1.5000000000000002
decision_type=2 2 2 2 9 2 2 2 2 2 2 2 2 2
left_child=1 2 3 -1 8 -6 7 -7 9 10 -5 -11 -8 -14
right_child=-2 -3 -4 4 5 6 12 -9 -10 11 -12 -13 13 -15
leaf_value=0.019486127731724808 -0.030925475462019986 -0.025554574784103865 -0.03183630460134973 -0.00119916126082153 -0.025616119627700121 -0.027936205797299409 0.0324608027784032 0.025234199167368312 -0.036982961449787931 0.014295781863029714 0.01344870097225951 -0.03211872175702956 0.020289177051029679 -0.039190951416838843
leaf_weight=33.68250990298111 19.773830325051676 23.217300308460835 10.686142160091547 461.76532657945063 47.653543656459078 51.183583867386915 31.553419277537614 20.322775191860273 12.676667519845067 165.92699943168554 95.433061739779077 7.065586374141275 10.374335600994529 6.9864472371991715
leaf_count=222 256 394 188 5143 994 877 47 52 167 520 394 39 42 67
internal_value=0.000214518 0.000874716 0.00154309 0.00195396 0.00128505 -0.00665408 0.000450841 -0.0126851 0.00313511 0.0039241 0.00132922 0.0122264 0.0195233 -0.00447805
internal_weight=998.302 978.528 955.31 944.624 910.942 168.074 120.421 71.5064 742.868 730.191 557.198 172.993 48.9142 17.3608
internal_count=9402 9146 8752 8564 8342 2079 1085 929 6263 6096 5537 559 156 109
cat_boundaries=0 1
cat_threshold=137
is_linear=0
shrinkage=0.03


Tree=240
num_leaves=15
num_cat=1
split_feature=26 40 24 6 3 41 27 35 63 3 70 36 75 28
split_gain=19.0061 32.6885 27.1906 19.6046 21.7799 19.2381 18.9247 16.4404 16.2774 15.3896 19.203 26.4665 17.2515 14.6785
threshold=0.0034595346477249264 0.017547106182205976 0.00048880286930002019 0 1890.5000000000002 0.067835812936596823 0.0013396488236971898 0.086258480937358759 0.0076555026727594217 2500.5000000000005 0.070469563476171421 0.29806239351218938 0.00024851915902227294 0.011604398032786132
decision_type=2 2 2 9 2 2 2 2 2 2 2 2 2 2
left_child=3 2 -2 4 6 7 8 -5 -1 -6 11 12 13 -11
right_child=1 -3 -4 5 9 -7 -8 -9 -10 10 -12 -13 -14 -15
leaf_value=0.0026127843352606235 -0.031359277448352797 0.015575575097074508 0.028388886720942398 -0.00060629146684979365 0.024578445731455428 -0.032326931662658244 -0.053609562880621173 -0.037457674328377481 -0.033134321267754688 -0.00033336670518919678 0.038122908291737527 -0.03406699846258323 -0.020166267150427918 0.019440528518200252
leaf_weight=143.50871358724544 56.364778270944953 24.953478177310899 6.9983214149251571 454.38140201289207 63.076462976518087 17.959123470209306 5.2164013707078984 10.164291527587919 11.452184903406303 56.655023199273273 15.735478200018404 13.749825499020515 16.548271896084771 82.580337989667896
leaf_count=1171 718 72 23 5277 234 421 27 78 303 423 9 198 96 296
internal_value=0.000121483 -0.0130728 -0.0244217 0.00144245 0.00618294 -0.00264875 -0.00228496 -0.00149133 -0.000224573 0.0118798 0.00744765 0.00439363 0.00798389 0.0114495
internal_weight=979.344 88.3166 63.3631 891.028 408.523 482.505 160.177 464.546 154.961 248.345 185.269 169.533 155.784 139.235
internal_count=9346 813 741 8533 2757 5776 1501 5355 1474 1256 1022 1013 815 719
cat_boundaries=0 1
cat_threshold=1368
is_linear=0
shrinkage=0.03


Tree=241
num_leaves=15
num_cat=1
split_feature=0 9 88 71 5 0 0 12 0 2 70 79 1 63
split_gain=21.0858 19.5622 21.9779 20.3597 23.4387 20.6805 19.4806 22.4356 19.3668 19.6066 17.9816 17.3813 15.5559 15.5487
threshold=28.500000000000004 0 0.00025209606086400892 0.013052964367016419 8361.8226556015616 21.500000000000004 21.500000000000004 0.016226804943075022 22.500000000000004 2374.0000000000005 0.16087694098511787 0.0017088416494818871 9.5000000000000018 0.045902922725294629
decision_type=2 9 2 2 2 2 2 2 2 2 2 2 2 2
left_child=1 2 3 4 5 12 7 -6 9 -5 13 -8 -1 -3
right_child=-2 10 -4 8 6 -7 11 -9 -10 -11 -12 -13 -14 -15
leaf_value=0.025294667739422957 -0.027784423232928693 0.0067126163366219684 0.034162331150668253 -0.039773901587972192 -0.033440769794139194 -0.025986899322397373 -0.0022744159341763093 0.018324450998210274 0.024043736387322521 0.0074255638508989811 -0.032199004941470093 -0.038319224404743994 -0.027483053270722507 -0.022050613680400111
leaf_weight=34.717144939117134 20.178815740218852 653.30945654123207 12.14135514735244 10.370353288453769 61.238541294471361 11.549962227814829 94.346105707343668 7.9308922984637311 34.980084199283738 25.342157915583812 10.312049591564572 12.828198154689742 5.0058899660943998 16.408829912514193
leaf_count=440 394 4239 81 213 1148 395 910 25 191 153 136 223 196 634
internal_value=0.00183939 0.00247032 -0.00371671 -0.00549157 -0.00985114 0.00788664 -0.0150239 -0.0273289 0.00848704 -0.00699048 0.00527331 -0.00690314 0.0181321 0.00597606
internal_weight=1010.66 990.481 310.451 298.309 227.617 51.273 176.344 69.1694 70.6926 35.7125 680.03 107.174 39.723 669.718
internal_count=9378 8984 3975 3894 3337 1031 2306 1173 557 366 5009 1133 636 4873
cat_boundaries=0 1
cat_threshold=14
is_linear=0
shrinkage=0.03


Tree=242
num_leaves=15
num_cat=0
split_feature=73 48 70 70 35 45 48 0 42 39 74 58 2 14
split_gain=14.2945 14.5886 21.9918 15.5584 15.0512 12.0584 12.0377 13.1989 18.0015 21.1616 19.8388 16.4142 14.3877 20.5673
threshold=0.085339039406225212 0.15639133109012629 0.025439021929694754 0.039432348678508748 0.064513257233621044 0.0040364570604481684 0.1240041036246684 25.500000000000004 0.031403237507707758 0.00019356748318028944 0.35549111328985933 0.005063610615353026 619.50000000000011 0.30083742667377328
decision_type=2 2 2 2 2 2 2 2 2 2 2 2 2 2
left_child=1 6 -3 -4 -5 -2 7 11 10 -10 -9 12 13 -1
right_child=5 2 3 4 -6 -7 -8 8 9 -11 -12 -13 -14 -15
leaf_value=-0.040363640228427637 -0.0039523317998253881 -0.036520667045029244 0.031616723022401726 -0.040941771553772759 0.022940703402662674 -0.037466847734787784 0.020296418206861951 0.015605759013557661 -0.042232989969512878 0.020885847784702379 -0.028535128148134959 -0.034925890743595346 0.00245375570998065 0.026453727982074886
leaf_weight=14.531379240856042 32.377327964495635 19.638002375955693 10.361858308315279 7.415363014675675 4.6513007115572691 12.945435081550384 36.837313086609356 160.05243025813252 11.022529470850715 7.1423543766140929 8.8159002708271128 10.180088370048905 681.75800456030993 4.8704690511804065
leaf_count=477 622 233 5 45 7 616 65 1013 139 10 69 305 5730 16
internal_value=0.00216195 0.00293105 -0.0141498 0.00616043 -0.0164461 -0.0141272 0.00371365 0.00301188 0.010081 -0.0176201 0.0131469 0.00114165 0.0017143 -0.0231159
internal_weight=1022.6 977.277 42.0665 22.4285 12.0667 45.3228 935.21 898.373 187.033 18.1649 168.868 711.34 701.16 19.4018
internal_count=9352 8114 290 57 52 1238 7824 7759 1231 149 1082 6528 6223 493
is_linear=0
shrinkage=0.03


Tree=243
num_leaves=15
num_cat=1
split_feature=2 5 27 0 0 36 13 38 14 6 17 44 0 37
split_gain=15.9307 21.833 23.0524 12.686 16.0872 19.7812 14.9269 13.1068 12.5682 12.8037 11.4167 13.8389 22.0273 14.182
threshold=8935.5000000000018 107824.00506419149 0.00069590264917595841 27.500000000000004 22.500000000000004 1.0000000180025095e-35 0.00030476339261540541 0.00054714545561227498 0.91343742258877703 0 0.0040765548472272888 0.010225473814965925 27.500000000000004 0.00078416020971059253
decision_type=2 2 2 2 2 2 2 2 2 9 2 2 2 2
left_child=1 8 -3 4 5 6 -2 -6 9 -1 11 13 -13 -11
right_child=3 2 -4 -5 7 -7 -8 -9 -10 10 -12 12 -14 -15
leaf_value=-0.020196145117990835 -0.025734609787891004 -0.031833723621206386 -0.00048107009645652159 -0.026499122291872474 0.026983586473745564 0.018644197756030673 0.024223178443338201 -0.01651013340252741 -0.030776363197954005 0.00072452012705372527 0.0097575176443695979 -0.028432808494420665 0.027305987507488968 0.016845750718081587
leaf_weight=11.068904463201759 23.68702199251857 35.657829525967827 49.824443368241191 6.6193976758513591 65.496613459312357 30.708626737701707 6.0298324275063342 6.219480355270206 9.3341888079885376 500.92605033254949 179.17243061820045 28.566805112612201 7.2794228305574498 53.463291706400923
leaf_count=498 530 403 154 73 177 75 31 25 167 5081 1416 482 19 259
internal_value=0.0020381 0.000535683 -0.0137763 0.0114436 0.013529 0.0020538 -0.0151391 0.0230365 0.00210015 0.00253222 0.00310681 0.00112737 -0.0166798 0.00230673
internal_weight=1014.05 875.293 85.4823 138.761 132.142 60.4255 29.7169 71.7161 789.811 780.477 769.408 590.236 35.8462 554.389
internal_count=9390 8479 557 911 838 636 561 202 7922 7755 7257 5841 501 5340
cat_boundaries=0 1
cat_threshold=4736
is_linear=0
shrinkage=0.03


Tree=244
num_leaves=15
num_cat=0
split_feature=64 42 75 28 28 63 79 33 41 4 4 2 2 42
split_gain=19.5193 16.7577 24.2805 26.5726 18.5125 16.8642 32.5966 23.3635 20.2737 16.2859 21.5782 15.3459 24.1519 14.8811
threshold=0.060318518656960508 0.057767904610009878 0.019772626431556774 0.0085926031482128819 0.0072067078164639144 0.033129191224084385 0.049450913551770691 0.12560285810548902 0.018107556915847936 2.2179731450359234e-05 3.4375873557322197e-05 2523.5000000000005 2167.5000000000005 0.054449743466134091
decision_type=2 2 2 2 2 2 2 2 2 2 2 2 2 2
left_child=1 5 3 4 11 6 8 -7 9 -1 -11 12 -3 -12
right_child=-2 2 -4 -5 -6 7 -8 -9 -10 10 13 -13 -14 -15
leaf_value=0.02359312394592232 -0.030336387194643356 -0.031818038758652398 0.016370792142647743 -0.044839242626531342 0.032363067876854695 -0.035120585080280084 -0.032206682689876351 0.022450481935884541 0.020557456747000019 -0.020198785449764622 0.0023170604894161193 -0.038306652080455708 0.024479085135070355 0.034949421506114402
leaf_weight=30.973688852507621 17.351379902102053 11.351018579793164 21.465638536494225 23.559123105369508 8.1679765582084638 21.970819198148096 22.030402543285163 7.9795138947665682 60.490983495954424 37.337001615203917 675.59424180112546 14.590005451813338 14.422531022224574 11.823647113516925
leaf_count=161 243 280 47 163 3 1180 475 8 299 927 5341 153 36 13
internal_value=0.00031323 0.000897125 -0.011098 -0.0193891 -0.00637882 0.00220099 0.0030006 -0.0195524 0.00398912 0.00263752 0.00171067 -0.0148115 -0.000577276 0.00292829
internal_weight=979.108 961.757 93.5563 72.0907 48.5315 868.2 838.25 29.9503 816.22 755.729 724.755 40.3636 25.7735 687.418
internal_count=9329 9086 682 635 472 8404 7216 1188 6741 6442 6281 469 316 5354
is_linear=0
shrinkage=0.03


Tree=245
num_leaves=15
num_cat=0
split_feature=38 75 41 41 21 5 3 51 76 77 36 80 5 76
split_gain=14.4222 13.5561 15.2883 15.8291 11.5878 10.86 24.194 13.7226 13.572 21.4049 20.7433 21.0495 17.9189 16.7541
threshold=0.18371193684694831 0.1129589035934485 0.0088647932590684726 0.004083195698498957 0.00024483645427942746 169154.02161232883 7221.5000000000009 0.036879812867014375 0.0048223405222457593 0.020882277590934119 0.62026218295810787 0.00032388671612333778 5131.4925933578015 0.05407613520875601
decision_type=2 2 2 2 2 2 2 2 2 2 2 2 2 2
left_child=1 2 3 4 5 8 -7 -8 9 10 11 12 -1 -10
right_child=-2 -3 -4 -5 -6 6 7 -9 13 -11 -12 -13 -14 -15
leaf_value=-0.01583245926833372 -0.032120669045426258 -0.027958098182070696 0.0139098893212688 -0.037358685957401064 -0.036574016799395689 -0.049053274316615401 0.013768774441687398 -0.03656598124386929 0.017296474756688177 0.01099272513033064 -0.032741231542181733 -0.029239860036606936 0.0031893754110988398 -0.0020246704501543557
leaf_weight=48.779390219133347 9.4382226893212628 11.328819541697156 116.09850595396711 7.9327537775970987 5.6901268917135885 10.468654877215156 21.470214008237239 5.2304718887316985 122.78739694738761 170.04759265400935 17.174169744830579 20.36044984147884 425.32505117676919 59.669517305213958
leaf_count=1427 219 606 454 80 69 102 70 41 276 892 316 284 4302 299
internal_value=0.00298245 0.00333078 0.00370133 0.00239217 0.0027806 0.00306931 -0.012602 0.00294448 0.00375717 0.00180498 -0.00126413 -0.000106962 0.00120306 0.0110012
internal_weight=1051.8 1042.36 1031.03 914.936 907.003 901.313 37.1693 26.7007 864.144 681.687 511.639 494.465 474.104 182.457
internal_count=9437 9218 8612 8158 8078 8009 213 111 7796 7221 6329 6013 5729 575
is_linear=0
shrinkage=0.03


Tree=246
num_leaves=15
num_cat=1
split_feature=41 21 73 35 77 65 62 0 6 3 0 80 58 51
split_gain=13.278 11.4876 11.7407 12.382 11.0104 10.6056 10.5411 10.2883 14.0199 16.1609 9.88476 24.1624 22.0817 20.1259
threshold=0.1328649010205519 0.00024483645427942746 0.21359828868361294 0.0042859040717480278 0.10938005196667568 0.46418559013176347 0.0035352998006288991 27.500000000000004 0 3517.5000000000005 25.500000000000004 0.025356091707709538 0.0015887998568069844 0.23837910125121367
decision_type=2 2 2 2 2 2 2 2 9 2 2 2 2 2
left_child=1 2 4 -4 5 6 7 10 9 -9 12 -12 13 -1
right_child=-2 -3 3 -5 -6 -7 -8 8 -10 -11 11 -13 -14 -15
leaf_value=0.0058407412652363051 -0.033457601788683837 -0.036924581403049501 -0.026751330669388586 0.020553396354813742 -0.031313196960910346 -0.044588318590587803 -0.041200921173972747 0.020006474718519577 -0.02160310334216347 -0.033075842179828195 0.016172750686261003 -0.040526357521621273 -0.029092249837817552 -0.017519793487322771
leaf_weight=762.64722803240875 7.9854502585949367 5.3951597262639543 20.410574285953775 5.6797047457657746 6.9198853028938165 2.9976249259198076 3.5477310388523611 22.543014288472481 20.637171716196463 5.6531335161998859 120.45910762174753 6.2227169005200258 16.667947656766046 33.746774188126437
leaf_count=5333 310 69 904 27 206 99 116 177 329 57 558 66 433 731
internal_value=0.0028688 0.00318154 0.00342768 -0.0160748 0.00395099 0.00422739 0.00441964 0.00462482 -0.00867906 0.00640254 0.00532465 0.0130921 0.00409982 0.00483012
internal_weight=1041.51 1033.53 1028.13 26.0903 1002.04 995.122 992.125 988.577 48.8333 28.1961 939.744 126.682 813.062 796.394
internal_count=9415 9105 9036 931 8105 7899 7800 7684 563 234 7121 624 6497 6064
cat_boundaries=0 1
cat_threshold=274
is_linear=0
shrinkage=0.03


Tree=247
num_leaves=15
num_cat=1
split_feature=85 26 74 74 2 0 17 57 6 0 27 2 59 0
split_gain=12.3014 13.8919 19.1685 14.8372 17.7555 13.2701 16.3407 12.5193 14.75 38.0341 28.0222 25.795 32.1158 24.0318
threshold=0.08170779269918331 0.0034595346477249264 0.17856641535500697 0.76223472539238923 4453.5000000000009 20.500000000000004 0.0057911886885933161 0.15773883761536545 0 24.500000000000004 0.001679184116558358 2246.5000000000005 0.029549706747703641 17.500000000000004
decision_type=2 2 2 2 2 2 2 2 9 2 2 2 2 2
left_child=1 3 -3 7 -5 -4 -7 8 -1 10 11 13 -13 -10
right_child=-2 2 5 4 -6 6 -8 -9 9 -11 -12 12 -14 -15
leaf_value=0.0071712982683713334 0.026859460569633873 -0.030191940687585871 0.0093031001162448956 -0.029680559121089117 0.01813986927667793 -0.033369859670298693 0.017691788260198411 -0.031804385986667003 0.017015604666515364 0.012251530417360429 0.008035683695689258 -0.033341011485734547 0.0079669078858824755 -0.016193814959675014
leaf_weight=474.0910268779844 16.438767180545256 27.217250011570286 42.83120062679518 24.387883667484857 8.8707209872081858 17.190178593155 7.4259718880057326 8.0230913779232633 34.858561473258305 130.53063565737102 71.407519981265068 76.24256574609899 21.264818308176473 42.289212721807417
leaf_count=3780 47 471 139 183 13 151 20 131 373 1004 162 1713 139 982
internal_value=0.0018804 0.00143743 -0.00942983 0.00260005 -0.0167687 -0.00073293 -0.0178767 0.00336885 0.00373754 -0.000762475 -0.00771862 -0.0141688 -0.024343 -0.0011627
internal_weight=1003.07 986.631 94.6646 891.966 33.2586 67.4474 24.6162 858.707 850.684 376.593 246.063 174.655 97.5074 77.1478
internal_count=9308 9261 781 8480 196 310 171 8284 8153 4373 3369 3207 1852 1355
cat_boundaries=0 1
cat_threshold=1308
is_linear=0
shrinkage=0.03


Tree=248
num_leaves=15
num_cat=0
split_feature=2 4 37 7 74 26 79 35 42 80 2 0 42 14
split_gain=12.3008 20.5862 13.6769 21.3123 20.776 26.5401 19.6408 15.9952 15.1885 23.7037 20.1045 19.5854 29.2065 20.0677
threshold=9229.0000000000018 0.00021419456511935088 0.00078416020971059253 2.5000000000000004 0.28760477175936655 0.0020439880431399504 0.025593779478180222 0.0064472767146064288 0.026930610828033379 0.023522522760660584 940.50000000000011 25.500000000000004 0.0052598216324617076 0.24738755226342216
decision_type=2 2 2 2 2 2 2 2 2 2 2 2 2 2
left_child=1 2 3 6 -5 -6 8 -4 11 10 -10 12 13 -1
right_child=-2 -3 7 4 5 -7 -8 -9 9 -11 -12 -13 -14 -15
leaf_value=-0.0015546543017208282 0.0096150928531808059 -0.02848480409748598 0.01358704889422087 -0.034585879972921361 -0.032438771568403392 0.012089512265610319 -0.024116787887911766 -0.014093347712162394 0.0052400866641935566 0.0014766920134101644 -0.043309554999202651 0.015274007879138154 0.017749418752106276 -0.036988141145775574
leaf_weight=299.23419527887017 122.68359447567491 22.029718017147388 112.00319075639709 31.120851497689728 17.616352747834753 33.191570938099176 26.879832692735363 21.687043226324022 10.789725295384413 69.795048848842271 24.008560182759538 105.09669000317808 72.439754110993817 14.118313771090468
leaf_count=3627 867 294 604 922 174 103 734 102 99 417 235 733 201 241
internal_value=0.000768868 -0.000502778 0.000265917 -0.00140728 -0.0156937 -0.00367767 0.000495564 0.00902548 0.00164513 -0.00868225 -0.0285301 0.00385875 0.00071758 -0.00326372
internal_weight=982.694 860.011 837.981 704.291 81.9288 50.8079 622.362 133.69 595.482 104.593 34.7983 490.889 385.792 313.353
internal_count=9353 8486 8192 7486 1199 277 6287 706 5553 751 334 4802 4069 3868
is_linear=0
shrinkage=0.03


Tree=249
num_leaves=15
num_cat=0
split_feature=77 79 3 76 1 14 14 14 1 1 27 3 5 0
split_gain=17.9509 16.3121 15.258 20.2429 13.3333 13.406 12.321 15.1822 12.1139 12.241 18.7184 11.8325 19.1246 11.0784
threshold=0.097547904739497579 0.049450913551770691 12795.500000000002 0.00018094668265943072 77.500000000000014 0.91343742258877703 0.78546102662350126 0.30982598065228767 74.500000000000014 55.500000000000007 0.0093370441361122804 8089.0000000000009 146180.35925136859 17.500000000000004
decision_type=2 2 2 2 2 2 2 2 2 2 2 2 2 2
left_child=1 2 4 -4 5 6 7 8 9 11 -11 12 -1 -13
right_child=-2 -3 3 -5 -6 -7 -8 -9 -10 10 -12 13 -14 -15
leaf_value=0.0044820540092580389 -0.035144642268926711 -0.018692084343767977 -0.033800592239127375 0.013230754238950123 -0.037779717282567439 -0.030167483773430429 0.028963354587185887 -0.028410783066126141 0.035446641680400313 -0.035842804092418405 0.025291764730336608 -0.02162489624397769 -0.023463403205911004 0.023199599854906043
leaf_weight=781.93317527824547 10.615013381000606 31.040369162335992 21.137044515111484 12.423201704863457 5.9003330785781136 9.1769185677403566 17.157145421952009 11.856309974973554 10.21687722019851 14.518267268897036 5.5293469130992881 4.7696278195362529 21.696986271243077 45.369687087077182
leaf_count=6938 264 707 486 43 76 180 23 117 9 165 4 95 136 154
internal_value=0.00194086 0.00237238 0.00307099 -0.0165116 0.00379609 0.00410272 0.0044798 0.00397914 0.00444515 0.00404257 -0.0185807 0.00459491 0.00369934 0.0185961
internal_weight=1003.34 992.725 961.685 33.5602 928.125 922.224 913.047 895.89 884.034 873.817 20.0476 853.769 803.63 50.1393
internal_count=9397 9133 8426 529 7897 7821 7641 7618 7501 7492 169 7323 7074 249
is_linear=0
shrinkage=0.03


Tree=250
num_leaves=15
num_cat=1
split_feature=6 0 0 82 15 27 33 4 12 30 79 0 0 28
split_gain=16.5858 27.098 30.9723 18.9964 18.7767 16.0912 15.9469 15.0459 13.2456 12.5886 11.3425 12.6172 13.0576 12.7165
threshold=0 17.500000000000004 23.500000000000004 0.0013439054133326401 0.00041584602033326658 0.0097138929715453685 0.00061196198926871247 8.9307618100569253e-05 0.066397545779692882 0.0002230706079172706 0.0019658986620296579 27.500000000000004 26.500000000000004 0.054788747842451323
decision_type=9 2 2 2 2 2 2 2 2 2 2 2 2 2
left_child=1 7 4 5 -3 8 10 -1 9 -2 11 12 13 -4
right_child=3 2 6 -5 -6 -7 -8 -9 -10 -11 -12 -13 -14 -15
leaf_value=0.016880150579529223 0.0063946019516738202 -0.026015703136939624 -0.017834612989263927 -0.028589330748501365 0.024081065014577255 -0.041320714355799835 0.022006521210778604 -0.032489892795531626 -0.031415142755948366 -0.03090147400043592 -0.036545727249389939 -0.033031775567848386 0.021253001783854253 0.022315188109255712
leaf_weight=58.294167246960569 719.45321958838031 87.334772156347753 25.886430635029683 14.362576499930581 6.5198598272399968 5.6645336747169486 24.766629094723612 5.2056177370250216 7.6484249186469233 7.2644739507231852 8.2014454367454146 8.5040902238688414 23.044325927097816 8.7081489027477783
leaf_count=497 5413 1635 544 215 14 33 46 169 228 155 111 255 131 25
internal_value=0.00218665 -0.00430995 -0.0100638 0.00439689 -0.0223184 0.00513414 0.00164785 0.0123919 0.00554817 0.00597983 -0.00533638 -0.000979891 0.00423173 -0.00738511
internal_weight=1010.86 256.465 192.966 754.393 93.8546 740.031 99.1111 63.4998 734.366 726.718 74.3444 66.143 57.6389 34.5946
internal_count=9471 3427 2761 6044 1649 5829 1112 666 5796 5568 1066 955 700 569
cat_boundaries=0 1
cat_threshold=546
is_linear=0
shrinkage=0.03


Tree=251
num_leaves=15
num_cat=0
split_feature=33 75 49 49 72 28 81 81 17 40 57 12 12 79
split_gain=13.4357 16.6531 12.0126 15.8988 12.5824 18.3689 18.2539 12.4458 24.7736 13.7523 10.318 10.0023 12.5834 9.97755
threshold=0.1267239866643271 0.1129589035934485 0.74836892052194559 0.55366289179881678 0.26378244943462342 0.0045003347701046735 0.0020127476266997967 0.0023995278673422391 0.00019184691995980879 0.069701208134527889 0.15773883761536545 0.066397545779692882 0.0047509950221319812 0.41722011385199248
decision_type=2 2 2 2 2 2 2 2 2 2 2 2 2 2
left_child=1 2 3 4 6 -6 10 8 9 -7 11 12 13 -1
right_child=-2 -3 -4 -5 5 7 -8 -9 -10 -11 -12 -13 -14 -15
leaf_value=-0.00035051905210842558 0.027994765756846264 -0.036184433108960294 -0.032974438728661438 0.023338473259004382 -0.02891977982097119 -0.041567088318419952 -0.032279061968559043 0.032116549154651799 0.024448670380654867 0.023497981029403051 -0.03202972804240499 -0.031395237664546292 0.018637218130192475 0.031481572148399965
leaf_weight=773.03918355918722 15.211726607754825 10.037775518605484 8.3431386801530589 27.349022658541799 7.689240133855491 10.223667236976324 14.968811721540986 28.684671777766198 22.686193812638521 3.2193951928056768 7.8978003915399304 7.7825865466729729 33.078344429726712 7.9647302703815503
leaf_count=7339 27 625 241 51 82 82 170 56 72 7 134 234 114 160
internal_value=0.000910584 0.000454144 0.000877609 0.00121117 0.000526702 0.0124319 -0.000508613 0.0177026 0.00570192 -0.025437 0.000102687 0.000450016 0.0007926 1.39492e-05
internal_weight=978.176 962.965 952.927 944.584 917.235 72.5032 844.731 64.8139 36.1293 13.4431 829.763 821.865 814.082 781.004
internal_count=9394 9367 8742 8501 8450 299 8151 217 161 89 7981 7847 7613 7499
is_linear=0
shrinkage=0.03


Tree=252
num_leaves=15
num_cat=0
split_feature=65 65 79 0 41 49 79 2 16 57 2 50 71 82
split_gain=17.4727 15.942 19.2701 15.5957 13.8294 22.9063 14.5711 17.2171 14.517 14.5165 12.7108 12.6906 12.6374 11.2519
threshold=0.29851943682894067 0.16244542630529443 0.029812239955196794 15.500000000000002 0.035190329431384205 0.0078342707096899829 0.0022046701075466618 7227.5000000000009 0.00019835998287082382 0.10359883742924943 3439.5000000000005 0.13237332507779451 0.065826156815487577 0.0031986688658109472
decision_type=2 2 2 2 2 2 2 2 2 2 2 2 2 2
left_child=1 2 4 -4 6 -6 8 12 9 13 -3 -7 -8 -1
right_child=-2 10 3 -5 5 11 7 -9 -10 -11 -12 -13 -14 -15
leaf_value=0.0037674333848192647 -0.032207633952113644 0.032856209615678734 0.013166361956483479 -0.031906781380421023 0.023954344877394885 -0.040292764055070492 -0.032851365368168912 0.0094482973305258667 -0.031623259203085785 -0.032439520639341621 -0.0031834421926306071 0.019812953565637677 0.012440198123411492 -0.030563725511474002
leaf_weight=770.78717758218409 12.320786195108665 25.701800789684057 8.7466928716166858 25.21824389116955 53.719727247778792 8.1596464607864601 30.479504423565231 19.16561331297271 10.105685063870622 9.3190335233230126 12.896689942805095 4.0790657997131339 6.1755253220908335 7.6986373350955537
leaf_count=6876 197 65 81 725 275 55 322 64 335 155 92 4 46 113
internal_value=0.00192893 0.0023848 0.00160857 -0.0202549 0.00243713 0.015567 0.00140571 -0.013276 0.00244815 0.00292474 0.0210382 -0.0202766 -0.0250931 0.00338915
internal_weight=1004.57 992.253 953.655 33.9649 919.69 65.9584 853.731 55.8206 797.911 787.805 38.5985 12.2387 36.655 778.486
internal_count=9405 9208 9051 806 8245 334 7911 432 7479 7144 157 59 368 6989
is_linear=0
shrinkage=0.03


Tree=253
num_leaves=15
num_cat=0
split_feature=49 75 49 72 74 72 0 42 80 27 79 28 41 42
split_gain=12.7133 12.8659 12.1325 11.7622 13.4374 12.0181 11.97 20.0225 18.3158 15.828 15.5444 14.9742 14.5567 15.1231
threshold=0.74836892052194559 0.1129589035934485 0.55366289179881678 0.21044582850505247 0.4673246117876016 0.57881792021781753 23.500000000000004 0.0035172607891530128 0.0012749463244651545 0.00082555264554033962 0.029812239955196794 0.1885760466176504 0.080346545221660862 0.0052598216324617076
decision_type=2 2 2 2 2 2 2 2 2 2 2 2 2 2
left_child=1 2 3 6 5 -5 12 10 -9 -10 11 -8 13 -1
right_child=-2 -3 -4 4 -6 -7 7 8 9 -11 -12 -13 -14 -15
leaf_value=-0.005192280828505938 -0.034194230270896797 -0.028412426347736511 0.021862780053077256 0.019923912770074739 -0.021529690277852252 -0.017367871446480089 0.011222355437633304 -0.033901596290806316 -0.019183165936075247 0.014349904662530786 -0.033790278639418081 -0.040609440348761849 -0.038422214193836214 0.0060387783752106879
leaf_weight=389.72105596686015 8.2701962627470476 12.11313255690038 24.65135641861707 67.029135861666873 8.9374008767772448 8.0073253447189909 226.21585609400063 18.846473529702052 20.957279477035627 28.946050016209483 6.5354783618822685 4.169315332081168 9.1190198678523284 148.14102554589044
leaf_count=4921 246 632 52 255 61 54 1700 157 232 55 172 41 149 682
internal_value=0.000773819 0.00110571 0.00150681 0.000948304 0.011592 0.0157683 -0.0001123 0.00463375 -0.00952425 0.000167235 0.00876489 0.0101129 -0.00276816 -0.00209349
internal_weight=981.66 973.39 961.277 936.625 83.9739 75.0365 852.652 305.67 68.7498 49.9033 236.921 230.385 546.981 537.862
internal_count=9409 9163 8531 8479 370 309 8109 2357 444 287 1913 1741 5752 5603
is_linear=0
shrinkage=0.03


Tree=254
num_leaves=15
num_cat=0
split_feature=57 84 49 61 85 49 15 2 14 50 2 74 37 14
split_gain=12.9337 12.08 11.7522 11.0807 10.6687 10.7853 10.1637 10.7455 14.6643 13.1071 12.5706 10.2051 9.91121 9.74283
threshold=0.12984883566743849 1.0000000180025095e-35 0.74836892052194559 1.0000000180025095e-35 0.078640762230112141 0.67872402737332937 0.11737589820379545 13325.000000000002 0.86765721025929732 0.13237332507779451 11480.500000000002 0.97093143482809341 0.0054416243755029273 0.78546102662350126
decision_type=2 2 2 2 2 2 2 2 2 2 2 2 2 2
left_child=1 2 3 4 5 6 7 8 10 -9 11 13 -3 -1
right_child=-2 12 -4 -5 -6 -7 -8 9 -10 -11 -12 -13 -14 -15
leaf_value=0.0025090627409686483 -0.032076475884679115 -0.034534615872938955 -0.032818593157573163 -0.034099244594605491 0.031402278891065151 0.028164475496846902 -0.044323459219256567 0.017299324692203924 -0.031173401568068707 -0.035180257368546415 -0.036671321504323035 -0.035890331330363602 0.01494540548131376 0.027578843479182071
leaf_weight=825.80797721218551 8.9419021811336261 12.814054300339196 7.2884526814450501 6.1728739765239871 11.054883559234439 14.076717782765625 3.1439254705328485 65.590012483822647 10.933183541288598 3.6586250793188801 6.3817990838433607 5.1419489886611691 4.2995550902560344 13.20532419439405
leaf_count=7757 154 253 240 78 18 14 61 444 194 64 89 62 11 16
internal_value=0.00197832 0.00231812 0.00276758 0.00307 0.00334452 0.00298456 0.00257529 0.00278111 0.00185878 0.0140653 0.0023195 0.00265731 -0.0219646 0.002936
internal_weight=998.511 989.569 972.456 965.167 958.994 947.94 933.863 930.719 861.47 69.2486 850.537 844.155 17.1136 839.013
internal_count=9455 9301 9037 8797 8719 8701 8687 8626 8118 508 7924 7835 264 7773
is_linear=0
shrinkage=0.03


Tree=255
num_leaves=15
num_cat=1
split_feature=76 6 49 72 38 2 2 3 35 65 2 5 48 36
split_gain=13.039 20.5362 24.9575 27.3193 30.6031 23.127 21.3667 20.2986 19.9945 19.5681 23.6798 17.8503 28.5143 30.6894
threshold=0.0037712145633829529 0 0.16882962593314829 0.022645136519439907 0.026473410070018136 1019.5000000000001 1484.0000000000002 471.50000000000006 0.12807502651162195 0.20020448428209009 1715.5000000000002 57115.194115153026 0.087251845775225614 0.73394597403328554
decision_type=2 9 2 2 2 2 2 2 2 2 2 2 2 2
left_child=1 5 3 4 8 -1 -7 -5 9 -3 -11 12 13 -4
right_child=-2 2 11 7 -6 6 -8 -9 -10 10 -12 -13 -14 -15
leaf_value=0.020714590062264764 0.0066462702052318516 -0.030500030790967841 -0.036622463831982532 -0.033923812453013187 0.028283456457361595 -0.032924801352143755 0.0028080747316192077 0.0043118627043962302 0.0083537010383229471 0.033042135695947258 -0.032747561667423424 0.019445220606183328 0.020109320963075793 0.030700187919300702
leaf_weight=63.268640527850948 267.54884874366689 114.79028557275888 26.822584566427395 13.039310084306633 10.844464693684129 15.069016905588795 239.07631841738475 112.67544696305413 16.747146661393344 9.7622028625337425 8.0835198535351065 50.070256962790154 23.336839530616999 6.9780643694102755
leaf_count=779 1107 2927 607 124 50 511 2350 483 73 21 176 141 62 5
internal_value=0.00101457 -0.0011123 -0.00561142 -0.0103725 -0.0185465 0.00449549 0.000568629 0.000109585 -0.0221116 -0.025992 0.00308521 0.00654728 -0.0048954 -0.0222411
internal_weight=978.113 710.564 393.15 285.942 160.228 317.414 254.145 125.715 149.383 132.636 17.8457 107.208 57.1375 33.8006
internal_count=9416 8309 4669 3854 3247 3640 2861 607 3197 3124 197 815 674 612
cat_boundaries=0 1
cat_threshold=5524
is_linear=0
shrinkage=0.03


Tree=256
num_leaves=15
num_cat=2
split_feature=14 16 53 77 36 28 4 24 6 4 74 6 1 71
split_gain=15.0223 14.1183 11.1054 11.4794 27.5817 19.7804 27.4565 24.5244 21.6702 20.7844 19.5091 18.068 15.6825 15.2897
threshold=0.86765721025929732 0.00052509134300968196 0.00030394879897852148 0.017770988213158225 0.34247434853168685 0.012994517137698934 4.6450475809631337e-05 0.0012331974940697039 0 6.7454999687558464e-05 0.9956553091478092 1 53.500000000000007 0.0024435964516997103
decision_type=2 2 2 2 2 2 2 2 9 2 2 9 2 2
left_child=1 2 3 5 12 6 11 8 9 -8 13 -1 -5 -10
right_child=-2 -3 -4 4 -6 -7 7 -9 10 -11 -12 -13 -14 -15
leaf_value=0.014833410298148168 -0.031566403812534893 -0.036880124385831665 -0.027912572117150165 0.012881284455579149 -0.029663442349441047 0.0044649466669095693 -0.032965025806865528 0.032485510383166043 -0.039226697631641126 0.0048595167101483329 0.030084804413918691 -0.017576096412488227 -0.015078761105475891 -0.014232892201726334
leaf_weight=63.08771391119808 11.354877901962025 7.4517435301095238 9.995723187690599 213.74343507795129 15.468305140733717 422.88018728973111 14.918068050523287 9.7112998457159829 51.61563643743284 72.276900553319138 4.6296145375818005 10.891618965863016 18.880912745837122 40.852647237945348
leaf_count=780 201 364 79 1031 88 3280 629 14 868 983 5 744 117 224
internal_value=0.00130593 0.00172877 0.00207045 0.00241899 0.00794036 0.000427633 -0.0059362 -0.0118507 -0.0143497 -0.00171749 -0.023037 0.00952535 0.0105571 -0.0284548
internal_weight=967.759 956.404 948.952 938.956 248.093 690.864 267.983 194.004 184.293 87.195 97.0979 73.9793 232.624 92.4683
internal_count=9407 9206 8842 8763 1236 7527 4247 2723 2709 1612 1097 1524 1148 1092
cat_boundaries=0 1 2
cat_threshold=818 1180
is_linear=0
shrinkage=0.03


Tree=257
num_leaves=15
num_cat=0
split_feature=79 41 49 57 36 64 27 42 42 70 72 70 27 65
split_gain=19.3768 13.5224 28.0584 21.4917 19.2797 39.8665 18.5396 23.8673 16.7151 16.6563 14.0761 16.1239 17.5728 13.9803
threshold=0.049450913551770691 0.017312227093040283 0.0078342707096899829 0.00018731889719208198 0.34247434853168685 0.35347347347347352 0.00068516623320532936 0.057767904610009878 0.50701549754089836 0.033788618319525669 0.001238934521427965 0.46154087588456622 0.0030326283449586006 0.00042835821278935053
decision_type=2 2 2 2 2 2 2 2 2 2 2 2 2 2
left_child=1 4 -3 -4 6 10 7 13 -9 -8 11 12 -6 -1
right_child=-2 2 3 -5 5 -7 9 8 -10 -11 -12 -13 -14 -15
leaf_value=-0.0014021949074527606 -0.022264556496475754 0.022512702794783214 0.01328123254876027 -0.044010429205638101 -0.03616783782075584 0.053785822835578402 0.015854622867664283 -0.037524217047246969 0.018936830946187751 -0.0089129912245287275 0.022674683489800739 0.029603013646999042 0.0055039812769312052 0.0088488530141518727
leaf_weight=427.68670733261388 28.699311938195024 69.478692061267793 11.002267479896547 10.864025529474018 47.379727255553007 6.2674892367795101 135.86199398990721 22.457785268779848 5.2460538926534346 29.065269533544779 5.5102187618613234 3.8546680659055701 10.920929722487925 165.17892631996074
leaf_count=5543 721 350 19 71 553 17 242 405 33 110 8 2 23 1284
internal_value=0.00160136 0.00234439 0.0132539 -0.0158633 0.00117081 -0.0133714 0.00255482 0.000172846 -0.0265454 0.0114624 -0.0202845 -0.0243917 -0.0284007 0.00146395
internal_weight=979.474 950.775 91.345 21.8663 859.43 73.933 785.497 620.569 27.7038 164.927 67.6655 62.1553 58.3007 592.866
internal_count=9381 8660 440 90 8220 603 7617 7265 438 352 586 578 576 6827
is_linear=0
shrinkage=0.03


Tree=258
num_leaves=15
num_cat=1
split_feature=5 5 6 1 2 4 2 2 36 49 37 1 4 1
split_gain=16.6316 16.3135 15.7699 16.3961 16.777 20.7302 20.6192 17.0611 31.4075 15.2788 15.1133 14.087 13.6602 13.1634
threshold=5131.4925933578015 5606.3721321627463 0 5.5000000000000009 2270.5000000000005 7.5500905407847714e-05 4080.5000000000005 2033.5000000000002 0.16374589832588779 0.37470880982634486 0.0023198515994598116 22.500000000000004 1.982888630249076e-05 50.500000000000007
decision_type=2 2 9 2 2 2 2 2 2 2 2 2 2 2
left_child=12 -2 -3 -4 5 7 10 8 -5 13 -6 -12 -1 -8
right_child=1 2 3 4 6 -7 9 -9 -10 -11 11 -13 -14 -15
leaf_value=0.023345682082954674 0.02738899985502892 0.0061786467425275797 -0.034670581202978439 -0.018455137283138086 -0.024432666827066542 -0.038630081121208741 0.001418763690764343 0.02743478557018203 0.017188333323347346 0.021355468882523189 -0.035748506982624696 0.02228999923291888 -0.013426111951449242 -0.018648949918228401
leaf_weight=9.1737436689436418 22.934424755861983 436.60142529133009 12.331886053114429 35.152699639264029 63.577494058292359 7.2237639422819475 129.18015809872304 37.151302360929549 56.919744950020686 25.560311510227621 4.1813214989379075 12.939655137364751 91.289239146281034 37.04760878108209
leaf_count=61 105 2115 421 1193 1106 256 1119 175 181 49 65 41 2022 418
internal_value=0.00163366 0.00295561 0.00227127 -0.00188507 -0.000860202 0.0076926 -0.00515548 0.0105589 0.0035278 0.000219696 -0.0177765 0.00692515 -0.00987131 -0.00313855
internal_weight=981.265 880.802 857.867 421.266 408.934 136.448 272.487 129.224 92.0724 191.788 80.6985 17.121 100.463 166.228
internal_count=9327 7244 7139 5024 4603 1805 2798 1549 1374 1586 1212 106 2083 1537
cat_boundaries=0 1
cat_threshold=4552
is_linear=0
shrinkage=0.03


Tree=259
num_leaves=15
num_cat=1
split_feature=65 33 11 51 51 5 2 28 14 6 49 49 14 4
split_gain=13.887 17.5907 13.4477 13.2437 14.603 16.5813 33.4867 38.1443 31.2082 22.6331 28.5751 27.0503 18.5769 16.6794
threshold=0.29851943682894067 0.096477983410403631 0.00067916844340937808 0.36545518207282918 0.30535413998843336 22866.276438598168 3832.5000000000005 0.035231523294497052 0.086154103382711039 0 0.071072542755121232 0.25674910253007271 0.84035676549195115 7.9391156644836601e-05
decision_type=2 2 2 2 2 2 2 2 2 9 2 2 2 2
left_child=1 2 3 4 5 8 7 12 9 10 -1 -12 -7 -11
right_child=-2 -3 -4 -5 -6 6 -8 -9 -10 13 11 -13 -14 -15
leaf_value=-0.031547198972338902 -0.027781151724439224 0.0258748893380756 -0.0360329877363533 -0.031540879719975948 0.020883301406443646 -0.028013022623753291 0.0042735833411834409 0.001131527067081295 -0.03458978834672214 0.013944209271269424 0.023800769321005454 -0.024834821370528632 0.020317158423566593 -0.0035448199807514981
leaf_weight=28.275330713338917 13.493160027428528 25.579068310558796 7.6868815200868985 9.8148121060803515 33.924722446827218 96.242942285985919 268.65559958157246 103.57902927102987 15.784486685763111 263.77316338176024 28.138022523140535 14.957850047736427 7.0254468105267724 59.810028324776795
leaf_count=876 187 55 118 582 197 1544 1500 677 306 2443 72 313 25 558
internal_value=0.00137009 0.00180683 0.0011234 0.00146889 0.00185484 0.00110373 -0.00270782 -0.0117523 0.00551214 0.00719814 -0.00760409 0.00673979 -0.0245618 0.0103905
internal_weight=976.741 963.247 937.668 929.981 920.167 886.242 475.503 206.847 410.739 394.954 71.3712 43.0959 103.268 323.583
internal_count=9453 9266 9211 9093 8511 8314 3746 2246 4568 4262 1261 385 1569 3001
cat_boundaries=0 1
cat_threshold=4674
is_linear=0
shrinkage=0.03


Tree=260
num_leaves=15
num_cat=0
split_feature=42 5 3 3 48 72 28 41 33 72 49 72 63 41
split_gain=14.2203 13.8912 33.1679 18.6703 17.4324 23.0028 15.8553 15.6301 15.24 21.62 15.1019 21.8589 17.7547 15.3356
threshold=0.3243235524982368 12584.828889278046 1935.5000000000002 2120.5000000000005 0.08001196702877246 0.02367323966310881 0.1885760466176504 0.025690809038368508 0.001920215737204436 0.069596955862576998 0.27552795850040629 0.005643963398482426 0.012780417599488282 0.0088647932590684726
decision_type=2 2 2 2 2 2 2 2 2 2 2 2 2 2
left_child=1 6 4 -4 5 7 -1 -3 9 -7 11 13 -13 -5
right_child=-2 2 3 10 -6 8 -8 -9 -10 -11 -12 12 -14 -15
leaf_value=0.0083313698188347621 -0.035380627985045147 -0.030184782014443367 0.023782312662477319 -0.0084276394243277975 0.013971260329822082 0.011346485457205477 -0.038921897801699135 0.0079945413092777622 0.027606816944461984 -0.030107096507507387 0.014651701368085053 0.013667152519794324 -0.031033130898694875 0.0083142017847469499
leaf_weight=272.25154843740165 8.4451632006093842 77.184747671795776 35.272274604125414 236.73673923290335 18.993643583729863 22.109694092883728 5.5684069867711505 10.589021958294323 12.055970886722205 21.390127862861846 66.103828210383654 106.52114498557057 7.7025615383172399 61.245851410843898
leaf_count=3456 124 1480 187 2456 88 81 104 111 34 200 223 388 85 382
internal_value=0.00125263 0.00161374 -0.000709448 0.00303009 -0.0124873 -0.016066 0.00724806 -0.0255407 -0.000909794 -0.00925595 0.00145332 -0.000693588 0.0104097 -0.00497031
internal_weight=962.171 953.726 675.906 513.582 162.323 143.33 277.82 87.7738 55.5558 43.4998 478.31 412.206 114.224 297.983
internal_count=9399 9275 5715 3721 1994 1906 3560 1591 315 281 3534 3311 473 2838
is_linear=0
shrinkage=0.03


Tree=261
num_leaves=15
num_cat=0
split_feature=42 64 85 27 42 38 1 39 33 2 28 71 85 36
split_gain=12.1408 12.4315 11.2484 12.476 22.3265 19.3293 17.3472 17.1874 18.8857 16.5049 15.9385 15.8157 17.8571 15.3436
threshold=0.37718130730553096 0.060318518656960508 0.08170779269918331 0.00068516623320532936 0.012360958318054029 0.026473410070018136 4.5000000000000009 0.0025383058447995452 0.00060307890907759548 11480.500000000002 0.049367483872933195 0.00090625014885843452 0.00040433789618410967 0.36772803666921322
decision_type=2 2 2 2 2 2 2 2 2 2 2 2 2 2
left_child=1 2 3 4 5 7 -5 11 -9 13 -6 12 -1 -8
right_child=-2 -3 -4 6 10 -7 9 8 -10 -11 -12 -13 -14 -15
leaf_value=-0.0014375683647881081 -0.036698600341126514 -0.023700466227501219 0.025805606505040411 -0.039772869231348054 -0.025556969267582382 0.031463233582580796 0.013639235648138508 -0.041899217631342883 -0.0015459436115383284 -0.029133776892296216 0.011765420605476352 0.00738255023197407 -0.038870176046179324 -0.012644047201244723
leaf_weight=325.5463011575921 6.6769464155659071 16.732773198280483 16.045918231946416 5.8099047476425758 48.697016689460725 17.116075471043587 179.96698491089046 16.81967451213859 25.391589522128925 8.8369775079190713 12.353355010040103 233.50990095580346 10.893064736272207 21.683361202478409
leaf_count=4955 99 228 50 43 660 80 374 742 152 41 44 1631 204 88
internal_value=0.000877436 0.00118325 0.00165969 0.00120439 -0.000767906 0.000923599 0.00747365 1.97871e-05 -0.0182228 0.00895966 -0.017937 0.00140041 -0.00276114 0.0107646
internal_weight=946.08 939.403 922.67 906.624 690.327 629.277 216.297 612.161 42.2113 210.487 61.0504 569.949 336.439 201.65
internal_count=9391 9292 9064 9014 8468 7764 546 7684 894 503 704 6790 5159 462
is_linear=0
shrinkage=0.03


Tree=262
num_leaves=15
num_cat=1
split_feature=79 40 59 39 14 14 51 6 2 63 73 15 2 24
split_gain=18.1431 28.2076 26.4724 18.1686 13.4002 13.564 12.4703 13.0479 21.8873 12.8231 13.7582 11.5954 11.785 15.5096
threshold=0.0022046701075466618 0.0076348199924013505 0.015163303710614345 0.003627598735859629 0.91343742258877703 0.78546102662350126 0.36545518207282918 0 510.50000000000006 0.0018015332911776529 0.00016167980172043995 0.11737589820379545 3750.5000000000005 0.0012331974940697039
decision_type=2 2 2 2 2 2 2 9 2 2 2 2 2 2
left_child=4 2 -2 -3 5 6 7 8 -1 -10 -11 12 13 -9
right_child=1 3 -4 -5 -6 -7 -8 11 9 10 -12 -13 -14 -15
leaf_value=0.028539679925625047 -0.03072549186555525 0.017600097020705637 0.0076741305733260025 -0.036622292040675367 -0.030900021250026929 0.028787140969691854 -0.031038603378855004 -0.00029721490042237616 -0.032550714809094196 0.015716567794134946 -0.033460916545989351 -0.045755244362967143 0.0084553680677402366 0.03049212722538747
leaf_weight=9.2109802228806057 58.737465489422902 36.359760236518923 21.676211759448051 5.5776902405195861 9.8521151698660088 16.513116204179823 9.1018953819875588 424.58789638604503 28.367203054542188 13.636417536530645 6.8769390103698234 3.2591974686365566 303.1908224845829 14.252937616431153
leaf_count=104 1157 132 72 114 184 28 578 3569 1096 139 494 55 1702 28
internal_value=0.000652882 -0.0100915 -0.0204074 0.00970354 0.00223016 0.00266065 0.00209491 0.00250842 -0.0101031 -0.0198366 -0.00155882 0.0035909 0.00391726 0.000769832
internal_weight=961.201 122.351 80.4137 41.9375 838.85 828.997 812.484 803.382 58.0915 48.8806 20.5134 745.291 742.032 438.841
internal_count=9452 1475 1229 246 7977 7793 7765 7187 1833 1729 633 5354 5299 3597
cat_boundaries=0 1
cat_threshold=48
is_linear=0
shrinkage=0.03


Tree=263
num_leaves=15
num_cat=1
split_feature=76 6 42 64 5 0 4 2 4 3 1 36 38 13
split_gain=19.0558 25.5241 20.661 31.1429 21.1933 19.9732 17.3599 45.3711 23.6237 20.6396 17.2812 16.7974 15.8098 15.1151
threshold=0.0037712145633829529 0 0.00025234084128638034 0.35347347347347352 5283.9335891513101 24.500000000000004 8.2015718463626964e-05 2650.5000000000005 0.00010036102199326365 5074.5000000000009 13.500000000000002 0.55799245198694003 0.023625103543590192 0.00030476339261540541
decision_type=2 9 2 2 2 2 2 2 2 2 2 2 2 2
left_child=1 2 3 4 -1 10 9 -8 -9 -3 -4 -5 -10 -11
right_child=-2 6 5 11 -6 -7 7 8 12 13 -12 -13 -14 -15
leaf_value=0.000774355163884435 0.0081910049176031636 0.0090623007998717042 -0.032214654149012908 -0.0240170418656027 -0.033654518304515414 -0.036721676211030597 -0.038504395016688571 -0.029599839526516573 0.0075581855179191731 -0.028974254810676659 0.011545899091912563 0.057338728315167467 -0.035725370184644015 0.02146056195995772
leaf_weight=20.904064918402582 272.79801199585199 289.53439079463715 8.3461264626821485 2.7418123376555723 68.257667349826079 10.435246566426938 29.174784798728069 18.642767365498003 145.4488890991488 21.852544316905554 62.087996803922579 5.8558259271085262 7.0271895984187713 6.1816042114514849
leaf_count=800 1113 2856 156 75 1966 144 515 224 875 431 231 2 76 40
internal_value=0.0014853 -0.00114913 -0.010564 -0.0203589 -0.0256636 9.04367e-05 0.00227228 -0.00458619 0.00138678 0.00667014 0.00598209 0.031595 0.00534359 -0.0174971
internal_weight=969.289 696.491 178.629 97.7594 89.1617 80.8694 517.862 200.294 171.119 317.569 70.4341 8.59764 152.476 28.0341
internal_count=9504 8391 3374 2843 2766 531 5017 1690 1175 3327 387 77 951 471
cat_boundaries=0 1
cat_threshold=98
is_linear=0
shrinkage=0.03


Tree=264
num_leaves=15
num_cat=0
split_feature=63 36 0 33 39 17 3 17 79 4 48 40 83 85
split_gain=20.2445 20.2775 17.1065 21.8633 14.3056 12.2837 25.3093 17.7726 21.9577 12.5374 14.6328 12.4617 12.3609 13.3804
threshold=0.0018861254274520967 0.10172796395652113 26.500000000000004 0.11928922454773097 0.020922568828509212 0.51447942245024125 9275.5000000000018 0.032924312898342627 0.029812239955196794 0.00028053577704369501 0.24557030627144305 0.00099651245466786907 0.0013513117273298463 0.041206685163738647
decision_type=2 2 2 2 2 2 2 2 2 2 2 2 2 2
left_child=4 2 3 -2 5 7 -7 8 9 10 12 -11 13 -1
right_child=1 -3 -4 -5 -6 6 -8 -9 -10 11 -12 -13 -14 -15
leaf_value=0.0036471300116237 -0.028936613590121795 0.013130562741589484 0.013421866333377197 0.017344315717372705 -0.035433086654341188 -0.042303988674494961 0.023847400947147119 0.016977910329325063 -0.038701871089771737 -0.039506138372750702 -0.026500482593232441 0.010902158481172677 -0.032261874868627333 0.030120785596381712
leaf_weight=643.2681736915838 67.353631102727377 23.916315907088574 13.085640031611545 9.935257922857998 7.9041663769166908 13.689695483772086 7.2598633950110516 77.413592260563746 10.7800425424939 11.243630516750274 13.565860403003169 6.3426055712625375 7.411576983111444 16.681842196150683
leaf_count=5430 1883 104 145 22 196 361 41 390 303 194 162 12 117 27
internal_value=0.000735552 -0.0110333 -0.0175016 -0.0228418 0.0023963 0.00280988 -0.0193378 0.00342346 0.00192229 0.00260366 0.00326273 -0.0217176 0.00390649 0.00436088
internal_weight=929.852 114.291 90.3745 77.2889 815.561 807.657 20.9496 786.707 709.294 698.514 680.927 17.5862 667.362 659.95
internal_count=9387 2154 2050 1905 7233 7037 402 6635 6245 5942 5736 206 5574 5457
is_linear=0
shrinkage=0.03


Tree=265
num_leaves=15
num_cat=0
split_feature=74 2 73 49 49 2 4 33 2 80 50 14 59 0
split_gain=19.0505 17.6845 12.9381 11.9016 12.2006 10.9986 25.5305 28.981 18.342 15.7875 13.2015 11.9552 12.2242 9.96843
threshold=0.86964864961205313 4284.0000000000009 0.21359828868361294 0.74836892052194559 0.55366289179881678 9229.0000000000018 0.00015435171818736716 0.00052576598880079751 7525.0000000000009 0.086507087635008265 0.20616266671932656 0.86765721025929732 0.10548683558716758 27.500000000000004
decision_type=2 2 2 2 2 2 2 2 2 2 2 2 2 2
left_child=2 -2 3 4 5 6 8 9 11 -8 13 12 -1 -7
right_child=1 -3 -4 -5 -6 10 7 -9 -10 -11 -12 -13 -14 -15
leaf_value=0.0050015274793698472 -0.043207302472403897 0.013021162876586802 -0.020143840229543932 -0.032589998536971226 0.024357443382033165 0.01531088334898246 -0.042929395063980427 0.0060535287162423058 -0.034495245125956392 -0.0010410523543349392 -0.033487699791324238 -0.029651507468530632 -0.031679794295985025 -0.02372539539173861
leaf_weight=672.20480386685813 14.432964040548542 6.904138669371604 20.65559489140287 7.2419623528840011 23.91134522203356 113.57601411698852 29.284166103519965 32.292165535502136 10.268809699453412 11.122574256965889 4.7291862498968831 8.3326174877583963 7.2929812824586397 5.3359791103284797
leaf_count=6046 137 11 909 250 45 694 465 119 175 61 106 174 198 64
internal_value=0.00214524 -0.0252448 0.00278886 0.00332182 0.00364015 0.00305973 0.00172029 -0.0150771 0.00348861 -0.0317026 0.0113292 0.00410494 0.00456186 0.0133759
internal_weight=967.585 21.3371 946.248 925.593 918.351 894.439 770.798 72.6989 698.099 40.4067 123.641 687.83 679.498 118.912
internal_count=9454 148 9306 8397 8147 8102 7238 645 6593 526 864 6418 6244 758
is_linear=0
shrinkage=0.03


Tree=266
num_leaves=15
num_cat=2
split_feature=41 2 5 72 4 9 76 6 2 65 0 2 1 70
split_gain=17.4446 14.6422 22.596 15.1254 15.8593 15.4892 23.8643 13.1979 26.1843 23.4963 19.0597 29.9325 32.0985 18.691
threshold=0.085379453913496037 619.50000000000011 31644.769247897344 0.00019122414460882113 0.00028053577704369501 0 0.015607109487740762 1 1382.5000000000002 0.057165062462655535 25.500000000000004 2246.5000000000005 38.500000000000007 0.033788618319525669
decision_type=2 2 2 2 2 9 2 9 2 2 2 2 2 2
left_child=1 2 -1 4 7 -5 -7 -3 -9 10 11 -10 -13 -14
right_child=-2 3 -4 5 -6 6 -8 8 9 -11 -12 12 13 -15
leaf_value=-0.039849868654272452 -0.029462120067929056 0.0047462471892352901 0.014458153332109919 0.010497592796565251 -0.038876763673252608 -0.017463597952388658 0.023595044330549705 -0.029700182515772711 0.011953294139218661 -0.037901964049992937 0.014487832616830319 -0.025631781439876173 0.011966028271550484 -0.040958831376527782
leaf_weight=17.150042978872083 15.522613967012147 272.57782191195292 10.447172351879997 259.72458215150982 8.5731013061595132 46.332760896417312 16.478738192468882 31.654670541567612 67.475643788813613 13.891010282386558 67.056543704704382 71.538930687282118 45.65975906397216 5.905431750114075
leaf_count=704 417 2734 66 1057 175 490 29 782 565 345 439 1212 310 45
internal_value=0.00109718 0.00163576 -0.0195044 0.00229986 -0.000580518 0.00750385 -0.00561144 5.61328e-05 -0.00418087 -0.00126118 0.000853294 -0.00399468 -0.0127619 0.00524099
internal_weight=949.989 934.466 27.5972 906.869 584.333 322.536 62.8115 575.76 303.182 271.527 257.636 190.58 123.104 51.5652
internal_count=9370 8953 770 8183 6607 1576 519 6432 3698 2916 2571 2132 1567 355
cat_boundaries=0 1 2
cat_threshold=69 1428
is_linear=0
shrinkage=0.03


Tree=267
num_leaves=15
num_cat=2
split_feature=2 44 4 48 4 41 46 2 6 9 0 51 2 0
split_gain=13.5139 22.0431 21.418 21.1016 14.563 15.5248 17.6957 14.1427 17.8405 13.8343 13.711 13.2461 12.4163 12.1723
threshold=1567.5000000000002 0.13767636131370997 7.2224681542441845e-05 0.044034264598224286 6.9796868666084221e-05 0.0028425250801530672 0.0078496365053258663 1678.5000000000002 0 1 22.500000000000004 0.36545518207282918 1753.5000000000002 9.5000000000000018
decision_type=2 2 2 2 2 2 2 2 9 9 2 2 2 2
left_child=2 7 3 4 5 6 9 10 -9 -1 -2 12 -10 -11
right_child=1 -3 -4 -5 -6 -7 -8 8 11 13 -12 -13 -14 -15
leaf_value=0.011840297409672568 0.025707861951692154 -0.028871811529927953 -0.037087701330705138 -0.037955440249743615 0.030062102194549616 0.017793485648628891 0.033562954155953804 -0.018778664280165072 -0.036917567438252911 0.019155383668609059 -0.028217123462705565 -0.031847352785836031 0.0050563962798001556 -0.017046986718360399
leaf_weight=17.654716966848355 40.445328454399714 17.595660900260555 16.479228762967978 12.853971658158114 12.829388429410754 28.211172961629927 8.3353026831755397 21.572788723497069 5.4178659329772918 8.3139710625400749 3.9028648535895618 8.0860603874316421 647.50872575587709 97.295257426900207
leaf_count=97 165 307 354 197 31 233 30 736 123 50 82 353 4484 2135
internal_value=0.0015284 0.00339541 -0.00533674 -0.00233224 0.000523408 -0.00202012 -0.00636975 0.00421504 0.00313223 -0.00931843 0.0204446 0.00409638 0.00465218 -0.0128397
internal_weight=946.502 744.529 201.973 185.494 172.64 159.81 131.599 726.934 682.585 123.264 44.3482 661.013 652.927 105.609
internal_count=9377 6250 3127 2773 2576 2545 2312 5943 5696 2282 247 4960 4607 2185
cat_boundaries=0 1 2
cat_threshold=32 192
is_linear=0
shrinkage=0.03


Tree=268
num_leaves=15
num_cat=1
split_feature=77 79 6 5 0 63 25 4 64 5 3 5 26 4
split_gain=16.5257 14.6395 12.9289 14.0459 12.19 16.0782 15.9859 13.7875 12.1866 12.1388 17.4451 30.5978 17.5154 14.872
threshold=0.0818666240521954 0.0099709198763887636 0 5131.4925933578015 17.500000000000004 0.0091764170922609915 0.00014935804900923118 8.1261855995100695e-05 1.0000000180025095e-35 8361.8226556015616 1935.5000000000002 20178.326717781645 0.0034595346477249264 3.6287977141585839e-05
decision_type=2 2 9 2 2 2 2 2 2 2 2 2 2 2
left_child=2 -2 8 -4 5 6 7 -5 -1 -6 11 -11 -12 -13
right_child=1 -3 3 4 9 -7 -8 -9 -10 10 12 13 -14 -15
leaf_value=-0.00043280760493364696 -0.039155682470319447 0.020323879959848558 -0.0096935436330230218 0.0011091052811941923 0.025601918845021238 -0.045766147300983308 0.027359553403095597 -0.037035565109679321 -0.039818314303084537 0.010923812260762252 0.015259877763766153 0.013882983065253197 -0.0093295753943635606 -0.026432701743532957
leaf_weight=393.00004140699457 14.079748775227928 4.247091330587863 45.366848355391994 36.901554716576356 37.615755361155607 6.4427906924393019 14.518353337422012 10.070364211918784 6.2006188821978858 75.366449615568854 223.3667003994924 9.5223369043669646 28.825207293964922 41.889192537259078
leaf_count=5094 323 18 774 369 190 179 16 168 46 484 956 47 186 499
internal_value=0.00243172 -0.0250334 0.00299982 0.00600374 0.00761411 -0.00412013 0.000905978 -0.00767033 -0.00111468 0.00953291 0.00787475 -0.00120039 0.0124236 -0.0188431
internal_weight=947.413 18.3268 929.086 529.886 484.519 67.9331 61.4903 46.9719 399.201 416.586 378.97 126.778 252.192 51.4115
internal_count=9349 341 9008 3868 3094 732 553 537 5140 2362 2172 1030 1142 546
cat_boundaries=0 1
cat_threshold=4646
is_linear=0
shrinkage=0.03


Tree=269
num_leaves=15
num_cat=2
split_feature=48 79 15 0 42 77 41 41 2 4 6 49 5 6
split_gain=12.6148 14.6064 11.9594 11.354 10.951 29.4338 16.9011 17.229 13.0214 29.3022 15.8997 18.4986 17.0857 15.2474
threshold=0.24557030627144305 0.0099709198763887636 0.094171431602799491 29.500000000000004 0.00025234084128638034 0.034162491099506857 0.013032341099168671 1.0000000180025095e-35 3374.0000000000005 0.00011964102579857128 0 0.35720145318176494 63901.269335440644 1
decision_type=2 2 2 2 2 2 2 2 2 2 9 2 2 9
left_child=2 -2 3 4 5 6 7 8 9 10 11 -1 -12 -10
right_child=1 -3 -4 -5 -6 -7 -8 -9 13 -11 12 -13 -14 -15
leaf_value=-0.028783427603435593 -0.039273612067803547 0.022802625922441346 -0.046735411739624866 -0.028784990400221713 0.0082865320088257206 -0.040390980726432262 0.018332624557520123 -0.026218399802828172 -0.0040644029417589407 -0.039383989404798786 0.0051215579997980825 0.021733832627994134 -0.027378281975957031 0.011473865712453558
leaf_weight=32.333338987024035 11.713534397073088 3.9140930064022532 3.3234674914274356 8.8410650927107763 305.99634401267394 13.822749512386507 53.598618858552072 19.393672663514735 79.422983629454393 17.0539844504965 234.66116766392952 7.3291129618883124 14.527383326378184 173.13205899792956
leaf_count=859 160 5 67 217 1320 313 521 324 1115 303 2909 8 198 1134
internal_value=0.00262887 -0.0232897 0.003073 0.00329386 0.00362191 0.0014005 0.00237775 0.000868749 0.00185459 -0.00230567 1.17821e-05 -0.0153649 0.00300489 0.00688289
internal_weight=979.064 15.6276 963.436 960.112 951.271 645.275 631.452 577.854 558.46 305.905 288.851 39.6625 249.189 252.555
internal_count=9453 165 9288 9221 9004 7684 7371 6850 6526 4277 3974 867 3107 2249
cat_boundaries=0 1 2
cat_threshold=324 306
is_linear=0
shrinkage=0.03


Tree=270
num_leaves=15
num_cat=0
split_feature=79 76 76 33 79 70 4 2 72 48 1 3 3 1
split_gain=11.7499 16.9734 20.5266 23.1288 15.538 14.1989 12.8654 22.5454 21.8869 32.1885 12.1492 20.2714 19.6346 17.748
threshold=0.0022046701075466618 0.0037712145633829529 0.05407613520875601 0.0094395313091711047 0.0055357857607444853 0.090159737089561667 0.00014494249205552429 4453.5000000000009 0.00032971950034830908 0.087251845775225614 74.500000000000014 12276.000000000002 9911.5000000000018 77.500000000000014
decision_type=2 2 2 2 2 2 2 2 2 2 2 2 2 2
left_child=1 6 -3 -4 -2 -6 10 -8 9 -9 11 12 -1 -12
right_child=4 2 3 -5 5 -7 7 8 -10 -11 13 -13 -14 -15
leaf_value=0.00072801528489736009 -0.03262953824648334 0.017705940722539056 -0.019786308291215256 0.018405957719416003 0.001759982142944974 -0.026823060345167161 -0.044395202756094244 -0.039445185603884068 0.015847663500837047 0.01638593555130817 0.041115503971023926 -0.035123341689758024 0.026561812586188976 -0.013593481145225775
leaf_weight=503.92669757698604 17.156365995411761 123.23910574405454 33.404603720817249 23.417067546630278 98.597555044936598 17.568692604923854 13.638440136070129 23.176116070855642 29.403404671582393 14.372828829102216 15.012223269790413 12.512241274234837 26.950725333532318 7.4004075528355306
leaf_count=5894 203 303 238 93 984 344 283 458 110 28 9 263 96 134
internal_value=0.00141868 0.00275332 0.0108718 -0.00400059 -0.00681354 -0.00275488 0.000478526 -0.0106604 -0.00323624 -0.0182037 0.00208112 0.00116722 0.00208698 0.0232421
internal_weight=959.776 826.454 180.061 56.8217 133.323 116.166 646.393 80.5908 66.9523 37.5489 565.802 543.39 530.877 22.4126
internal_count=9440 7909 634 331 1531 1328 7275 879 596 486 6396 6253 5990 143
is_linear=0
shrinkage=0.03


Tree=271
num_leaves=15
num_cat=1
split_feature=74 2 35 72 26 3 48 81 72 4 9 16 49 48
split_gain=13.3476 22.2745 25.6004 19.5684 18.427 16.7279 14.4453 14.0256 13.8577 13.8278 17.9121 18.2588 15.1979 14.6721
threshold=0.4673246117876016 3063.5000000000005 0.10912034559614296 0.13211090637237913 0.15064879875262513 13643.000000000002 0.019091836151429127 0.00021884276691969002 0.57881792021781753 0.00014494249205552429 0 0.00047962637329778936 0.71174501537003521 0.38802028958608842
decision_type=2 2 2 2 2 2 2 2 2 2 9 2 2 2
left_child=3 2 -2 5 8 7 -7 9 -5 12 -11 13 -1 -12
right_child=1 -3 -4 4 -6 6 -8 -9 -10 10 11 -13 -14 -15
leaf_value=0.003538987472810192 -0.031861952154221017 0.007063054566812197 0.023618217577488623 0.02171891515794332 -0.037234743246488837 -0.035508348671688429 0.011204708762703035 -0.030871729424176656 -0.017935252641005137 0.011299286163061348 -0.029641528877343188 0.025846611312763734 -0.036018377768712077 0.020523221128142061
leaf_weight=594.89230158094142 44.542218584392685 37.310710545629263 8.1994690597057325 78.435103097930551 4.9055744874058282 20.035157599631933 7.7565725892782202 11.364977970952166 8.0595638649538142 22.038325529749272 50.942491319437977 6.4076776821457306 7.8771360956598064 5.1349766425555563
leaf_count=6698 399 105 8 301 64 480 26 174 57 159 578 36 233 9
internal_value=0.000318267 -0.0105785 -0.0229578 0.00152955 0.0145331 -0.000124262 -0.0225346 0.000798125 0.0178612 0.00136591 -0.00992678 -0.016633 0.00296324 -0.0247689
internal_weight=907.902 90.0524 52.7417 817.85 91.4002 726.45 27.7917 698.658 86.4947 687.293 84.5235 62.4851 602.769 56.0775
internal_count=9327 512 407 8815 422 8393 506 7887 358 7713 782 623 6931 587
cat_boundaries=0 1
cat_threshold=8
is_linear=0
shrinkage=0.03


Tree=272
num_leaves=15
num_cat=1
split_feature=86 28 38 38 42 80 59 77 38 72 1 9 40 36
split_gain=15.546 16.5954 10.6563 18.2251 14.9599 15.8638 15.1918 15.2114 15.0743 12.6057 11.121 20.4756 20.155 15.0586
threshold=1.0000000180025095e-35 0.054788747842451323 0.19613219800837065 0.12988728986245546 0.0412971516120735 0.015580877033302996 0.006256982977780527 0.012848753567132854 0.0088970506751943276 0.00023960787246792841 5.5000000000000009 0 0.014383852447895652 0.81216142534118074
decision_type=2 2 2 2 2 2 2 2 2 2 2 9 2 2
left_child=2 -2 3 4 10 9 7 -7 -9 -6 11 -1 -13 -12
right_child=1 -3 -4 -5 5 6 -8 8 -10 -11 13 12 -14 -15
leaf_value=0.0076598515638680829 -0.038231712602928881 0.015326823710612022 -0.031428121763053415 0.026231231742747541 -0.037664662345235932 -0.033787596551246503 -0.036618531254276381 0.025559802045330701 -0.010593030012208109 0.010911787760096714 0.004418400958096225 -0.032323727361361972 0.0074242541107518278 -0.028244029230678955
leaf_weight=46.369004684820538 16.57846098521259 6.7526761670596889 7.7296572853811076 25.841494508553296 23.418904536287304 6.7143429899588218 8.2838082090020162 26.367611014284194 16.002559627173468 5.5068394681438795 672.17596697845147 37.901017398340628 15.829960547271183 11.962157414760439
leaf_count=629 381 19 207 54 248 89 75 56 98 8 6157 1033 159 218
internal_value=0.000928211 -0.0227376 0.00156337 0.00188257 0.00113052 -0.0106529 -0.00139128 0.00516633 0.011976 -0.0283612 0.00243903 -0.00685498 -0.0174951 0.00380691
internal_weight=927.434 23.3311 904.103 896.374 870.532 86.2941 57.3683 49.0845 42.3702 28.9257 784.238 100.1 53.731 684.138
internal_count=9431 400 9031 8824 8770 574 318 243 154 256 8196 1821 1192 6375
cat_boundaries=0 1
cat_threshold=200
is_linear=0
shrinkage=0.03


Tree=273
num_leaves=15
num_cat=1
split_feature=14 41 58 38 38 38 75 1 5 41 75 4 6 0
split_gain=13.7898 11.8091 11.494 10.6955 13.4044 19.5271 10.8617 20.5039 16.2134 10.5568 13.2005 18.5287 11.0292 27.4973
threshold=0.91343742258877703 0.1328649010205519 0.010105121085414724 0.19613219800837065 0.13787685475628239 0.027151325646537688 0.024825265643447465 22.500000000000004 82922.972775204325 0.0088647932590684726 0.0034322523989033589 4.8374503868516451e-05 0 24.500000000000004
decision_type=2 2 2 2 2 2 2 2 2 2 2 2 9 2
left_child=1 2 3 4 5 6 9 -8 -9 12 -11 -12 13 -1
right_child=-2 -3 -4 -5 -6 -7 7 8 -10 10 11 -13 -14 -15
leaf_value=-0.021081920355827063 -0.030860698098830835 -0.032182742672611821 -0.032473822775350915 -0.030763079265947933 0.026632243021629715 -0.027886954609933724 -0.038325055158533863 0.019516819317711539 -0.025254471143072294 0.021297810474176213 0.021253988406483914 -0.053956755468685384 0.0048753549107617049 0.013580274057626178
leaf_weight=49.338308951599174 10.025746427709235 7.5658295973844352 7.0587523922440587 7.1252306771930298 21.648488600272685 16.783742616069503 14.581143920659086 19.824190304963853 10.210540605941786 58.357145393034443 5.4353011174243857 4.5631569670513272 672.79250243617571 33.977477099280804
leaf_count=1323 195 306 230 202 48 182 517 144 135 131 19 41 5500 374
internal_value=0.0025036 0.00289635 0.00321887 0.00352949 0.0038323 0.00324572 0.00387832 -0.0103877 0.00397315 0.00466197 0.0158716 -0.0148561 0.00362895 -0.00621555
internal_weight=939.288 929.262 921.696 914.637 907.512 885.864 869.08 44.6159 30.0347 824.464 68.3556 9.99846 756.108 83.3158
internal_count=9347 9152 8846 8616 8414 8366 8184 796 279 7388 191 60 7197 1697
cat_boundaries=0 1
cat_threshold=608
is_linear=0
shrinkage=0.03


Tree=274
num_leaves=15
num_cat=0
split_feature=62 41 15 12 61 46 46 5 1 73 49 42 2 2
split_gain=11.7591 11.9727 10.9088 10.2895 10.2595 9.49414 18.0346 12.1748 17.1918 12.877 12.1707 9.72385 9.26374 9.86499
threshold=0.0015925020540233502 0.1328649010205519 0.11737589820379545 0.066397545779692882 1.0000000180025095e-35 0.61611578709307857 0.51829594017094027 146180.35925136859 74.500000000000014 0.0032211735570387367 0.37470880982634486 0.40504674861023277 27749.000000000004 15891.500000000002
decision_type=2 2 2 2 2 2 2 2 2 2 2 2 2 2
left_child=1 2 3 4 5 6 7 11 9 10 -9 12 13 -1
right_child=-2 -3 -4 -5 -6 -7 -8 8 -10 -11 -12 -13 -14 -15
leaf_value=0.0045639124686731982 -0.029477916145519874 -0.032997201223373469 -0.045365677995434305 -0.030064036748235608 -0.033680008002214101 -0.033792692802767539 0.035508793488035081 -0.043389371350013091 0.0088128822147728689 0.0084079180732187647 0.018140090417206458 -0.034057135583088885 -0.030330381132594994 0.023521699979696518
leaf_weight=818.78938704861503 9.1551451015984622 7.2580472507106597 3.13292810646817 7.1581366562750182 5.5399464372894718 4.9394658153178161 15.378064221236853 20.051714437489871 24.211374587379396 7.6264628255157723 2.7896066308021537 4.8291584828402838 5.6971097153145811 24.549515721446369
leaf_count=7693 227 306 63 234 82 86 22 186 104 36 4 78 161 126
internal_value=0.0026471 0.00298666 0.00329772 0.0035076 0.00379665 0.00405615 0.00429481 0.00372802 -0.00987733 -0.0245377 -0.0354291 0.00460981 0.00486955 0.00514298
internal_weight=961.106 951.951 944.693 941.56 934.402 928.862 923.922 908.544 54.6792 30.4678 22.8413 853.865 849.036 843.339
internal_count=9408 9181 8875 8812 8578 8496 8410 8388 330 226 190 8058 7980 7819
is_linear=0
shrinkage=0.03


Tree=275
num_leaves=15
num_cat=0
split_feature=58 4 1 76 58 36 0 33 50 76 71 1 5 1
split_gain=17.9085 14.2054 26.5139 13.9585 13.0542 12.7469 11.7367 11.0732 11.0797 19.8809 18.2845 20.2127 25.0424 22.3203
threshold=0.0015887998568069844 0.00015435171818736716 23.500000000000004 0.0038670620422451446 0.0014859954944272133 1.0000000180025095e-35 25.500000000000004 0.11928922454773097 0.028137039525997193 0.028177082023370995 0.00027878504126671474 16.500000000000004 49541.820086599975 5.5000000000000009
decision_type=2 2 2 2 2 2 2 2 2 2 2 2 2 2
left_child=1 4 -3 5 7 6 -4 8 10 -10 11 13 -13 -1
right_child=-2 2 3 -5 -6 -7 -8 -9 9 -11 -12 12 -14 -15
leaf_value=-0.016328985560487525 -0.029304726887634403 -0.034962013036506825 -0.018149556057623414 0.010358355769097133 0.035500789451807929 -0.040600778168231183 0.020191693559676208 0.026459333959196401 0.010491573236311832 -0.043370380640992925 0.0056979895514135213 -0.027960598713756505 -0.0027407606515591426 0.0062623903207697073
leaf_weight=50.984161325817695 17.455607023963239 26.602829866402317 17.070333970390497 44.392620405415073 9.3374891640851256 10.519851973629555 10.945097393007016 14.730618840083478 144.83079304912826 5.4654029607772818 231.77046159528254 62.057542219932657 81.450949297402985 161.1023129283567
leaf_count=1236 530 483 214 134 7 87 58 36 1012 31 1935 1301 602 1733
internal_value=-6.0547e-05 0.000558282 -0.00949373 -0.00100442 0.00201423 -0.0140252 -0.00299071 0.00155208 0.00101955 0.00825921 -0.000843833 -0.0051117 -0.0137646 0.000780431
internal_weight=888.716 871.26 109.531 82.9279 761.73 38.5353 28.0154 752.392 737.662 150.296 587.365 355.595 143.508 212.086
internal_count=9399 8869 976 493 7893 359 272 7886 7850 1043 6807 4872 1903 2969
is_linear=0
shrinkage=0.03


Tree=276
num_leaves=15
num_cat=0
split_feature=64 15 4 3 33 63 41 41 5 49 36 1 72 36
split_gain=11.6343 11.6904 11.6996 14.5854 10.2783 22.0375 10.2622 11.6128 15.2014 23.9746 15.4705 21.007 22.938 17.9728
threshold=0.14458537563985888 0.11737589820379545 0.00044523253478252224 24761.500000000004 0.12560285810548902 0.045902922725294629 0.1328649010205519 0.034109043886906054 2062.277272049228 0.081716639796783633 0.34247434853168685 12.500000000000002 0.00023960787246792841 0.73394597403328554
decision_type=2 2 2 2 2 2 2 2 2 2 2 2 2 2
left_child=1 2 3 4 5 6 7 8 9 -1 -10 13 -13 -12
right_child=-2 -3 -4 -5 -6 -7 -8 -9 10 -11 11 12 -14 -15
leaf_value=-0.032602685017596909 -0.033219779508366437 -0.05333362193654817 0.026419953333864356 -0.032712696851383144 0.024525530570334287 -0.030666512798345431 -0.033017326195881797 0.015568772193225942 0.0039172824445172756 0.018563797574407615 -0.015595221841583873 -0.033341162327638986 0.024195414219872886 0.028453307575667101
leaf_weight=25.605792499962263 7.5977002275176337 2.4443976129405192 16.395975220424589 10.031542047974652 16.868690650910139 17.722041241344414 6.3742063225072334 56.415452732529957 689.9743049487879 11.167369230301118 14.777593639679255 35.952975354157388 6.7476404756307593 16.822043057531118
leaf_count=892 176 58 67 284 37 1063 269 204 5671 158 86 365 8 48
internal_value=0.0015232 0.00184334 0.00204662 0.00157816 0.00199699 0.0015386 0.002234 0.00253421 0.00159796 -0.0169842 0.00251307 -0.0104058 -0.0239035 0.00800748
internal_weight=934.898 927.3 924.856 908.46 898.428 881.559 863.837 857.463 801.048 36.7732 764.275 74.3003 42.7006 31.5996
internal_count=9386 9210 9152 9085 8801 8764 7701 7432 7228 1050 6178 507 373 134
is_linear=0
shrinkage=0.03


Tree=277
num_leaves=15
num_cat=1
split_feature=82 6 49 77 50 57 3 51 3 41 4 40 72 26
split_gain=13.2712 17.0944 16.9795 22.966 20.0901 26.9549 16.9921 27.8158 16.6706 17.108 15.5141 13.7679 12.6537 11.1852
threshold=0.00047310308666078873 0 0.2500026852257537 0.0039842602538527313 0.075262474359441209 0.0088155587438227337 775.50000000000011 0.069593410013156567 8700.5000000000018 0.048170137081819615 4.0099929888713756e-05 0.011406069711073082 0.001238934521427965 0.003678193018930249
decision_type=2 9 2 2 2 2 2 2 2 2 2 2 2 2
left_child=1 13 4 -4 6 -6 -3 8 9 -8 -5 -2 -10 -1
right_child=11 2 3 10 5 -7 7 -9 12 -11 -12 -13 -14 -15
leaf_value=0.0056121588423881652 -0.03263091085962775 0.01058718827108507 -0.032704915739381842 -0.034901639694114674 -0.042804841206721775 0.017280614443524044 -0.02892922628821145 0.014473683279191457 -0.016319101248800753 0.019804428556937217 0.016663756587008291 0.01166445925567477 0.029594783084210964 -0.0069407373190396573
leaf_weight=502.59212686086539 19.933059914736081 44.633881446177838 10.636696781148201 4.7671883734874418 28.539845859981142 8.0936487158760411 70.934602275287034 29.351852992491331 10.322502922761489 6.4322781885275608 66.232241829391569 8.4335550301475433 9.3898914398159814 72.301387857907685
leaf_count=4337 306 737 398 80 657 14 1475 234 321 37 200 29 19 521
internal_value=0.000321121 0.000993934 -0.0048529 0.00651628 -0.00956391 -0.0294234 -0.00516473 -0.0107651 -0.0184657 -0.0246765 0.0127648 -0.0195129 0.00592464 0.00395545
internal_weight=892.595 864.228 289.335 81.6361 207.699 36.6335 171.065 126.431 97.0793 77.3669 70.9994 28.3666 19.7124 574.894
internal_count=9365 9030 4172 678 3494 671 2823 2086 1852 1512 280 335 340 4858
cat_boundaries=0 1
cat_threshold=4508
is_linear=0
shrinkage=0.03


Tree=278
num_leaves=15
num_cat=0
split_feature=62 16 58 2 4 50 63 14 3 3 5 0 73 70
split_gain=13.3854 10.8929 10.5711 11.9232 19.8552 13.027 12.4241 11.1273 11.0448 17.8256 17.5027 16.3647 16.5015 15.4448
threshold=0.0015925020540233502 0.00052509134300968196 0.013760961322645329 9229.0000000000018 0.00021419456511935088 0.20616266671932656 0.0053707548082776368 0.91343742258877703 1909.5000000000002 2146.5000000000005 25619.818868784703 14.500000000000002 0.026330232826853085 0.28591347166065839
decision_type=2 2 2 2 2 2 2 2 2 2 2 2 2 2
left_child=1 2 3 4 7 6 -5 8 10 -10 13 -12 -13 -1
right_child=-2 -3 -4 5 -6 -7 -8 -9 9 -11 11 12 -14 -15
leaf_value=0.00094487514495618429 -0.032703048752771365 -0.030113371040579207 -0.034359942749633769 0.017681871791841147 -0.028460826616130818 -0.031189748273086119 -0.027173062446777356 -0.029644498903609977 0.024226230696957837 0.0045831419591785194 0.022321223452912629 -0.031747016982730997 0.0017193480434655475 0.029528636117533449
leaf_weight=257.70993748497858 8.4917329932941339 7.8036610940762321 5.6219047733175094 99.148014497943223 17.312194072728744 4.8094181965570888 5.0132060808828092 8.2152358659077418 45.736451494070934 385.53130171858356 8.6732277035480347 37.017782292678021 20.210743896954227 17.221972607541829
leaf_count=3470 239 366 198 543 262 112 109 182 256 2851 20 504 234 73
internal_value=0.0027547 0.00311712 0.00343406 0.00370602 0.00242587 0.012969 0.0152852 0.00314667 0.00353347 0.00671754 -0.000503302 -0.0142681 -0.0201015 0.00283591
internal_weight=928.517 920.025 912.221 906.599 797.629 108.971 104.161 780.317 772.101 431.268 340.834 65.9018 57.2285 274.932
internal_count=9419 9180 8814 8616 7852 764 652 7590 7408 3107 4301 758 738 3543
is_linear=0
shrinkage=0.03


Tree=279
num_leaves=15
num_cat=0
split_feature=59 74 72 39 3 44 4 76 38 38 57 39 27 41
split_gain=14.6247 12.4068 16.689 18.7427 18.8687 13.0528 12.9226 11.6977 11.3709 14.5105 18.3468 32.3979 23.7628 15.7607
threshold=0.037828215747452064 0.38794993571019798 0.067526796760477001 0.00037149641913426226 533.50000000000011 0.48873590177938009 6.2098047535729097e-05 0.019185557373218046 0.19613219800837065 0.12988728986245546 0.00077085193300659323 0.0027260244629740173 0.0048921243187217793 0.013032341099168671
decision_type=2 2 2 2 2 2 2 2 2 2 2 2 2 2
left_child=1 5 3 4 -3 8 -4 -2 9 10 13 12 -12 -1
right_child=7 2 6 -5 -6 -7 -8 -9 -10 -11 11 -13 -14 -15
leaf_value=0.003103590878941998 -0.028029712298614853 -0.036922463850459802 0.0011256076082839259 -0.05003051115822546 0.0088256432175890451 -0.036463508279972127 -0.040929240458703359 0.010690821321826062 -0.031069761424556482 0.02589803095121293 -0.033699561114466418 0.025768513994438309 0.009196924231402559 0.018411792682579382
leaf_weight=595.32909054668562 25.366075640660711 8.2022659478825499 9.7894269902026299 5.3754355356795704 68.028554490534589 6.4315233578090547 18.711273752734996 8.9615581892430765 7.4792960397899142 25.046154763083905 40.53652518754825 15.718721224111503 15.632030770182608 66.482782685547136
leaf_count=6909 383 117 48 51 222 162 155 22 203 49 438 24 32 543
internal_value=0.00102462 0.00178015 -0.00759753 -0.000599413 0.00348891 0.00312461 -0.0269357 -0.0179049 0.003504 0.00388525 0.00309958 -0.0111951 -0.0218092 0.00466685
internal_weight=917.091 882.763 110.107 81.6063 76.2308 772.656 28.5007 34.3276 766.225 758.745 733.699 71.8873 56.1686 661.812
internal_count=9358 8953 593 390 339 8360 203 405 8198 7995 7946 494 470 7452
is_linear=0
shrinkage=0.03


Tree=280
num_leaves=15
num_cat=0
split_feature=5 14 0 14 5 77 4 2 7 26 80 76 25 5
split_gain=14.7608 16.1681 18.9696 15.7077 16.7348 15.0913 14.5513 21.614 14.6951 13.9184 12.8937 12.7968 16.8703 19.07
threshold=22866.276438598168 0.086154103382711039 29.500000000000004 0.07959907774614354 25397.937850037255 0.020082253314474417 7.9391156644836601e-05 2875.5000000000005 1.5000000000000002 0.32735103986609626 0.47213976920720296 0.0037712145633829529 0.00027155469542956308 26288.127800997674
decision_type=2 2 2 2 2 2 2 2 2 2 2 2 2 2
left_child=1 6 -3 4 -2 -5 10 9 -9 -8 -1 -6 -13 -14
right_child=3 2 -4 5 11 -7 7 8 -10 -11 -12 12 13 -15
leaf_value=0.0099991289255293558 -0.037580364237219777 -0.034715234401364571 0.030138427451559664 -0.010552339772833073 -0.008519572171169932 0.01576552871318615 -0.042867875938527235 -0.031578578840320538 0.010225286575182679 0.015293172175023458 -0.028749722262850341 0.0067953872692864126 0.031931656014752979 -0.032686376867792633
leaf_weight=304.38059585244628 13.091665440064387 16.604338825098242 4.434901427011936 26.85564387118211 245.4232785768254 66.336713733733632 16.439733462844746 7.8924285795073947 50.245491536217742 4.1474119243212035 6.9864427635911843 129.59645469282987 4.2899695974774685 19.488929191604257
leaf_count=3732 263 365 7 167 2881 191 402 186 419 18 115 536 2 174
internal_value=0.000519209 0.00473368 -0.0202974 -0.0029139 -0.00543081 0.00814988 0.00613216 -0.00533953 0.00411224 -0.0309853 0.00904043 -0.00428405 0.00250469 -0.0202104
internal_weight=916.214 411.131 21.0392 505.083 411.89 93.1924 390.092 78.7251 58.1379 20.5871 311.367 398.799 153.375 23.7789
internal_count=9458 5244 372 4214 3856 358 4872 1025 605 420 3847 3593 712 176
is_linear=0
shrinkage=0.03


Tree=281
num_leaves=15
num_cat=0
split_feature=4 4 5 49 87 87 27 86 41 79 57 27 28 77
split_gain=12.2084 15.4787 12.815 10.7621 10.5811 15.1576 13.4544 12.3107 10.7478 17.199 11.0276 28.1418 21.1953 17.7425
threshold=0.00044523253478252224 0.00021419456511935088 63901.269335440644 0.74836892052194559 0.0044602875776479896 0.0029080542891757647 0.010068731305864996 0.0004245744017021481 0.038584154737868935 0.041130331898574089 0.00077085193300659323 0.00097398087408922228 0.027148546601841319 0.018064272391107885
decision_type=2 2 2 2 2 2 2 2 2 2 2 2 2 2
left_child=1 3 -3 4 5 6 7 8 10 -10 13 -12 -13 -1
right_child=-2 2 -4 -5 -6 -7 -8 -9 9 -11 11 12 -14 -15
leaf_value=0.0003349019494307323 0.026663448647680242 -0.00017593181503572627 -0.034891188431127811 -0.033689055966673882 -0.030554577117864537 0.025161179087749942 -0.043082295706376512 -0.034082217254121194 0.019351926016484746 -0.040275105117744125 -0.035906659443000567 0.017982718053423077 -0.033090567740567123 0.012059929575300124
leaf_weight=563.29903241382272 16.318013477546629 19.263057301635854 18.039114736922784 6.5244719884358338 7.7138268982525906 25.182351913768798 4.9247023053467265 7.2956986522185607 55.06478825211525 3.7925583066535173 22.962704378180206 28.831820083782077 8.7083149608224613 145.34553931024857
leaf_count=6503 74 247 193 235 314 50 27 119 292 196 428 60 45 618
internal_value=0.00170784 0.00123516 -0.0174367 0.00204586 0.00235113 0.00267936 0.00197645 0.0022933 0.00265454 0.0149011 0.00169927 -0.0104909 0.00558388 0.00275335
internal_weight=933.266 916.948 37.3022 879.646 873.121 865.408 840.225 835.3 828.005 58.8573 769.147 60.5028 37.5401 708.645
internal_count=9401 9327 440 8887 8652 8338 8288 8261 8142 488 7654 533 105 7121
is_linear=0
shrinkage=0.03


Tree=282
num_leaves=15
num_cat=1
split_feature=2 4 2 5 51 59 9 63 76 14 63 44 40 45
split_gain=10.1838 24.7362 20.7735 16.4043 14.2564 11.2474 11.8445 14.2832 11.6557 11.5234 11.4771 29.0204 12.308 11.381
threshold=5749.5000000000009 0.00015435171818736716 4453.5000000000009 58752.412141510511 0.22693230007422444 0.033163972549320998 0 0.84873562535286606 0.0029593183131812642 0.84035676549195115 0.0076555026727594217 0.0039237523445758505 0.011406069711073082 0.00047552665764454899
decision_type=2 2 2 2 2 2 9 2 2 2 2 2 2 2
left_child=1 4 -3 -4 5 6 9 13 -7 10 -1 -12 -13 -8
right_child=-2 2 3 -5 -6 8 7 -9 -10 -11 11 12 -14 -15
leaf_value=0.0076238457632250211 0.0084805819590340181 -0.044533718546391418 0.014579892157071618 -0.034850060056582775 -0.019818287320383755 -0.035453750323853089 -0.0051601189449886238 0.037361659943394569 0.0099236372101055414 -0.030489026316665127 -0.032698664062455154 -0.03118379460913508 0.026973554831061734 -0.038119229880091837
leaf_weight=497.39192527486011 226.06112370305345 17.776065003767144 16.517206031421669 8.2306383274262753 23.633185150159989 12.191757275257261 73.708771931225783 5.3190465979278079 7.716572504490613 6.7708820082480079 20.938540272298269 3.1345881231827688 16.776010860659881 9.8980615640466549
leaf_count=3696 1641 304 82 77 675 263 1162 2 22 156 870 129 57 306
internal_value=0.00294051 0.00119173 -0.0207347 -0.00257456 0.00259654 0.00343575 0.00414384 -0.00565261 -0.0182318 0.00574794 0.00636608 -0.00876508 0.0167642 -0.00946652
internal_weight=946.064 720.003 42.5239 24.7478 677.479 653.846 633.938 88.9259 19.9083 545.012 538.241 40.8491 19.9106 83.6068
internal_count=9442 7801 463 159 7338 6663 6378 1470 285 4908 4752 1056 186 1468
cat_boundaries=0 1
cat_threshold=133
is_linear=0
shrinkage=0.03


Tree=283
num_leaves=15
num_cat=1
split_feature=50 87 4 4 5 37 48 76 40 42 5 42 8 6
split_gain=14.6941 16.8287 10.7991 13.4312 12.2175 18.8796 15.6828 11.023 9.77424 11.2222 9.52292 21.3322 19.9361 13.5424
threshold=0.25823278954017526 0.0013506388138944195 0.00044523253478252224 0.00021419456511935088 2062.277272049228 0.0066583541147132181 0.22292662136017388 0.43822346362730719 0.00046222943500970825 0.36631139224378367 8361.8226556015616 0.26189603373312703 2.5000000000000004 0
decision_type=2 2 2 2 2 2 2 2 2 2 2 2 2 9
left_child=2 -2 3 4 5 6 -1 10 9 -5 13 12 -12 -6
right_child=1 -3 -4 8 7 -7 -8 -9 -10 -11 11 -13 -14 -15
leaf_value=-0.034625195749599373 -0.038129020476342985 0.011236099315233165 0.025852934558332943 -0.039296427982328158 -0.014998089107095634 0.023126663694563943 0.018703982982153203 -0.028648851189582061 0.001059689369397591 0.022772378667697664 0.0039876858437975417 -0.039643348378591792 -0.025432449349616883 0.013755790531460839
leaf_weight=24.83629990689224 16.134495700302072 9.1679671686142665 16.130993971251883 16.168135064770471 9.4075141595676524 8.8664822202699707 5.465030263294465 8.5631030772346985 16.023293573351111 2.4186142012476912 624.26526513106364 9.7279709933791292 20.451736889546737 114.46100286953151
leaf_count=924 566 158 68 297 187 38 26 92 81 3 4914 118 593 1249
internal_value=0.00160321 -0.0204952 0.00226355 0.00179193 0.00256671 -0.0135802 -0.0247167 0.00338666 -0.0162526 -0.0304694 0.00377543 0.00232285 0.00301648 0.0113699
internal_weight=902.088 25.3025 876.785 860.654 826.044 39.1678 30.3013 786.877 34.61 18.5867 778.313 654.445 644.717 123.869
internal_count=9314 724 8590 8522 8141 988 950 7153 381 300 7061 5625 5507 1436
cat_boundaries=0 1
cat_threshold=4416
is_linear=0
shrinkage=0.03


Tree=284
num_leaves=15
num_cat=0
split_feature=41 65 12 4 1 4 63 41 2 5 2 4 42 42
split_gain=13.8577 11.1657 10.2979 9.90425 13.0616 22.9201 15.1004 17.9777 12.2553 11.3744 19.6015 24.5666 19.2858 22.2394
threshold=0.11116531165311654 0.46418559013176347 0.066397545779692882 0.00044523253478252224 5.5000000000000009 5.4417988936204077e-05 0.031068805026481235 0.013032341099168671 701.50000000000011 12584.828889278046 3832.5000000000005 0.00015194495005246776 0.031403237507707758 0.004062374372103961
decision_type=2 2 2 2 2 2 2 2 2 2 2 2 2 2
left_child=1 2 3 4 5 8 9 -8 -1 -6 11 12 13 -11
right_child=-2 -3 -4 -5 6 -7 7 -9 -10 10 -12 -13 -14 -15
leaf_value=-0.023200338476000219 -0.034611092522147183 -0.048457974382487237 -0.030510587797414866 0.025266476938876802 0.011602297092637463 -0.027486105224964634 -0.036276201170165112 0.022169927109282155 0.0082392412604711564 -0.0027516515659607595 0.0076236284969841321 -0.047075148493722629 -0.023245242831192853 0.020207741655999301
leaf_weight=12.851553769985911 8.3761892513139156 2.9241414331481783 7.5521978415781623 15.993043702095745 148.46158971387194 34.341901246574707 16.116869073972342 5.7775658458995158 56.521819824323757 214.60253978159744 312.07601816146052 10.012502623489125 31.402466873638332 45.091655760537833
leaf_count=512 335 100 241 68 1502 718 868 73 680 2014 1659 170 326 120
internal_value=0.00168089 0.00205105 0.00226618 0.00257367 0.00213664 -0.00781964 0.00346282 -0.0205586 0.00216808 0.00417939 0.00236623 -0.00308985 -0.00142096 0.0012971
internal_weight=922.102 913.726 910.802 903.25 887.256 103.715 783.541 21.8944 69.3734 761.647 613.185 301.109 291.097 259.694
internal_count=9386 9051 8951 8710 8642 1910 6732 941 1192 5791 4289 2630 2460 2134
is_linear=0
shrinkage=0.03


Tree=285
num_leaves=15
num_cat=0
split_feature=50 44 33 5 21 22 1 21 4 4 58 75 75 0
split_gain=25.0964 13.0618 30.583 15.628 10.652 9.64228 9.53954 8.85314 8.35707 11.2666 10.5405 10.5737 10.898 11.6109
threshold=0.25823278954017526 0.010991092967786406 0.0011018206603076711 89585.3801838371 0.00024483645427942746 0.00087072088259331545 22.500000000000004 0.00014933710513203056 0.00044523253478252224 0.00028053577704369501 0.013760961322645329 0.089188317504242234 0.011454437350942344 27.500000000000004
decision_type=2 2 2 2 2 2 2 2 2 2 2 2 2 2
left_child=1 4 -3 6 7 -2 -4 8 9 10 11 12 13 -1
right_child=5 2 3 -5 -6 -7 -8 -9 -10 -11 -12 -13 -14 -15
leaf_value=0.0048351906785385895 -0.036598927803242053 -0.038476765373586422 -0.0058509197593346876 -0.045343107251197667 -0.035905839432054096 0.019386917313242491 0.021624148728010155 0.039167244451129804 0.025370561202269232 -0.025104309710859019 -0.032968809867211749 -0.025361693184200593 0.01743125607886805 -0.013257844963498822
leaf_weight=698.03939448017627 18.413290344586134 20.986756810481893 19.689058858668432 4.1929103317670515 4.8923839001217848 2.5870974678546181 24.858636410732288 5.6353064253926268 15.682289976044556 10.903962064650839 5.7809389315079889 9.4689374290464894 58.022649319420452 32.503029010840692
leaf_count=6141 711 518 163 42 68 3 60 2 59 137 195 543 327 469
internal_value=0.00253471 0.00329617 -0.00909579 0.0040743 0.00433326 -0.0291342 0.00961895 0.00461135 0.00433001 0.0038944 0.00431848 0.00462951 0.00502131 0.00401318
internal_weight=931.657 910.656 69.7274 48.7406 840.929 21.0004 44.5477 836.037 830.401 814.719 803.815 798.034 788.565 730.542
internal_count=9438 8724 783 265 7941 714 223 7873 7871 7812 7675 7480 6937 6610
is_linear=0
shrinkage=0.03


Tree=286
num_leaves=15
num_cat=0
split_feature=73 2 0 63 42 39 42 37 57 42 4 17 15 65
split_gain=12.4312 18.4452 28.613 17.1938 14.0993 28.2789 20.5251 16.7434 13.6768 13.1098 12.9759 12.4093 12.5826 11.8878
threshold=0.0028040689960194608 2798.0000000000005 21.500000000000004 0.00026971938599493867 0.057767904610009878 0.00161287526115489 0.19391324671269342 0.0013179564845831931 0.016328591226468177 0.054449743466134091 8.2701291532507411e-05 0.72833297137724917 0.11737589820379545 0.46418559013176347
decision_type=2 2 2 2 2 2 2 2 2 2 2 2 2 2
left_child=4 2 -2 -3 8 6 7 -6 9 11 -4 12 13 -1
right_child=1 3 10 -5 5 -7 -8 -9 -10 -11 -12 -13 -14 -15
leaf_value=0.0064252305665493652 -0.032567895060031236 0.01545275392820771 0.0085887862810446539 -0.015993658261396693 -0.041763388232287445 0.022230616402192961 -0.0005037036221166415 0.018234640971847585 -0.03352808234753607 0.037006295454874626 -0.028149863032843298 -0.032575132428975841 -0.046717154472334835 -0.048404340577352739
leaf_weight=650.91434516622394 40.187617978706839 51.598598749493249 41.018542303325376 21.352373605172033 28.131134083610959 21.306096440646797 34.544900048756972 4.3062951453030101 7.01068638783181 11.045493277721105 9.8973123191681207 6.6864916109479955 3.0916490491945288 2.5910606377292416
leaf_count=6008 804 253 576 366 374 27 264 6 105 6 168 280 48 95
internal_value=0.00243576 -0.00504056 -0.0139763 0.00615674 0.00403389 -0.00718886 -0.0167361 -0.0334911 0.00549655 0.00595132 0.00104266 0.00537924 0.0058147 0.00613422
internal_weight=933.683 164.054 91.1035 72.951 769.628 88.2884 66.9823 32.4374 681.34 674.329 50.9159 663.284 656.597 653.505
internal_count=9380 2167 1548 619 7213 671 644 380 6542 6437 744 6431 6151 6103
is_linear=0
shrinkage=0.03


Tree=287
num_leaves=15
num_cat=0
split_feature=48 73 64 57 65 15 72 26 85 74 12 61 79 0
split_gain=14.485 12.2893 12.2022 11.3474 11.3485 10.4156 12.3049 13.5623 24.5533 12.7661 9.23157 9.2019 8.3065 24.0066
threshold=0.24557030627144305 0.12231068931553642 0.1393114423624823 0.12984883566743849 0.46418559013176347 0.11737589820379545 0.379257203548997 0.0021975700266056585 0.036739308498979023 0.79519469158696399 0.052372156263627366 1.0000000180025095e-35 0.0022046701075466618 17.500000000000004
decision_type=2 2 2 2 2 2 2 2 2 2 2 2 2 2
left_child=1 2 3 4 5 6 7 10 9 -9 11 12 -1 -14
right_child=-2 -3 -4 -5 -6 -7 -8 8 -10 -11 -12 -13 13 -15
leaf_value=0.0065760852452239598 -0.025962582114275903 -0.015908139299428647 -0.033336267493536291 -0.030840354673387273 -0.046970966404007344 -0.04653643293754086 0.01956270936956251 -0.025463994078627213 0.017332517886887527 0.012171591988307915 -0.028937589703598457 -0.032779441931075549 0.017671337034128959 -0.012031705012740987
leaf_weight=601.14079744598712 15.617584729567168 31.159472929430194 7.2541368086822322 7.6699381385697043 2.9693662066129027 2.6746383556164792 43.068590156384744 46.43208249649615 22.589245611103252 9.1578656942583603 6.3523711687303139 4.8071665972238398 35.314849622838665 74.261373517394532
leaf_count=5166 175 1137 179 158 112 55 146 624 95 27 218 70 251 1003
internal_value=0.00179554 0.00230844 0.00298328 0.00332943 0.00367413 0.00390719 0.00412216 0.00326758 -0.00852891 -0.0191584 0.00455517 0.00489248 0.00519299 -0.0023856
internal_weight=910.469 894.852 863.692 856.438 848.768 845.799 843.124 800.056 78.1792 55.5899 721.877 715.524 710.717 109.576
internal_count=9416 9241 8104 7925 7767 7655 7600 7454 746 651 6708 6490 6420 1254
is_linear=0
shrinkage=0.03


Tree=288
num_leaves=15
num_cat=1
split_feature=28 2 4 28 28 6 77 28 4 3 76 49 37 3
split_gain=15.6979 11.5085 13.8085 13.2059 20.8639 18.6519 26.1391 17.6119 16.9871 22.3247 16.3576 13.7019 13.0244 12.8469
threshold=0.19878722048170061 8935.5000000000018 0.00023555450913735303 0.015959944061532318 0.01239252745892174 0 0.020492822637594759 0.017026386061404445 2.4664080033200109e-05 619.50000000000011 0.40096021947873806 0.0065708004904824176 0.0012636955803125387 4049.0000000000005
decision_type=2 2 2 2 2 9 2 2 2 2 2 2 2 2
left_child=1 2 3 4 5 8 -7 -5 -1 12 -9 -8 -10 -6
right_child=-2 -3 -4 7 13 6 11 10 9 -11 -12 -13 -14 -15
leaf_value=0.024807950612739854 -0.030315992301887064 0.0094866008123841404 -0.032800696073615139 0.030732345860333059 -0.050054259100828807 -0.034090502573144929 -0.021471973991186017 0.0030277862495250657 -0.032940379083438311 0.0026594024228278616 -0.042141624076057912 0.013086192802516347 0.024708609432440808 0.0015256241351223815
leaf_weight=24.722902546345722 13.95919028460048 114.70060599496355 10.854009970062178 19.474073415287421 12.916916847461836 36.925495954812504 15.449975149473174 362.04713035808527 24.744730655918833 199.39664464490488 6.3642503703013054 26.735736827831715 3.3425197359174481 6.2351330575766033
leaf_count=218 202 884 193 89 283 1414 271 2872 1002 1748 71 82 3 70
internal_value=0.000153596 0.00068041 -0.000678626 -0.000162699 -0.00437703 -0.00256632 -0.0142397 0.00364659 0.00163493 -0.000909509 0.00213553 0.000225578 -0.0254663 -0.0340195
internal_weight=877.869 863.91 749.21 738.356 350.47 331.318 79.1112 387.885 252.207 227.484 368.411 42.1857 28.0873 19.152
internal_count=9402 9200 8316 8123 5091 4738 1767 3032 2971 2753 2943 353 1005 353
cat_boundaries=0 1
cat_threshold=1306
is_linear=0
shrinkage=0.03


Tree=289
num_leaves=15
num_cat=1
split_feature=33 40 75 40 3 57 41 75 2 2 26 24 70 6
split_gain=9.99743 19.7523 14.4291 21.12 12.8058 15.5504 15.969 11.3984 10.7644 21.7491 24.1275 16.8996 16.6249 15.5165
threshold=0.015168909607295651 0.0050481344778458143 0.0035813394897626048 0.00049035935188304234 1047.5000000000002 0.0040232065269621611 0.008603621899235336 0.011454437350942344 1567.5000000000002 1019.5000000000001 0.74066356603426053 0.0063275724009075147 0.2261719678196816 0
decision_type=2 2 2 2 2 2 2 2 2 2 2 2 2 9
left_child=2 -2 8 4 7 -6 -7 -4 9 13 11 -11 -10 -1
right_child=1 -3 3 -5 5 6 -8 -9 12 10 -12 -13 -14 -15
leaf_value=0.013568707074361371 -0.031202980841988068 0.018226244949102452 -0.034484183249234794 -0.036845441199378763 -0.039491458588380844 0.030456938772235164 -0.026061687689536712 0.024185882464160154 0.0034482741325451514 -0.030983298759516536 0.036350591984474982 0.028120091282179783 -0.038059530676367075 -0.0081587072057206535
leaf_weight=46.330378349521197 7.4253512844443312 55.626516679301858 2.6247804496670168 22.000598281592829 11.906575583008818 8.7015683650970477 7.4108308060676782 18.120928455406101 573.93395006605715 50.241843887139112 5.2951560332439831 3.989949944196268 7.8223918217699966 51.298127877817024
leaf_count=643 118 179 40 657 423 4 43 141 4900 1133 5 11 142 924
internal_value=0.000599333 0.0120089 -0.000302881 -0.013146 -0.00192829 -0.0149357 0.00445756 0.0155184 0.000943207 -0.00599956 -0.0201314 -0.0262045 0.0028258 0.00273376
internal_weight=872.729 63.0519 809.677 70.7653 48.7647 28.019 16.1124 20.7457 738.912 157.155 59.5269 54.2318 581.756 97.6285
internal_count=9363 297 9066 1308 651 470 47 181 7758 2716 1149 1144 5042 1567
cat_boundaries=0 1
cat_threshold=404
is_linear=0
shrinkage=0.03


Tree=290
num_leaves=15
num_cat=0
split_feature=17 64 75 15 50 0 49 79 46 46 2 2 4 2
split_gain=11.9301 11.6737 11.6633 10.2783 10.052 27.8226 10.3283 10.5173 9.21724 12.9142 12.1379 9.37964 13.874 32.7934
threshold=0.72833297137724917 0.060318518656960508 0.13517474374332314 0.11737589820379545 0.24439793793794057 16.500000000000004 0.74836892052194559 0.083235892202222703 0.61611578709307857 0.57689173165915297 27749.000000000004 9229.0000000000018 8.2015718463626964e-05 2413.5000000000005
decision_type=2 2 2 2 2 2 2 2 2 2 2 2 2 2
left_child=1 2 3 4 6 -6 7 8 9 10 11 12 -1 -14
right_child=-2 -3 -4 -5 5 -7 -8 -9 -10 -11 -12 -13 13 -15
leaf_value=0.0070609080754036714 -0.03320676433813647 -0.022296438978314875 -0.03474509292548781 -0.046369461482825121 0.026191808360849569 -0.032740833934311528 -0.031453123627550247 -0.020835018221083149 -0.032973331833727637 0.03621863662422508 -0.031457138516900546 0.014293049604885283 -0.030941103276089902 0.0021091370601884823
leaf_weight=441.70506816568377 7.5670741385547435 15.956297155003993 6.3760254814405917 2.7605557532515368 9.9474652031785826 20.546770352986641 6.3553320644423357 13.774604939913841 4.812992301885969 10.766160551924257 7.3673155750730066 84.575655724271201 29.337628815235803 246.22729705863458
leaf_count=4062 312 240 541 52 94 664 242 480 90 6 204 407 519 1436
internal_value=0.00203718 0.00236985 0.00283947 0.00315157 0.00336046 -0.0132953 0.00397659 0.00428225 0.00472645 0.00498762 0.00452792 0.00489732 0.00377108 -0.00150866
internal_weight=908.076 900.509 884.553 878.177 875.416 30.4942 844.922 838.567 824.792 819.979 809.213 801.846 717.27 275.565
internal_count=9349 9037 8797 8256 8204 758 7446 7204 6724 6634 6628 6424 6017 1955
is_linear=0
shrinkage=0.03


Tree=291
num_leaves=15
num_cat=0
split_feature=1 3 3 55 75 2 38 80 0 65 65 41 65 2
split_gain=13.4626 19.2033 17.3558 17.2373 16.3368 12.4909 11.2852 22.5525 13.5018 16.2973 13.8738 11.2321 10.1986 11.5914
threshold=54.500000000000007 12795.500000000002 7407.0000000000009 0.0013213837018227887 0.00040478513208890102 10711.000000000002 0.12988728986245546 0.033072151485471768 27.500000000000004 0.0013940532486882169 0.27664090743794506 0.080346545221660862 0.16244542630529443 3503.5000000000005
decision_type=2 2 2 2 2 2 2 2 2 2 2 2 2 2
left_child=1 2 6 4 -2 -6 8 -8 10 -10 11 12 -1 -14
right_child=3 -3 -4 -5 5 -7 7 -9 9 -11 -12 -13 13 -15
leaf_value=0.0025223622544032313 -0.032933205385381407 -0.033692331117621148 0.017801893345911257 0.033727833025307519 -0.021214006406132867 0.025061327658825787 0.030158177170277505 -0.03178827965498443 -0.032916655293174966 0.010036154510734566 -0.032203255616547119 -0.024512157801741992 0.032531226740125339 -0.0095807492080344555
leaf_weight=666.92831946689694 27.774524152220692 11.728218593634663 68.562944494449766 5.4823481899511526 9.1963442949054315 9.8355206333217193 27.54215902776923 5.6311063695466137 20.507062321121339 12.00996142439544 9.3696492487215419 12.351487969572188 19.821533367270607 7.6669103931635609
leaf_count=6688 452 300 393 24 99 20 107 138 485 89 154 345 58 67
internal_value=0.00199499 0.00289646 0.00344005 -0.0126435 -0.0186668 0.00275797 0.00215945 0.0190204 0.00138796 -0.0172262 0.002256 0.00275768 0.00327727 0.0208616
internal_weight=914.408 862.119 850.391 52.2887 46.8064 19.0319 781.828 33.1733 748.655 32.517 716.138 706.768 694.417 27.4884
internal_count=9419 8824 8524 595 571 119 8131 245 7886 574 7312 7158 6813 125
is_linear=0
shrinkage=0.03


Tree=292
num_leaves=15
num_cat=0
split_feature=0 76 59 12 15 72 36 5 14 3 0 4 4 0
split_gain=13.9109 11.7142 11.0507 10.5971 10.4595 9.65651 9.01219 8.68445 33.5285 33.0396 16.936 15.5758 24.0992 15.347
threshold=29.500000000000004 0.30276400455023061 0.12827127573699565 0.052372156263627366 0.11737589820379545 0.01474328349820144 0.89135109864422635 22866.276438598168 0.086154103382711039 1890.5000000000002 14.500000000000002 7.9391156644836601e-05 0.00017854814814482038 24.500000000000004
decision_type=2 2 2 2 2 2 2 2 2 2 2 2 2 2
left_child=1 2 3 4 6 -3 7 8 11 10 -9 -1 -13 -11
right_child=-2 5 -4 -5 -6 -7 -8 9 -10 13 -12 12 -14 -15
leaf_value=0.013048039924463749 -0.032680236901760716 -0.036731938945894195 -0.030124689532948671 -0.030159123925353373 -0.045728540202286887 0.017731783522702067 -0.028528755864742798 0.020429830298695387 -0.035169277748261667 0.0017092517623706666 -0.022749423784633495 -0.012908841765220339 0.023515656742291495 0.014474551759025418
leaf_weight=305.34903617572854 8.6829980669717752 10.267959977150893 7.516787373693659 7.0051308235269962 2.7173373742843969 3.277043964713811 6.2830027886666349 8.6724799239891563 14.40090072917519 284.01901472758618 58.907412299246062 53.890819244377781 22.288061432016548 120.01976394551457
leaf_count=3337 228 152 216 225 62 8 153 31 331 2168 951 770 154 550
internal_value=0.00310407 0.00348325 0.0039151 0.00423842 0.00454737 -0.023242 0.0047558 0.00502943 0.00830041 0.00227165 -0.0169912 0.0100288 -0.00208532 0.00552756
internal_weight=913.298 904.615 891.07 883.553 876.548 13.545 873.83 867.547 395.929 471.619 67.5799 381.528 76.1789 404.039
internal_count=9336 9108 8948 8732 8507 160 8445 8292 4592 3700 982 4261 924 2718
is_linear=0
shrinkage=0.03


Tree=293
num_leaves=15
num_cat=1
split_feature=51 5 6 4 2 0 36 27 72 26 41 5 42 79
split_gain=11.6451 9.56162 23.0556 31.3037 20.2628 16.0498 25.2023 24.3064 26.885 18.5747 14.0256 13.4031 13.3654 12.1708
threshold=0.36545518207282918 8361.8226556015616 0 2.4664080033200109e-05 793.50000000000011 22.500000000000004 0.6107409814754633 0.00068516623320532936 0.013701327599176111 0.0023233406444717543 0.012213124029173655 53115.421902993003 0.030897868751633431 0.029812239955196794
decision_type=2 2 9 2 2 2 2 2 2 2 2 2 2 2
left_child=1 2 4 -4 -1 7 9 8 10 12 -3 -12 13 -7
right_child=-2 5 3 -5 -6 6 -8 -9 -10 -11 11 -13 -14 -15
leaf_value=-0.023258999217777906 -0.030862301501929992 -0.019114567404372691 0.018953666831917272 -0.02819140043444298 0.018854422438454768 0.012864567156995649 -0.035694972278516778 0.0083524397608375038 0.0037677891601935148 -0.020840259546883351 -0.028700523942815599 0.026752044852590071 -0.0051448478570366744 -0.026584099217217966
leaf_weight=10.332946302369235 8.3393093103659321 138.84832225646824 20.180992690788116 30.815383344626753 128.07243729033507 259.42342319351155 11.674653551075606 114.43773290002719 101.53058333054651 18.772957512599532 4.7726344156544682 11.534781998023389 48.908965930750128 6.3289405081450232
leaf_count=295 579 2705 205 1087 929 1545 137 300 543 233 205 60 288 237
internal_value=0.00247815 0.00281886 0.00879472 -0.0079918 0.0145242 0.00122854 0.00587714 -0.00309839 -0.00821609 0.0074351 -0.016032 0.00980235 0.00918271 0.011829
internal_weight=913.974 905.635 189.402 50.9964 138.405 716.233 345.109 371.124 256.686 333.434 155.156 16.3074 314.661 265.752
internal_count=9348 8769 2516 1292 1224 6253 2440 3813 3513 2303 2970 265 2070 1782
cat_boundaries=0 1
cat_threshold=1196
is_linear=0
shrinkage=0.03


Tree=294
num_leaves=15
num_cat=1
split_feature=4 4 73 0 3 0 4 3 1 70 14 70 6 72
split_gain=9.75203 16.5573 18.5873 14.323 13.8904 22.1027 17.6175 14.8016 13.2768 13.1604 11.8428 11.9387 19.1145 11.7864
threshold=7.9391156644836601e-05 8.4447883371252733e-05 0.004398860000621254 27.500000000000004 2702.5000000000005 25.500000000000004 0.00012135352597599795 792.50000000000011 53.500000000000007 0.090159737089561667 0.80040788579197841 0.016236301326872624 0 0.0032693115423765473
decision_type=2 2 2 2 2 2 2 2 2 2 2 2 9 2
left_child=8 2 -2 4 5 6 7 -3 -1 10 11 12 -6 -5
right_child=1 3 -4 13 9 -7 -8 -9 -10 -11 -12 -13 -14 -15
leaf_value=0.0055899275444180295 -0.049033924801736239 -0.038942274023066194 0.0097247158669179264 -0.0387904618471736 0.0070861466643342081 0.013690625082827616 -0.038294089156633404 0.00082001151908161877 -0.026902099056963683 -0.029405918530946411 0.034011350869660922 0.018148716276059906 -0.013618814970588134 0.0064992714945365905
leaf_weight=499.7064696874877 12.160746362234933 9.3800633394857851 7.2150038138206574 13.854640637640843 132.82504685045569 30.58578362344997 21.820825086906552 44.544974447329878 10.603492052032378 8.4467526350636017 12.551905960310249 48.266392034594901 44.835308426321717 7.5431545429164535
leaf_count=5812 224 188 70 263 668 170 419 372 229 71 11 122 694 42
internal_value=0.0021299 -0.00141375 -0.0277504 1.85305e-05 0.00148947 -0.00753132 -0.0161674 -0.00667957 0.0048635 0.00538874 0.00673878 0.00508039 0.0014483 -0.0232476
internal_weight=904.341 394.031 19.3758 374.655 353.257 106.332 75.7459 53.925 510.31 246.925 238.479 225.927 177.66 21.3978
internal_count=9355 3314 294 3020 2715 1149 979 560 6041 1566 1495 1484 1362 305
cat_boundaries=0 1
cat_threshold=4250
is_linear=0
shrinkage=0.03


Tree=295
num_leaves=15
num_cat=0
split_feature=50 28 27 22 58 48 74 80 72 14 41 72 65 65
split_gain=14.1031 19.8698 17.5005 14.745 17.5387 19.7478 21.1136 13.6403 12.969 15.3761 16.1228 19.8387 14.9913 16.8758
threshold=0.028137039525997193 0.0016494870605392362 0.0014883725566806885 0.0055152547636187549 0.0014859954944272133 0.087251845775225614 0.9956553091478092 0.3830797302382698 0.0026533028092260683 0.41267091202306933 0.038584154737868935 0.0012871400584549076 0.14790937864401135 0.26640138153479781
decision_type=2 2 2 2 2 2 2 2 2 2 2 2 2 2
left_child=1 2 3 4 5 6 -1 8 9 10 11 12 -3 -14
right_child=-2 7 -4 -5 -6 -7 -8 -9 -10 -11 -12 -13 13 -15
leaf_value=-0.035985978025106273 0.0087269031644413003 -0.0083933426752324392 0.026775738415619858 0.025609052227466539 0.011231523419731279 -0.0014417502470424673 0.02908854373870547 0.027710336856084674 0.0063685562683731189 0.028985927938595505 0.012387160139381332 -0.054511141086259533 0.023890065025405756 -0.018144718170197589
leaf_weight=60.008959060476627 184.49628446617862 230.32379432079324 9.0751663260161859 6.8279764860635614 15.86837793746963 28.517474616062827 4.1122828302904955 16.682418677955866 232.7584339263849 12.137424051761625 44.748158901827992 6.6550736354547544 27.734016190399416 11.413886440219356
leaf_count=2049 1213 3547 15 33 199 185 6 15 1259 8 473 92 129 177
internal_value=0.0013646 -0.000566629 -0.0113996 -0.0146077 -0.0173492 -0.0223125 -0.03143 0.00176282 0.000950187 -0.0028447 -0.00413504 -0.00684761 -0.00547329 0.0114878
internal_weight=891.36 706.863 124.41 115.335 108.507 92.6387 64.1212 582.453 565.771 333.012 320.875 276.127 269.472 39.1479
internal_count=9400 8187 2487 2472 2439 2240 2055 5700 5685 4426 4418 3945 3853 306
is_linear=0
shrinkage=0.03


Tree=296
num_leaves=15
num_cat=0
split_feature=76 76 76 37 79 73 41 12 38 80 38 80 80 57
split_gain=13.4432 13.0976 13.5256 26.9337 16.9132 13.0657 12.3173 12.5119 10.469 21.8802 16.8693 14.9421 23.6981 15.4537
threshold=0.40096021947873806 0.0037712145633829529 0.05407613520875601 0.0018336031415425635 0.026501554708500141 0.21359828868361294 0.035190329431384205 0.0065641800552267678 0.006418885966446475 0.076498967892120628 0.0014547581639148869 0.30999092914871146 0.0010730869021907603 0.0013989354509245384
decision_type=2 2 2 2 2 2 2 2 2 2 2 2 2 2
left_child=1 5 4 6 -3 8 7 -4 10 -10 11 12 13 -1
right_child=-2 2 3 -5 -6 -7 -8 -9 9 -11 -12 -13 -14 -15
leaf_value=-0.00046638317113833968 -0.033643435126638033 0.015437437479315804 -0.043241420303337198 0.012980202336867438 -0.024710423821141782 -0.027102723337964867 0.0082622472874795874 0.0071326883634968089 0.020112019985232273 -0.0092743951727119935 -0.033908477395131364 0.01832937691204433 -0.039580382499333884 -0.03662338403137845
leaf_weight=461.68668921822973 9.1751209753565472 134.91373066208325 19.880045959202111 41.955409741727635 9.2638629633584042 15.964072419257716 8.3380357705755141 5.3088245249819002 57.700595016707666 36.524143597926013 13.55730544705875 32.15875219902955 14.022203452768734 9.8905007987050322
leaf_count=6107 117 393 212 158 113 896 62 27 270 356 155 157 211 120
internal_value=0.000639007 0.00104286 0.00734784 -0.00291781 0.0127054 -0.00112413 -0.0226122 -0.0327576 -0.000418942 0.00874325 -0.00205716 -0.00115939 -0.00248504 -0.00130061
internal_weight=870.339 861.164 219.66 75.4823 144.178 641.504 33.5269 25.1889 625.54 94.2247 531.315 517.758 485.599 471.577
internal_count=9354 9237 965 459 506 8272 301 239 7376 626 6750 6595 6438 6227
is_linear=0
shrinkage=0.03


Tree=297
num_leaves=15
num_cat=2
split_feature=1 55 3 3 42 1 5 41 6 71 65 65 9 2
split_gain=14.9622 18.3487 16.233 21.0945 12.2171 10.8294 10.3112 10.1522 10.1764 12.68 12.0597 13.0376 14.3596 16.3203
threshold=54.500000000000007 0.0013213837018227887 12276.000000000002 8089.0000000000009 0.028861657116567598 50.500000000000007 210176.74904372919 0.11116531165311654 0 0.02191011927475044 0.35662290512158562 0.16244542630529443 1 1349.5000000000002
decision_type=2 2 2 2 2 2 2 2 9 2 2 2 9 2
left_child=2 4 3 5 -2 7 -6 8 10 -10 11 12 13 -1
right_child=1 -3 -4 -5 6 -7 -8 -9 9 -11 -12 -13 -14 -15
leaf_value=-0.029864958014015335 -0.033083260096515903 0.033267295662757011 -0.032657415914646166 0.020166272741639599 -0.034016774710761415 -0.038468385390189132 0.017416836863835872 -0.03262839910844402 -0.0018687778205709995 -0.032334561241824059 -0.045938061251523062 0.027352142478111852 0.0064623465564949108 -0.0006819609531298241
leaf_weight=19.510093116405187 28.144976369541837 5.277545291784917 11.09282387618441 54.78022172107012 4.1761996839195481 5.1921953729179213 9.887600302230565 6.8245416854770147 217.00398815516382 12.045796569553202 3.3057873756624749 20.579120172187686 361.68318845905014 108.7179065606324
leaf_count=451 493 20 298 280 47 62 22 307 3483 702 30 52 2093 1023
internal_value=0.000896071 -0.0152997 0.00185061 0.0023631 -0.0220016 0.00104616 0.000899503 0.00137071 0.00172651 -0.00345441 0.00402725 0.00451873 0.00350583 -0.00493691
internal_weight=868.222 47.4863 820.736 809.643 42.2088 754.863 14.0638 749.67 742.846 229.05 513.796 510.49 489.911 128.228
internal_count=9363 582 8781 8483 562 8203 69 8141 7834 4185 3649 3619 3567 1474
cat_boundaries=0 1 2
cat_threshold=5452 12
is_linear=0
shrinkage=0.03


Tree=298
num_leaves=15
num_cat=1
split_feature=14 59 42 27 27 4 83 49 15 4 1 27 75 6
split_gain=11.1926 10.8172 10.1217 16.5183 28.5701 16.5018 10.2759 10.0571 9.89455 10.1587 9.38091 12.4239 9.19443 22.4972
threshold=0.86765721025929732 0.12827127573699565 0.057767904610009878 0.00082555264554033962 0.0019329326363542283 0.00016253554484811563 0.0012739039557557741 0.04009815826755718 0.094171431602799491 0.00044523253478252224 59.500000000000007 0.010945039176495072 0.00019100376812438062 0
decision_type=2 2 2 2 2 2 2 2 2 2 2 2 2 9
left_child=1 2 6 7 -5 -6 8 -4 9 10 12 -12 -1 -14
right_child=-2 -3 3 4 5 -7 -8 -9 -10 -11 11 -13 13 -15
leaf_value=0.0055547118363327179 -0.030015176882014431 -0.03096502127887622 -0.036916288355257523 0.019706799350409653 -0.047379359419850713 0.0026563276227778185 -0.023368653093396967 0.00024300709555864571 -0.045748133072294035 0.029110406073371987 -0.022473240049868962 0.026835609578004443 0.012842810721034898 -0.013462990835142789
leaf_weight=611.38119747338351 9.0283266587648523 7.943509083474054 19.967004896258008 32.984464100562036 11.268036698922517 11.291714010760186 11.814457352855241 9.5176471825106983 2.6255256384611121 13.212340389640302 22.991398001206111 4.7978636398911467 37.0784253415477 66.558403117960552
leaf_count=6040 196 226 417 62 72 33 161 88 61 63 389 3 142 1420
internal_value=0.00150144 0.00186533 0.00220597 -0.0075596 0.00214211 -0.0232855 0.00329211 -0.0253068 0.00373752 0.00396958 0.00348386 -0.0133236 0.00415478 -0.00407797
internal_weight=872.46 863.432 855.488 85.0289 55.5442 22.5598 770.46 29.4847 758.645 756.02 742.807 27.7893 715.018 103.637
internal_count=9373 9177 8951 672 167 105 8279 505 8118 8057 7994 392 7602 1562
cat_boundaries=0 1
cat_threshold=66
is_linear=0
shrinkage=0.03


Tree=299
num_leaves=15
num_cat=0
split_feature=51 80 28 16 80 77 0 5 5 51 8 0 42 48
split_gain=14.1975 13.7866 12.7333 10.6543 9.80235 17.9661 21.2277 19.7403 20.8654 16.3048 13.1333 12.822 12.4448 12.1077
threshold=0.34357390497699519 0.48333681700904668 0.021228519961776802 0.00052509134300968196 0.22051076980800469 0.037844346354040902 19.500000000000004 5131.4925933578015 8653.6805103338156 0.12973506448552904 2.5000000000000004 23.500000000000004 0.26189603373312703 0.23657672515155684
decision_type=2 2 2 2 2 2 2 2 2 2 2 2 2 2
left_child=1 3 -3 4 5 7 9 -1 11 -7 12 -9 13 -10
right_child=-2 2 -4 -5 -6 6 -8 8 10 -11 -12 -13 -14 -15
leaf_value=-0.012933049196796522 -0.032073749111596328 -0.031510234427941472 0.023574824167428038 -0.031089951007542534 0.016663221470393424 -0.018914769865360153 -0.033881518356880108 0.023274894127316193 0.0045592147630171935 0.024636177982871658 -0.02081641253349515 -0.026893390139598562 -0.03469054203879339 -0.035664955789882283
leaf_weight=62.239282502327114 10.364409793255616 18.235107604879889 3.9205824732780448 7.5209641238616305 41.576305112335831 14.376204112602865 25.670120831346139 65.854666719096713 579.86166677715664 14.592300529358907 19.504838643202675 4.1036049575195639 6.5484380263369522 5.8245176501804954
leaf_count=1564 627 263 3 365 170 154 348 526 4503 39 595 115 92 64
internal_value=0.00124456 0.00167794 -0.0211655 0.00229924 0.00263474 0.00188445 -0.0145641 0.00311045 0.00459202 0.00311318 0.00280083 0.0199946 0.00361243 0.00409909
internal_weight=880.193 869.829 22.1557 847.673 840.152 798.576 54.6386 743.937 681.698 28.9685 611.739 69.9583 592.235 585.686
internal_count=9428 8801 266 8535 8170 8000 541 7459 5895 193 5254 641 4659 4567
is_linear=0
shrinkage=0.03


Tree=300
num_leaves=15
num_cat=0
split_feature=57 51 48 51 1 51 50 50 50 27 49 77 49 36
split_gain=14.8785 11.2196 11.3602 10.7225 11.983 11.3978 23.5185 16.9779 10.5129 14.5266 10.8676 9.7473 14.7244 10.2813
threshold=0.10653543545361013 0.36545518207282918 0.24557030627144305 0.30535413998843336 22.500000000000004 0.20845662485973637 0.2352122717310676 0.24439793793794057 0.028137039525997193 0.0046311827319041893 0.71174501537003521 0.037271655779049818 0.017542562511952197 0.11658579662726724
decision_type=2 2 2 2 2 2 2 2 2 2 2 2 2 2
left_child=1 2 3 5 -5 7 -7 8 9 10 11 -1 -13 -14
right_child=-2 -3 -4 4 -6 6 -8 -9 -10 -11 -12 12 13 -15
leaf_value=0.0032780919747843807 -0.032815398288627548 -0.03103416935985617 -0.024096375542853266 -0.028127785592908988 0.026128273995191062 -0.04691866326649656 0.0092570375364020418 -0.037068052382065494 0.011842129805638851 -0.031164843888101649 -0.034472074702235588 -0.037651380957832048 0.019739915995281996 -0.028846655280420842
leaf_weight=624.93631534528686 10.475837095757013 8.3969313556735852 13.838117715669794 3.3718486733268973 27.403305877349339 11.799589200527409 13.521588114439508 8.7094765965593961 100.80103413038887 11.043088410049675 6.2429356830252791 12.385893500875683 11.42719199776184 4.7441082894802085
leaf_count=6779 195 574 175 82 117 98 78 332 266 72 242 275 51 39
internal_value=0.00112104 0.00157278 0.00193089 0.00238978 0.0194856 0.00171335 -0.0177087 0.00236548 0.002858 0.00149229 0.00208527 0.00248664 -0.0143581 0.00463642
internal_weight=869.097 858.621 850.224 836.386 30.7752 805.611 25.3212 780.29 771.581 670.78 659.736 653.494 28.5572 16.1713
internal_count=9375 9180 8606 8431 199 8232 176 8056 7724 7458 7386 7144 365 90
is_linear=0
shrinkage=0.03


Tree=301
num_leaves=15
num_cat=0
split_feature=77 75 0 48 48 48 36 0 2 28 5 88 49 5
split_gain=14.426 14.1264 11.011 10.4034 10.3527 11.7633 16.27 9.27385 8.72838 14.7285 8.62478 9.29573 11.3684 23.6462
threshold=0.097547904739497579 0.1129589035934485 29.500000000000004 0.23657672515155684 0.099021214959755771 0.045038375574579355 0.10783316254809704 22.500000000000004 1787.5000000000002 0.10311652072027629 193560.91817608211 0.00025209606086400892 0.18821790377071751 101926.07761132518
decision_type=2 2 2 2 2 2 2 2 2 2 2 2 2 2
left_child=1 2 3 4 5 10 7 -7 9 -6 11 12 -1 -14
right_child=-2 -3 -4 -5 8 6 -8 -9 -10 -11 -12 -13 13 -15
leaf_value=0.0044144661573521119 -0.034591556789367921 -0.033722652969146484 -0.029939260373798592 -0.021018708474841781 -0.039069736973731929 0.0099312193567352644 -0.051019508485029362 -0.039193546801624651 0.017807031426191566 0.029768373195135707 -0.019257917803472746 0.027266124134971911 -0.023400006091089613 0.017574188114652212
leaf_weight=657.92426909819187 8.5238780824001861 8.5708859243895841 8.0842751620220934 14.596582644095177 5.8535890068160352 14.83815559581854 7.5549912285059682 3.4253309103660277 68.47389611043036 3.8024976253509521 13.904150530463083 13.917217752954455 36.585107475228142 18.252206448407378
leaf_count=6832 255 630 215 164 70 75 54 38 130 1 127 85 623 46
internal_value=0.00214057 0.00253712 0.00293391 0.00327769 0.00372199 0.00265146 -0.0168773 -0.000838489 0.0140569 -0.0117121 0.00335412 0.00381265 0.00331714 -0.00969155
internal_weight=884.307 875.783 867.212 859.128 844.531 766.401 25.8185 18.2635 78.13 9.65609 740.583 726.679 712.762 54.8373
internal_count=9345 9090 8460 8245 8081 7880 167 113 201 71 7713 7586 7501 669
is_linear=0
shrinkage=0.03


Tree=302
num_leaves=15
num_cat=0
split_feature=14 64 4 4 4 2 42 25 37 28 38 42 5 48
split_gain=9.50593 9.41081 9.06757 14.5765 13.5091 28.7929 19.1791 18.2011 15.8105 14.5673 16.4162 14.3358 14.3004 13.7553
threshold=0.91343742258877703 0.14458537563985888 2.4664080033200109e-05 3.2966651537981995e-05 3.7410171832013932e-05 955.50000000000011 0.057767904610009878 0.00031743412070698191 0.00026281237979614469 0.031839899926168473 0.023317699791798364 0.056171624873343012 5434.470665737269 0.15639133109012629
decision_type=2 2 2 2 2 2 2 2 2 2 2 2 2 2
left_child=1 2 -1 -4 12 -6 7 9 -8 10 11 13 -5 -7
right_child=-2 -3 3 4 5 6 8 -9 -10 -11 -12 -13 -14 -15
leaf_value=0.014428231678134285 -0.030257844442823804 -0.032586696703757738 -0.020856106867781051 -0.030401364652654621 -0.038539640590882426 -0.0024765747887375805 -0.023673732331592447 -0.020223961745901155 0.014552483557077472 0.0090135291686016736 0.022122245469451254 0.036706942003708103 0.020195930383825049 -0.042719248797888972
leaf_weight=36.056833673472283 8.7044092048890871 7.0908966357819727 30.186377896025078 4.7428084447456049 16.929969152668491 340.88027490914101 47.873508754360955 31.807374961106689 11.437170103192328 211.99790155072697 25.229971131193452 7.2192615792155257 45.599441351310816 6.8265392353059715
leaf_count=431 192 187 939 212 571 4131 462 333 21 1397 112 3 324 96
internal_value=-0.000739293 -0.000391121 -7.21112e-05 -0.000759387 7.55647e-05 -0.00101218 -2.7365e-05 0.00153178 -0.0161833 0.00273251 -0.000784629 -0.00247055 0.0149298 -0.0033869
internal_weight=832.583 823.878 816.787 780.731 750.544 700.202 683.272 623.961 59.3107 592.154 380.156 354.926 50.3422 347.707
internal_count=9411 9219 9032 8601 7662 7126 6555 6072 483 5739 4342 4230 536 4227
is_linear=0
shrinkage=0.03


Tree=303
num_leaves=15
num_cat=0
split_feature=63 39 65 28 76 39 74 37 37 82 72 74 24 64
split_gain=10.6053 16.1678 26.2284 10.7989 13.5865 10.5625 10.0497 9.91286 9.62746 9.23388 11.9647 13.6465 15.592 10.6784
threshold=0.0018861254274520967 0.044769438394420026 0.028033310008686422 0.0047739027493780197 0.049947694279154069 0.024070098164239214 0.004893347468049954 0.010095145803194485 0.016842581434807904 0.0011958417872009193 0.00079782223489515975 0.0020756119747270779 0.0063275724009075147 0.35347347347347352
decision_type=2 2 2 2 2 2 2 2 2 2 2 2 2 2
left_child=5 2 7 -4 6 9 -5 -2 -9 10 11 13 -13 -1
right_child=1 -3 3 4 -6 -7 -8 8 -10 -11 -12 12 -14 -15
leaf_value=0.0021217032656626737 -0.034587707960835073 0.019677138883081428 0.026199285019581672 -0.029692534380668514 0.017747189803274423 -0.033192505158857806 0.014898989520764417 0.022921032255903809 -0.040407811755908206 -0.02018426778815376 0.010383022493314423 -0.041389606645139 0.022997819983861332 0.036017651214611618
leaf_weight=518.14655743000912 35.974407627072651 16.894187627767678 12.791994951490777 17.223810042138215 13.859165406087412 6.0543305991450316 5.3720548456767565 5.5772230472939546 2.2200395230320282 13.311206645099444 201.65087283600587 11.720218941918572 3.8793286047875872 7.5081193251535288
leaf_count=5614 1352 285 50 330 42 181 26 21 67 178 928 257 4 56
internal_value=0.00211585 -0.00655683 -0.0114801 0.00355991 -0.00487159 0.00337333 -0.018909 -0.028103 0.00234641 0.00370953 0.00416421 0.00183244 -0.0249568 0.00267332
internal_weight=872.184 109.913 93.0187 49.247 36.455 762.271 22.5959 43.7717 7.79726 756.216 742.905 541.254 15.5995 525.655
internal_count=9391 2173 1888 448 398 7218 356 1440 88 7037 6859 5931 261 5670
is_linear=0
shrinkage=0.03


Tree=304
num_leaves=15
num_cat=1
split_feature=65 33 17 65 2 0 27 14 0 6 77 4 1 25
split_gain=9.7045 9.9113 13.7076 11.285 11.9543 14.554 14.2254 26.7259 15.6747 27.7663 22.4671 18.4204 23.011 16.3207
threshold=0.24930529243529906 0.00060307890907759548 0.38429315408605086 0.20020448428209009 15891.500000000002 17.500000000000004 0.00069590264917595841 0.14020817145817149 25.500000000000004 0 0.018064272391107885 8.1261855995100695e-05 12.500000000000002 0.0042439531622223943
decision_type=2 2 2 2 2 2 2 2 2 9 2 2 2 2
left_child=1 3 -3 4 6 -6 7 8 9 11 13 -1 -13 -11
right_child=-2 2 -4 -5 5 -7 -8 -9 -10 10 -12 12 -14 -15
leaf_value=0.0073173602497145643 -0.022369690748662342 0.010318568600939359 -0.036878332585664475 0.02722947874441816 -0.028567943403224216 0.02043316793110013 0.0044194056424974463 -0.033571496756956518 0.0074674506574716297 -0.031504288262718748 -0.0024420686803438294 -0.045749355785269986 -0.0032153797999987569 0.009141411775229636
leaf_weight=135.63177686947165 16.762495457485784 112.54747444298118 4.8543614591471842 11.252592532429842 5.48663998953998 36.474624168244191 176.10789131978527 27.792731694178656 89.00889467302477 76.193333029339556 55.708770613127854 13.058032146363983 62.626141436485341 9.6050760518410225
leaf_count=1224 239 538 57 38 197 192 522 484 1120 3358 633 217 426 126
internal_value=-0.00043246 4.48062e-05 0.00807207 -0.00131314 -0.00181903 0.0135102 -0.00283451 -0.00555832 -0.00372437 -0.00656092 -0.0162187 0.000683963 -0.0110548 -0.0269011
internal_weight=833.111 816.348 117.402 698.947 687.694 41.9613 645.733 469.625 441.832 352.823 141.507 211.316 75.6842 85.7984
internal_count=9371 9132 595 8537 8499 389 8110 7588 7104 5984 4117 1867 643 3484
cat_boundaries=0 1
cat_threshold=1304
is_linear=0
shrinkage=0.03


Tree=305
num_leaves=15
num_cat=0
split_feature=79 41 71 2 79 28 72 12 0 70 27 8 81 3
split_gain=14.2438 17.961 16.1728 23.1253 11.0401 10.9132 13.5892 9.96448 8.89984 19.703 22.7558 18.3612 17.9446 17.6327
threshold=0.0015221987423870754 0.013032341099168671 0.064341895290182666 7912.5000000000009 0.011173285441386177 0.1885760466176504 0.0072967141126589951 0.023570501623911843 21.500000000000004 0.046794725453772189 0.00068516623320532936 2.5000000000000004 0.0019543854330899371 950.50000000000011
decision_type=2 2 2 2 2 2 2 2 2 2 2 2 2 2
left_child=5 2 3 -2 -3 7 -7 8 9 10 -1 -10 -13 -12
right_child=1 4 -4 -5 -6 6 -8 -9 11 -11 13 12 -14 -15
leaf_value=-0.0022664794101459689 -0.034184818035222116 -0.025092861266967276 0.01507725123605704 0.0036128675981776468 0.012929934246306439 -0.04101743574862772 0.017554122897924161 -0.028812328200999084 0.0091642073043495392 -0.040192164642935228 -0.041445892108381038 -0.030185601585257689 0.025625852254310837 0.019953557298183024
leaf_weight=247.33495084066817 44.031232221052051 7.2410201900056554 11.864278904788078 21.272153511352371 41.593524950294523 9.4311344343586807 4.7166531726252279 7.1965046454279209 376.18878806488647 9.2136737203691137 3.551083715632557 19.716170204133963 6.0678716503316528 71.138045741245151
leaf_count=3678 872 95 96 118 386 175 15 249 2617 84 28 865 40 121
internal_value=0.00204771 -0.007252 -0.0161827 -0.0220037 0.00690165 0.0036082 -0.0216208 0.00411879 0.00448081 0.000835038 0.00212969 0.00747551 -0.0165849 0.0165253
internal_weight=880.557 126.002 77.1677 65.3034 48.8345 754.555 14.1478 740.407 733.211 331.238 322.024 401.973 25.784 74.6891
internal_count=9439 1567 1086 990 481 7872 190 7682 7433 3911 3827 3522 905 149
is_linear=0
shrinkage=0.03


Tree=306
num_leaves=15
num_cat=0
split_feature=2 28 76 1 74 28 12 35 36 73 28 33 27 49
split_gain=13.5675 8.52621 16.8813 15.9627 19.1187 13.2646 12.3695 11.4775 20.4061 11.5173 15.6633 11.1694 9.75614 9.59019
threshold=470.00000000000006 0.031839899926168473 0.27214905383580729 40.500000000000007 0.74628337054239713 0.030237246811702929 0.00027553008561187936 0.014148101830493484 0.046793738537328586 0.085339039406225212 0.016244021430009446 0.012249767225325886 0.0047337344402989265 0.3957610388912764
decision_type=2 2 2 2 2 2 2 2 2 2 2 2 2 2
left_child=-1 5 3 4 12 7 11 9 -9 -2 -11 -5 -3 -10
right_child=1 2 -4 6 -6 -7 -8 8 13 10 -12 -13 -14 -15
leaf_value=-0.030963110204248946 0.0028806626918153836 0.011905795198111349 -0.032865494855316597 -0.041151556865378192 -0.036367144578555208 -0.039598385949878502 0.015387805896028381 0.012301199135177077 -0.040762333588381286 -0.034710404763726332 0.010367679461839967 0.013641125178880921 -0.024858710757985247 0.020788244904441859
leaf_weight=10.140456470136995 486.5954510235606 260.99352596831159 8.6008455340052006 13.230672749166848 6.9317107091192147 6.4593511677521738 7.5939763517235397 13.389908615965394 18.525601980974901 16.269534437786209 10.976219979100277 3.8360382788814595 5.7556322813034049 1.9632399678230275
leaf_count=501 5463 1782 96 191 41 99 50 55 200 775 159 13 33 2
internal_value=0.00193936 0.00236228 0.00636454 0.00760151 0.00969435 0.000138077 -0.0150971 0.000678006 -0.0159781 0.00180508 -0.0168261 -0.0287626 0.0110226 -0.0341716
internal_weight=871.262 861.122 306.942 298.342 273.681 554.179 24.6607 547.72 33.8788 513.841 27.2458 17.0667 266.749 20.4888
internal_count=9460 8959 2206 2110 1856 6753 254 6654 257 6397 934 204 1815 202
is_linear=0
shrinkage=0.03


Tree=307
num_leaves=15
num_cat=1
split_feature=50 76 49 0 37 6 50 70 70 5 0 0 48 0
split_gain=11.0924 19.7157 12.576 22.0378 17.1367 13.6463 20.5284 14.8607 13.7354 13.5675 12.1984 11.3422 11.1324 20.5861
threshold=0.25823278954017526 0.010637244617731021 0.071072542755121232 17.500000000000004 0.00045014927308515611 0 0.028137039525997193 0.42404275885388343 0.079173665865610046 193560.91817608211 25.500000000000004 22.500000000000004 0.0013629077346290943 18.500000000000004
decision_type=2 2 2 2 2 9 2 2 2 2 2 2 2 2
left_child=2 -2 3 4 -1 6 9 8 10 -5 11 -7 13 -4
right_child=1 -3 12 5 -6 7 -8 -9 -10 -11 -12 -13 -14 -15
leaf_value=-0.024240817083104042 -0.035495255074972802 0.025770632063715933 0.01497464481647078 0.0023630933751677963 0.0042709848664131298 -0.015352186405400519 0.030814582845638389 0.02696985188098406 -0.040103566009977692 -0.036952097200913102 -0.035583308510066025 0.0078355248733649671 0.01203374478904729 -0.026081243516439062
leaf_weight=60.294376119636581 17.491846204997277 5.5425114929676047 21.051601582905278 407.46038669940026 27.090730748634087 35.349390426694299 21.860145192593336 8.4460967872291786 13.03426244552247 7.0574484489625311 11.305337229219729 38.830300861503929 127.06648349532043 20.989507550024427
leaf_count=1684 734 3 102 4073 163 866 28 9 130 89 373 500 380 298
internal_value=-0.000213337 -0.0202946 0.0003896 -0.0015605 -0.0154534 0.000698155 0.00306657 -0.00840823 -0.0125266 0.00160641 -0.00790675 -0.00327151 0.00762941 -0.00565271
internal_weight=822.87 23.0344 799.836 630.728 87.3851 543.343 436.378 106.965 98.5193 414.518 85.485 74.1797 169.108 42.0411
internal_count=9432 737 8695 7915 1847 6068 4190 1878 1869 4162 1739 1366 780 400
cat_boundaries=0 1
cat_threshold=1244
is_linear=0
shrinkage=0.03


Tree=308
num_leaves=15
num_cat=0
split_feature=74 63 39 44 39 86 0 82 40 72 26 3 14 14
split_gain=22.392 11.4319 25.2199 17.7012 12.2006 10.7432 11.9743 10.9497 11.4118 10.1812 21.7617 10.9194 14.189 13.4155
threshold=0.86964864961205313 0.0076555026727594217 0.044769438394420026 0.020330109818373659 0.020922568828509212 0.00028321590821590826 13.500000000000002 0.0011958417872009193 0.021223351125757878 0.0026533028092260683 0.0034595346477249264 278.50000000000006 0.0039385189559474005 0.064502962475312717
decision_type=2 2 2 2 2 2 2 2 2 2 2 2 2 2
left_child=1 4 3 -3 5 7 -7 9 -9 10 11 12 -1 -13
right_child=-2 2 -4 -5 -6 6 -8 8 -10 -11 -12 13 -14 -15
leaf_value=0.017505519917663356 -0.034490303129349066 -0.032943141357130494 0.021743240544533398 0.0081949090885450465 -0.032979345291274192 0.015127096226934034 -0.034268510983567639 -0.036608374240480447 0.024069078948083092 0.0098740439809288129 -0.040488097152367258 -0.0023781010695435715 -0.020900696835603871 0.009469213136991509
leaf_weight=68.117018577642739 15.22067635913845 34.103610499136266 14.891240332595769 12.393614432119646 7.812056108901742 5.7362686916603733 13.128004526253788 10.551727444166316 2.909451648592948 176.53243840968935 9.8454091417661385 336.07669351092773 9.0407023109146376 114.50184265157441
leaf_count=882 140 1292 228 195 254 28 355 183 3 857 243 3936 195 605
internal_value=0.000413274 0.00110605 -0.0112382 -0.0220363 0.0021243 0.00253532 -0.0192429 0.00312561 -0.0227363 0.00364422 0.00158392 0.0024439 0.0127956 0.000646862
internal_weight=830.861 815.64 61.3885 46.4972 754.252 746.44 18.8643 727.575 13.4612 714.114 537.582 527.736 77.1577 450.579
internal_count=9396 9256 1715 1487 7541 7287 383 6904 186 6718 5861 5618 1077 4541
is_linear=0
shrinkage=0.03


Tree=309
num_leaves=15
num_cat=0
split_feature=0 1 2 49 25 42 28 8 42 37 79 3 7 17
split_gain=13.5358 15.5291 17.828 16.0041 13.2524 12.7962 20.6537 18.5051 16.5254 16.4579 13.4394 12.3323 15.3164 13.8691
threshold=21.500000000000004 34.500000000000007 672.50000000000011 0.40490196078431379 0.014069781768896816 0.0052598216324617076 0.0035000729926262142 5.5000000000000009 0.027588503393347411 0.00085616501114553869 0.41722011385199248 8089.0000000000009 2.5000000000000004 0.38429315408605086
decision_type=2 2 2 2 2 2 2 2 2 2 2 2 2 2
left_child=1 2 -1 -3 11 6 7 -4 -7 -10 -8 12 13 -2
right_child=4 3 5 -5 -6 8 10 -9 9 -11 -12 -13 -14 -15
leaf_value=-0.033977201495078477 0.0061171424401816532 -0.022143522666560042 -0.033033418310230968 0.023840532390662205 -0.04203254705470872 0.023212115194192612 -0.00022202732293287005 0.025635730471311478 -0.019338182423889079 0.027624184537311528 0.041533409295391018 0.016829669234006705 -0.015364436944518403 -0.024236585349867966
leaf_weight=12.671286565862827 334.4503195710713 55.306538842618465 28.649874320384697 6.9184163808822623 4.4537447507609604 44.362342765089124 192.00830408326874 5.0122270190040572 21.322597961989235 8.6320064561441523 6.1970429469947694 67.039259975659661 36.159485650248826 13.146128160995429
leaf_count=483 3095 866 1110 10 76 104 2108 48 233 8 56 322 644 211
internal_value=0.00101466 -0.00315234 -0.000457714 -0.0167346 0.00450204 0.00103557 -0.0024445 -0.0238101 0.0117816 -0.00534984 0.00128543 0.00505381 0.00295826 0.00490293
internal_weight=836.33 381.081 318.856 62.225 455.249 306.184 231.867 33.6621 74.3169 29.9546 198.205 450.795 383.756 347.596
internal_count=9374 5026 4150 876 4348 3667 3322 1158 345 241 2164 4272 3950 3306
is_linear=0
shrinkage=0.03


Tree=310
num_leaves=15
num_cat=1
split_feature=9 42 36 70 3 8 72 63 64 28 64 63 14 28
split_gain=13.8726 16.0171 17.8 13.7835 13.6636 22.9114 15.6601 12.2708 12.0239 11.866 15.1829 11.2021 11.0266 14.7753
threshold=0 0.030897868751633431 0.093595250424162849 0.16087694098511787 2991.5000000000005 1.5000000000000002 0.001238934521427965 0.84873562535286606 0.35347347347347352 0.054788747842451323 1.0000000180025095e-35 0.01963193139663728 0.21746361627334457 0.0066847548371223526
decision_type=9 2 2 2 2 2 2 2 2 2 2 2 2 2
left_child=3 2 7 8 -4 6 -6 11 9 10 12 -2 -1 -14
right_child=1 -3 4 -5 5 -7 -8 -9 -10 -11 -12 -13 13 -15
leaf_value=0.0037885750512336334 -0.0068818854025161462 -0.028836603452149608 0.016335564898263571 -0.031561459628359677 -0.041493897853381714 0.030897760118016936 0.018500888814238527 0.034276809511162999 0.04096989826313964 0.012424924987481984 -0.028983774092225779 -0.037830726072899806 -0.041016098683270837 0.012598732005544417
leaf_weight=380.84390465250181 172.38198896174436 20.986985304218251 62.590119040221907 8.6754528323071991 14.283222151279917 8.1070766611956078 4.6100933700799933 5.1758695971220723 7.065448932349681 116.75688450830057 13.098954241257159 10.297754733634063 10.506141959282106 7.1079711392521849
leaf_count=3648 3096 383 312 139 184 18 6 7 39 641 150 596 153 15
internal_value=0.00107087 -0.00404979 -0.00222344 0.00388503 0.00871835 -0.00889204 -0.0266607 -0.00746024 0.00458962 0.0040266 0.0016197 -0.00882295 0.0026958 -0.0198659
internal_weight=842.488 298.433 277.446 544.055 89.5905 27.0004 18.8933 187.856 535.379 528.314 411.557 182.68 398.458 17.6141
internal_count=9387 4602 4219 4785 520 208 190 3699 4646 4607 3966 3692 3816 168
cat_boundaries=0 1
cat_threshold=1
is_linear=0
shrinkage=0.03


Tree=311
num_leaves=15
num_cat=1
split_feature=74 65 42 49 64 86 49 88 6 2 5 35 2 4
split_gain=21.4966 10.252 9.27529 9.3531 9.37788 9.0842 9.15515 8.62113 10.8172 23.4044 23.2833 18.4709 18.1572 20.8024
threshold=0.90700555939101057 0.29851943682894067 0.37718130730553096 0.74836892052194559 0.14458537563985888 0.0037616307116558278 0.67872402737332937 0.00010214999098398309 0 2246.5000000000005 56154.066198042616 0.00016010276902233994 1484.0000000000002 2.2179731450359234e-05
decision_type=2 2 2 2 2 2 2 2 9 2 2 2 2 2
left_child=1 2 3 4 5 6 7 8 9 12 -11 -12 13 -1
right_child=-2 -3 -4 -5 -6 -7 -8 -9 -10 10 11 -13 -14 -15
leaf_value=0.019260037146764577 -0.041315081856029202 -0.024354066470484902 -0.032802192671521617 -0.031772687436037894 -0.030686913758172545 -0.032994810708556546 0.027139567448000067 0.025706281798256739 0.0055518614245806753 -0.023372726675116771 0.010516144072508738 -0.016441026722584885 0.017883933914047245 -0.019349454159436751
leaf_weight=18.823258845659439 9.2755853326525521 11.76229851550306 5.5611633460503063 5.90351463065599 6.2489191277418277 5.068247392657212 13.967282575555144 14.362309411313616 504.70511080349388 63.178082430997165 57.92288962258317 36.393887570709921 70.002381051410339 33.414576672614203
leaf_count=116 109 196 101 240 174 211 15 68 3975 1562 431 207 733 1269
internal_value=0.0018216 0.00234196 0.00274643 0.0030238 0.00331128 0.00360821 0.00387673 0.00343655 0.0029966 -0.00175236 -0.00943355 5.08587e-05 0.00799816 -0.00533655
internal_weight=856.59 847.314 835.552 829.99 824.087 817.838 812.77 798.802 784.44 279.735 157.495 94.3168 122.24 52.2378
internal_count=9407 9298 9102 9001 8761 8587 8376 8361 8293 4318 2200 638 2118 1385
cat_boundaries=0 1
cat_threshold=626
is_linear=0
shrinkage=0.03


Tree=312
num_leaves=15
num_cat=0
split_feature=58 74 40 72 4 2 41 42 21 12 0 73 71 17
split_gain=11.854 12.0886 18.3863 15.8574 11.8447 10.5865 9.25363 9.0321 9.09334 8.86646 8.42826 8.06435 10.8714 16.1934
threshold=0.010105121085414724 0.38794993571019798 0.0054990480614079025 0.11492596118425932 2.6158118686204615e-05 470.00000000000006 0.1328649010205519 0.40504674861023277 0.00024483645427942746 0.066397545779692882 18.500000000000004 0.11226355459370242 0.0012733448813535507 0.30832677160008576
decision_type=2 2 2 2 2 2 2 2 2 2 2 2 2 2
left_child=1 5 3 10 -5 -1 7 8 9 11 -3 12 13 -7
right_child=-2 2 -4 4 -6 6 -8 -9 -10 -11 -12 -13 -14 -15
leaf_value=-0.027341511587823029 -0.033716558903080916 -0.020895826593357758 -0.042789753566055438 0.024293197196870526 -0.03967342350548754 0.0051982829377682045 -0.030231322768968574 -0.033429536985343296 -0.034168415173192343 -0.028281666181882735 0.0080740133072628763 -0.011838160121649234 0.013246394711773867 -0.025606243692906917
leaf_weight=8.4848545820277632 7.0394567595212711 9.6080354164005239 10.436427892884238 2.4833531379699698 13.132334011956116 524.53455829509767 5.8270976922649416 4.5093018556945017 4.2658008912112555 5.9699973103124639 60.901892439316725 21.766193574178033 158.04847435040574 14.841683157894293
leaf_count=471 246 86 97 1 131 5028 277 80 68 234 258 940 1036 444
internal_value=0.00255408 0.00289582 -0.0070446 -0.0022717 -0.028651 0.00418633 0.00458436 0.00490154 0.00518395 0.00546217 0.00388943 0.00578116 0.00634721 0.00430484
internal_weight=851.849 844.81 96.562 86.1256 15.6157 748.248 739.763 733.936 729.427 725.161 70.5099 719.191 697.425 539.376
internal_count=9397 9151 573 476 132 8578 8107 7830 7750 7682 344 7448 6508 5472
is_linear=0
shrinkage=0.03


Tree=313
num_leaves=15
num_cat=0
split_feature=2 39 0 74 1 5 41 54 12 2 1 4 4 63
split_gain=15.4266 11.4135 8.97299 8.6173 12.3844 16.3675 8.47279 7.87695 7.75536 8.63171 13.6878 13.4447 13.2001 7.67025
threshold=20742.000000000004 0.045380562752405006 29.500000000000004 0.82463043331449526 15.500000000000002 20410.397594998722 0.1328649010205519 0.00070733180394022728 0.066397545779692882 8935.5000000000018 53.500000000000007 0.00014256950016160327 0.00021419456511935088 0.0076555026727594217
decision_type=2 2 2 2 2 2 2 2 2 2 2 2 2 2
left_child=1 2 3 6 -5 -6 7 8 9 10 12 -12 13 -1
right_child=-2 -3 -4 4 5 -7 -8 -9 -10 -11 11 -13 -14 -15
leaf_value=0.0050553879156668693 -0.029470517874653834 -0.031375251561132085 -0.028610313592132525 -0.042852396988223518 0.028758045450710895 -0.024113345873009843 -0.031158149210279117 -0.032086409204627644 -0.028690592791750087 0.013130033002372641 -0.03948274300496496 0.0041626050621199878 -0.027876773524087267 -0.0075323791114050714
leaf_weight=603.84039113455219 13.470241531264035 8.2453802826785232 7.4525981146871336 8.0056174458586629 8.6159608033485728 10.658916535903698 5.4699957058473947 4.619125161523697 5.6546916928782585 80.020532607741188 12.424868834379597 11.728513995185493 10.80300972869736 46.074626812755014
leaf_count=5433 347 403 203 101 11 65 272 224 212 455 212 60 174 1204
internal_value=0.0012399 0.0017773 0.00215058 0.00246935 -0.0138085 -0.000226845 0.00305514 0.0033364 0.00359006 0.00386585 0.00276586 -0.0189663 0.00358777 0.0041528
internal_weight=837.084 823.614 815.369 807.916 27.2805 19.2749 780.636 775.166 770.547 764.892 684.871 24.1534 660.718 649.915
internal_count=9376 9029 8626 8423 177 76 8246 7974 7750 7538 7083 272 6811 6637
is_linear=0
shrinkage=0.03


Tree=314
num_leaves=15
num_cat=0
split_feature=59 59 87 87 85 15 2 8 71 71 0 0 0 14
split_gain=13.0578 9.13621 8.67097 13.8239 8.7514 8.33947 8.28302 10.4554 13.5814 12.5125 12.3391 16.3819 10.3578 8.35829
threshold=0.10548683558716758 0.094251087952556004 0.0034069653513850539 0.0029080542891757647 0.08170779269918331 0.094171431602799491 15891.500000000002 2.5000000000000004 0.0023543261647840479 0.0012733448813535507 21.500000000000004 19.500000000000004 17.500000000000004 0.91343742258877703
decision_type=2 2 2 2 2 2 2 2 2 2 2 2 2 2
left_child=1 2 3 4 5 6 7 13 9 10 11 -9 -8 -1
right_child=-2 -3 -4 -5 -6 -7 12 8 -10 -11 -12 -13 -14 -15
leaf_value=0.001710920642079903 -0.032367106454970991 0.027975639052091633 -0.028320050304805399 0.030602353440297502 0.024014385474258101 -0.045580147211916451 -0.01953915467970388 -0.031352848644801312 -0.035097185815755425 0.028953298780139997 -0.033239950503121098 0.019706135054672301 0.020281680091158907 -0.029024068710854344
leaf_weight=682.63496786745964 9.1564681443269347 10.886061658617107 7.6988612382556303 13.724521697498856 13.940817305701783 2.468860736466012 6.1983959858771405 7.539886811340696 15.277155007832333 7.9561830663587889 12.652303632828987 15.76488629740197 35.006002247217111 7.0591550477547562
leaf_count=6419 254 13 246 17 47 58 216 436 441 35 678 219 194 173
internal_value=0.0014499 0.00185715 0.00148039 0.00179426 0.00126673 0.000836844 0.00103932 0.00031016 -0.0116821 -0.00293609 -0.0105847 0.0025765 0.0139704 0.00135478
internal_weight=847.965 838.808 827.922 820.223 806.499 792.558 790.089 748.885 59.1904 43.9133 35.9571 23.3048 41.2044 689.694
internal_count=9446 9192 9179 8933 8916 8869 8811 8401 1809 1368 1333 655 410 6592
is_linear=0
shrinkage=0.03


Tree=315
num_leaves=15
num_cat=0
split_feature=72 4 4 42 42 63 79 57 57 76 35 2 4 63
split_gain=12.6633 14.1968 20.6615 14.9835 20.0759 13.3276 13.1417 20.4069 13.0855 12.4021 21.579 11.871 17.5183 12.5938
threshold=0.00019122414460882113 2.2179731450359234e-05 4.4496064908118379e-05 0.057767904610009878 0.22339738973398779 0.027959017760360211 0.0012260543597741433 0.068721527349324768 0.016779434326729386 0.05407613520875601 0.0026678041621011864 3866.0000000000005 0.00014494249205552429 0.0076555026727594217
decision_type=2 2 2 2 2 2 2 2 2 2 2 2 2 2
left_child=1 -1 6 5 -5 8 7 -3 9 -4 -11 12 13 -2
right_child=11 2 3 4 -6 -7 -8 -9 -10 10 -12 -13 -14 -15
leaf_value=0.019263327998640112 0.0066907327984725836 -0.030703084575377935 0.0057464652794177755 -0.031077143762920301 0.0041232259309445336 -0.033961477361466666 0.0034644226307617432 0.015096818822616197 -0.034199888217774699 0.0059773578282511135 -0.041795067222752856 0.014281463665901013 -0.035678807031398835 -0.020112829567329581
leaf_weight=27.733808943303302 156.84840979421278 51.005799321908853 337.07251923326112 29.006979547761148 27.964615989010781 7.9064692717947755 22.567623949842528 9.8935280931182188 7.2592953544808543 21.012843740638345 13.065376974642275 107.97956004409934 9.6089137981180084 16.556310311658308
leaf_count=217 859 2031 3515 308 151 661 438 71 99 156 126 444 153 219
internal_value=0.00138474 -0.00127587 -0.00239172 0.000198947 -0.0140259 0.00232754 -0.0159901 -0.0231389 0.00317327 0.00399418 -0.0130076 0.00644155 0.00176346 0.00403094
internal_weight=845.482 554.489 526.755 443.288 56.9716 386.317 83.467 60.8993 378.41 371.151 34.0782 290.993 183.014 173.405
internal_count=9448 7773 7556 5016 459 4557 2540 2102 3896 3797 282 1675 1231 1078
is_linear=0
shrinkage=0.03


Tree=316
num_leaves=15
num_cat=0
split_feature=12 87 38 80 0 71 2 4 14 1 4 0 2 0
split_gain=11.0701 7.85256 7.24207 17.3515 9.29561 9.15732 9.05495 18.7662 23.8751 13.8576 14.6187 23.2404 13.3454 13.2161
threshold=0.023570501623911843 0.0052455141809762693 0.12988728986245546 0.033072151485471768 28.500000000000004 0.0032818269449974243 3714.0000000000005 7.9391156644836601e-05 0.10537537823282016 40.500000000000007 4.6787864853757997e-05 25.500000000000004 1647.5000000000002 20.500000000000004
decision_type=2 2 2 2 2 2 2 2 2 2 2 2 2 2
left_child=1 2 4 -4 6 -6 7 9 -9 10 12 -12 -1 -8
right_child=-2 -3 3 -5 5 -7 13 8 -10 -11 11 -13 -14 -15
leaf_value=0.00093991065195476791 -0.030335589582089064 -0.029303675589096353 0.027557310987903066 -0.020388481538606593 -0.036347619872983378 0.0080494993239759571 -0.0023926176243472025 -0.016053805615782776 0.025352918460231692 -0.034529742495684523 0.011680035403963363 -0.030930618191109285 -0.024603530555648352 0.010551284050440679
leaf_weight=103.98570718991687 8.1498837178805825 5.7904832602944216 27.129906235379167 8.1508310493663867 9.7412339919101232 6.3430869674775741 100.72412746259943 94.150045343383681 13.521214389940722 7.3785245885228496 202.42016153724398 11.264768015185835 21.351027413795236 236.94293045994709
leaf_count=1791 277 289 118 155 288 51 1202 1231 23 158 1592 226 611 1328
internal_value=0.00249947 0.00285003 0.00310531 0.0162238 0.00251303 -0.0193926 0.00298195 0.000212466 -0.0106686 0.00361558 0.00454489 0.00930013 -0.0035717 0.00669453
internal_weight=857.044 848.894 843.104 35.2807 807.823 16.0843 791.739 454.071 107.671 346.4 339.022 213.685 125.337 337.667
internal_count=9340 9063 8774 273 8501 339 8162 5632 1254 4378 4220 1818 2402 2530
is_linear=0
shrinkage=0.03


Tree=317
num_leaves=15
num_cat=0
split_feature=77 48 77 48 35 79 75 75 48 80 57 38 80 2
split_gain=9.59487 15.5886 12.5256 13.5364 17.3217 10.5627 11.5683 10.3542 8.64353 12.8267 19.9608 10.5555 16.0635 11.2632
threshold=0.052404333070758889 0.24557030627144305 0.20350729517396188 0.22292662136017388 0.1307219184537903 0.049450913551770691 0.10929688248301089 0.1129589035934485 0.087251845775225614 0.030052763847843226 0.10204278470887838 0.13787685475628239 0.0027680540003621294 8935.5000000000018
decision_type=2 2 2 2 2 2 2 2 2 2 2 2 2 2
left_child=1 5 3 4 -2 7 -7 8 9 11 -11 12 13 -1
right_child=2 -3 -4 -5 -6 6 -8 -9 -10 10 -12 -13 -14 -15
leaf_value=0.0015143049530655977 -0.035526234492523227 -0.037482173063993401 0.027667461989222823 0.011966893273853781 0.017768608857559213 -0.025976678161157608 0.022501064919774154 -0.029532232791152153 0.013420934447634822 -0.037399456819100597 0.015505779954656714 0.024351838702640422 -0.038526567271369563 0.013218521874545109
leaf_weight=541.82883706978464 28.078796706569847 7.8955388663453041 5.6154842774849376 10.647186463233082 6.114233721047639 20.39393206656678 4.7613646658137432 7.6595666318899012 70.26803113729693 16.190147999383047 9.5283074800390732 19.692783140577376 7.4529778485884881 84.771978078410029
leaf_count=6021 450 121 66 59 10 591 127 507 195 299 71 100 92 710
internal_value=0.00120128 0.00201606 -0.0113542 -0.0167379 -0.0257622 0.0024619 -0.0162914 0.00310542 0.00347775 0.00243125 -0.0179521 0.00325932 0.00256691 0.00311629
internal_weight=840.899 790.443 50.4557 44.8402 34.193 782.548 25.1553 757.393 749.733 679.465 25.7185 653.747 634.054 626.601
internal_count=9419 8834 585 519 460 8713 718 7995 7488 7293 370 6923 6823 6731
is_linear=0
shrinkage=0.03


Tree=318
num_leaves=15
num_cat=1
split_feature=76 5 3 26 36 5 6 48 2 72 47 2 0 0
split_gain=12.968 17.8056 22.1751 18.4219 18.4631 18.156 16.6544 28.5138 18.4331 23.2185 25.4987 16.3765 15.0928 13.6207
threshold=0.0037712145633829529 8361.8226556015616 950.50000000000011 0.042622410050962366 0.62026218295810787 5131.4925933578015 0 0.0010554364351880962 940.50000000000011 0.0064632090238929884 0.039693386212006354 793.50000000000011 26.500000000000004 23.500000000000004
decision_type=2 2 2 2 2 2 9 2 2 2 2 2 2 2
left_child=1 5 12 4 6 11 -4 8 -8 10 -10 -1 -3 -7
right_child=-2 2 3 -5 -6 13 7 -9 9 -11 -12 -13 -14 -15
leaf_value=-0.0339810708182667 0.0076942297805560724 -0.031747738742057698 0.0081835475046031989 -0.02803756158641791 -0.032703770362512083 0.022771364513002983 0.022780931088378711 0.004564888811224248 -0.035489353674866955 0.016681230516589186 0.028326479201274186 0.0038884270926057454 0.0096988703225634916 -0.027711012746972574
leaf_weight=10.895855202717938 223.96594601264223 36.705466553699807 164.39482388371835 21.220667439658428 13.892714541405438 65.264774292940274 8.1479681079799757 125.49451438564574 58.023245538017363 10.81478251412045 5.4902283051633267 74.602519851556281 9.5021442672004905 4.3540559539105734
leaf_count=634 1077 933 1088 259 252 521 86 684 2101 80 51 1367 142 140
internal_value=0.00153928 -0.000733898 -0.00373411 -0.00147533 5.2601e-05 0.00800882 0.00135904 -0.00423771 -0.0180335 -0.0227506 -0.0296194 -0.00127469 -0.0231997 0.0192664
internal_weight=832.77 608.804 453.687 407.479 386.258 155.117 372.366 207.971 82.4762 74.3283 63.5135 85.4984 46.2076 69.6188
internal_count=9415 8338 5676 4601 4342 2662 4090 3002 2318 2232 2152 2001 1075 661
cat_boundaries=0 1
cat_threshold=4184
is_linear=0
shrinkage=0.03


Tree=319
num_leaves=15
num_cat=0
split_feature=65 17 3 57 39 4 14 42 36 62 42 5 38 65
split_gain=11.2197 10.2387 16.4683 11.3383 41.4944 17.1391 12.617 13.6879 8.38301 8.35797 8.66046 10.6498 10.1363 8.90156
threshold=0.44871422655672227 0.54578573716237866 226.50000000000003 0.00077085193300659323 0.0027260244629740173 3.4699207204837782e-05 0.07959907774614354 0.22339738973398779 0.87047880677998546 0.0015925020540233502 0.056171624873343012 3243.4946600297098 0.044287641422932712 0.017005696700839495
decision_type=2 2 2 2 2 2 2 2 2 2 2 2 2 2
left_child=1 3 -3 8 5 -5 -7 -8 9 10 12 -12 13 -1
right_child=-2 2 -4 4 -6 6 7 -9 -10 -11 11 -13 -14 -15
leaf_value=0.0027113570869489816 -0.049277772827274767 0.020837421320009705 -0.033575650378807199 0.015171297513672263 0.02795436075867954 -0.038612055580185635 -0.031947499283144713 0.019879965201308501 -0.025739673696751817 -0.025205508083353822 0.018091777284176627 -0.020182996022543677 0.028548740678258383 0.013085269827066842
leaf_weight=575.58210004318971 2.9465389362885608 6.2798397577134919 16.169268191675656 9.1103226304985565 19.72906367314863 33.234214338575839 8.1315451040864009 8.2683063431177271 7.9277313607744864 8.0129627444039198 7.8461472805356598 25.322450769483112 14.607279257383196 84.680906426685397
leaf_count=6837 105 51 430 86 28 466 75 23 170 209 59 224 67 543
internal_value=0.00118975 0.00142946 -0.0181148 0.00199809 -0.00876362 -0.0213567 -0.0282286 -0.00617686 0.00317505 0.00353063 0.00389093 -0.0108645 0.00463113 0.00405962
internal_weight=827.849 824.902 22.4491 802.453 78.4735 58.7444 49.6341 16.3999 723.98 716.052 708.039 33.1686 674.87 660.263
internal_count=9373 9268 481 8787 678 650 564 98 8109 7939 7730 283 7447 7380
is_linear=0
shrinkage=0.03


Tree=320
num_leaves=15
num_cat=0
split_feature=79 80 42 80 77 41 49 33 36 5 5 49 5 1
split_gain=9.74035 9.40998 11.1222 10.3806 15.8938 13.6628 16.9282 14.0996 13.9812 13.7283 13.7838 28.3535 13.1221 16.0596
threshold=0.083235892202222703 0.48333681700904668 0.023409019607511523 0.015966047962792187 0.012848753567132854 0.013032341099168671 0.047635033371304508 0.0049114780549902306 0.42451238892827742 5131.4925933578015 59715.806376658948 0.33381361900070539 54379.651386426798 30.500000000000004
decision_type=2 2 2 2 2 2 2 2 2 2 2 2 2 2
left_child=1 3 -3 5 -5 8 -7 -8 9 -1 12 -12 -11 -14
right_child=-2 2 -4 4 -6 6 7 -9 -10 10 11 -13 13 -15
leaf_value=-0.013735732730816181 -0.02474849760770257 0.0071646268547289754 -0.034531550790584446 -0.032410588365063282 0.015639623040993426 0.019381273957251699 -0.044923942992533737 0.021440951564484632 -0.015682090631403189 0.0036120479859859996 -0.011214519039899765 0.022819261890619669 -0.021252333299256763 0.033111520591803154
leaf_weight=51.869105454781675 11.815946956005062 9.4169747553532961 12.722495010937562 5.7886221816879688 78.959340956644155 60.878320175950648 6.5712420074269158 3.8852953314781189 48.880158667452633 356.130638794064 126.27561476842675 25.678256676765159 5.2464720967109342 26.018609172024298
leaf_count=1689 570 109 162 107 350 397 49 4 516 4126 1144 51 82 61
internal_value=0.00120663 0.00161115 -0.017253 0.00215669 0.0120179 0.00096678 0.0133255 -0.0205459 -0.000429153 0.000856264 0.0022824 -0.00535166 0.00528288 0.023613
internal_weight=830.137 818.321 22.1395 796.182 84.748 711.434 71.3349 10.4565 640.099 591.219 539.35 151.954 387.396 31.2651
internal_count=9417 8847 271 8576 457 8119 450 53 7669 7153 5464 1195 4269 143
is_linear=0
shrinkage=0.03


Tree=321
num_leaves=15
num_cat=2
split_feature=65 5 6 0 26 6 38 25 33 28 49 0 85 73
split_gain=9.91323 9.28846 26.0599 21.0413 17.7718 22.6323 19.9658 15.8919 21.2307 18.6852 13.4636 11.6485 11.4719 10.1544
threshold=0.42867237627545807 12584.828889278046 0 14.500000000000002 0.0034595346477249264 1 0.014458822504621521 0.00058765951847835219 0.12560285810548902 0.014257587138841352 0.082799255772835451 16.500000000000004 0.016793247458104992 0.0032211735570387367
decision_type=2 2 9 2 2 9 2 2 2 2 2 2 2 2
left_child=1 2 3 10 5 6 7 8 -3 -9 -1 -4 -6 -13
right_child=-2 4 11 -5 12 -7 -8 9 -10 -11 -12 13 -14 -15
leaf_value=-0.03037593449243917 -0.043861914629935148 -0.035140278076274581 -0.008714840271911807 -0.0296483652822465 -0.02563252195687413 0.0044955438616694435 0.0057810553171220268 0.028681583838835383 0.024242094140144697 -0.034061961985737285 0.027576815379695186 0.01749724556609495 0.0014729573761967981 -0.0020643116402266591
leaf_weight=4.0568956899223876 3.3417555571941184 47.319716966390843 21.722646827140125 29.504533701896435 37.754311291864724 416.86818554467754 39.070936817093752 10.188628514180893 5.3960121534764758 5.9253322880831538 12.108905697241424 143.68370758662059 21.884442303329706 28.368103890650673
leaf_count=152 116 1545 554 1111 497 3092 264 23 6 164 34 1099 109 593
internal_value=0.00135663 0.001593 0.00655619 -0.0122907 -0.00044825 0.00132616 -0.0103132 -0.0208779 -0.0287237 0.00496771 0.0121109 0.0110996 -0.0158259 0.0142786
internal_weight=827.194 823.852 239.445 45.6703 584.408 524.769 107.901 68.8297 52.7157 16.114 16.1658 193.774 59.6388 172.052
internal_count=9359 9243 3543 1297 5700 5094 2002 1738 1551 187 186 2246 606 1692
cat_boundaries=0 1 2
cat_threshold=4418 164
is_linear=0
shrinkage=0.03


Tree=322
num_leaves=15
num_cat=1
split_feature=79 76 48 76 35 38 80 6 0 8 5 2 17 77
split_gain=13.3036 14.123 12.7805 14.554 14.9599 11.7079 16.8204 15.3399 16.8649 19.8415 19.349 13.0258 15.6493 16.4447
threshold=0.054712934680597368 0.0037712145633829529 0.027583370568637574 0.052632870773160124 0.015864574606129337 0.006418885966446475 0.076498967892120628 0 24.500000000000004 1.5000000000000002 8653.6805103338156 8935.5000000000018 0.0020413490151206357 0.020882277590934119
decision_type=2 2 2 2 2 2 2 9 2 2 2 2 2 2
left_child=1 5 3 -3 -5 7 -7 11 10 -10 -9 12 13 -1
right_child=-2 2 -4 4 -6 6 -8 8 9 -11 -12 -13 -14 -15
leaf_value=-0.010605013208577166 -0.024553079415700573 0.017067968449216646 -0.0097367331321609411 0.0079179950257493963 -0.022906464467494832 0.018519081308109312 -0.0093233410234980201 6.9834664872041411e-05 -0.033856080304494052 0.014521504830922299 -0.0312354839972767 0.016018992192068756 0.0084732274968144106 0.0088028970963307928
leaf_weight=179.55932258428948 18.165393116869382 111.51668161171256 32.856130251195282 52.046044490736676 18.335691665881313 53.288644153508358 29.72753754328005 26.195928581772023 9.1141226045147032 30.118285444768844 54.208194191283837 38.332987792673521 87.130490546638612 49.398471638327464
leaf_count=2769 695 380 119 348 134 272 321 1005 185 596 1642 195 492 219
internal_value=0.000137497 0.000749622 0.007267 0.0103748 -0.000320727 -0.00177138 0.0085566 -0.0035942 -0.012348 0.00272069 -0.0211605 -0.000258214 -0.00228464 -0.00639762
internal_weight=789.994 771.829 214.755 181.898 70.3817 557.074 83.0162 474.058 119.637 39.2324 80.4041 354.421 316.088 228.958
internal_count=9372 8677 981 862 482 7696 593 7103 3428 781 2647 3675 3480 2988
cat_boundaries=0 1
cat_threshold=4444
is_linear=0
shrinkage=0.03


Tree=323
num_leaves=15
num_cat=1
split_feature=63 79 2 4 5 5 17 77 9 28 0 28 49 73
split_gain=16.5997 12.6319 10.8616 19.3474 12.7148 12.5093 17.205 15.6378 14.4651 11.8201 12.3443 19.6909 10.2694 14.7816
threshold=0.033129191224084385 0.075610649626347767 4284.0000000000009 0.00015435171818736716 496.72563926873147 24406.085128748662 0.40149572649572657 0.059454083502313911 0 0.10853124322262532 21.500000000000004 0.0023648886493898374 0.67872402737332937 0.0017485840902311135
decision_type=2 2 2 2 2 2 2 2 9 2 2 2 2 2
left_child=1 2 3 4 -1 7 8 -6 -7 10 11 -4 13 -10
right_child=-2 -3 9 -5 5 6 -8 -9 12 -11 -12 -13 -14 -15
leaf_value=-0.030289824667436346 -0.026354175052255239 -0.031319907348180742 -0.032294061291875509 -0.035044047279981866 0.0063163678289564814 0.0019451078648867726 -0.056324970349592406 -0.037535375442147315 -0.034255648700482672 -0.028203567842853543 0.011663094899565256 0.0044618234014720069 0.023717039544657682 -3.2150631230333685e-05
leaf_weight=11.184353352320612 19.179879908988369 9.6066772423218918 14.750035554228814 13.64941992293461 254.75471603064216 144.33872724775574 4.6836396416183552 6.5486491646734057 30.606223481416237 7.7390116150490931 188.85830127462395 77.557742061500903 4.0533257166971444 17.732945524592651
leaf_count=495 1221 396 501 255 2972 891 86 170 559 95 923 564 24 183
internal_value=0.000513438 0.00120166 0.0016438 -0.00108844 -3.87169e-05 0.000756225 -0.00484858 0.00507847 -0.00334441 0.00624253 0.00728725 -0.00169463 -0.0151981 -0.0219561
internal_weight=805.244 786.064 776.457 487.552 473.903 462.718 201.415 261.303 196.731 288.905 281.166 92.3078 52.3925 48.3392
internal_count=9335 8114 7718 5635 5380 4885 1743 3142 1657 2083 1988 1065 766 742
cat_boundaries=0 1
cat_threshold=65
is_linear=0
shrinkage=0.03


Tree=324
num_leaves=15
num_cat=0
split_feature=82 74 84 51 14 2 26 4 51 77 48 4 48 4
split_gain=16.9442 14.9317 10.9755 9.85232 9.90947 9.82636 9.71941 7.98304 7.72919 15.4421 19.8158 14.5456 14.0019 11.2966
threshold=0.00041035211836635757 0.93603994896957921 1.0000000180025095e-35 0.36545518207282918 0.91343742258877703 40174.000000000007 0.32735103986609626 0.00044523253478252224 0.30535413998843336 0.052404333070758889 0.22292662136017388 2.0692212413390755e-05 0.24557030627144305 0.00020183589656460257
decision_type=2 2 2 2 2 2 2 2 2 2 2 2 2 2
left_child=1 2 3 4 5 7 -2 8 9 12 11 -11 13 -1
right_child=6 -3 -4 -5 -6 -7 -8 -9 -10 10 -12 -13 -14 -15
leaf_value=0.0052676385177860717 -0.030905767212836652 -0.039621238554577817 -0.027510633510218253 -0.029980705804146204 -0.029505580884757621 -0.030539920479387819 0.015527499085849363 0.025730880148312141 0.018966875006480175 0.024130957222159514 0.015298820378124956 -0.036375780080808814 -0.034980975901946626 -0.013433179808283064
leaf_weight=634.08459088816744 20.685815818607811 6.6723538687219834 9.8674935858289228 7.145572487555909 7.2583362314035176 6.5456471180077633 4.3396273272810495 13.791127379023235 26.831900841090828 3.438710329122844 12.872803125414064 24.924114785681013 7.2294241655035867 29.527492075634655
leaf_count=6570 304 84 190 590 187 197 32 51 190 9 64 457 123 324
internal_value=0.00125416 0.00203614 0.00244094 0.00285798 0.00320277 0.00355386 -0.0225666 0.00389048 0.00344862 0.00283809 -0.0147663 -0.028468 0.00394057 0.00441658
internal_weight=815.215 790.19 783.517 773.65 766.504 759.246 25.0254 752.7 738.909 712.077 41.2356 28.3628 670.842 663.612
internal_count=9372 9036 8952 8762 8172 7985 336 7788 7737 7547 530 466 7017 6894
is_linear=0
shrinkage=0.03


Tree=325
num_leaves=15
num_cat=1
split_feature=26 26 40 24 3 6 17 3 3 40 73 81 82 59
split_gain=18.944 12.647 14.1615 14.6938 16.5243 12.5225 10.3543 11.4817 11.3899 11.4197 9.92748 11.4136 10.7671 8.86317
threshold=0.015316797080651484 0.067782858406809671 0.0013808976565737722 0.0055609499651497743 4573.0000000000009 0 0.0094191754894422438 11447.000000000002 10150.500000000002 0.0069189663932270737 0.17779938241103094 0.00011557089165893762 0.00028129896026207101 0.030949094539571422
decision_type=2 2 2 2 2 9 2 2 2 2 2 2 2 2
left_child=5 -2 3 4 -3 6 7 8 9 -1 11 12 -7 -8
right_child=1 2 -4 -5 -6 10 13 -9 -10 -11 -12 -13 -14 -15
leaf_value=-0.034281751974657347 -0.041452554376079961 -0.044357552315350865 0.011568197655205874 0.026910387000531118 0.0062620362665697484 0.0033470120072812796 -0.035522545650923047 -0.03212722945929878 0.034496571374602818 0.014481671377965428 -0.020967554326278365 0.021477799396498506 -0.03484811119648288 0.021752054647846762
leaf_weight=6.6127967888896881 11.98845614150923 17.892483098410601 19.566503372858278 4.2051081960089496 8.0533413723169343 642.09320909364033 18.347615724502251 7.4025537109700954 8.4380982741713506 9.1001502563449304 13.880198467493754 30.441177671658807 5.7178554327692828 2.1039196532219639
leaf_count=263 213 296 74 6 65 6351 864 139 9 157 784 118 70 3
internal_value=0.000819282 -0.0150185 -0.00795275 -0.0205856 -0.0289964 0.00215099 -0.0107744 -0.00181491 0.00838411 -0.00686372 0.00324494 0.00381835 0.00295669 -0.0288912
internal_weight=805.843 61.7059 49.7174 30.1509 25.9458 744.138 52.0051 31.5536 24.151 15.7129 692.132 678.252 647.811 20.4515
internal_count=9412 654 441 367 361 8758 1435 568 429 420 7323 6539 6421 867
cat_boundaries=0 1
cat_threshold=4256
is_linear=0
shrinkage=0.03


Tree=326
num_leaves=15
num_cat=1
split_feature=6 77 2 27 70 28 2 72 2 2 71 4 2 28
split_gain=13.7798 20.91 19.0942 25.4659 19.2092 15.3299 10.2521 9.51254 9.28751 18.8399 16.216 15.8052 9.36037 17.6484
threshold=0 0.0039842602538527313 4510.5000000000009 0.00068516623320532936 0.033788618319525669 0.05007936683994272 11480.500000000002 0.55773848504693313 8935.5000000000018 6412.5000000000009 0.0057864346005046781 0.00018663164626770581 3374.0000000000005 0.0038957425434887876
decision_type=9 2 2 2 2 2 2 2 2 2 2 2 2 2
left_child=1 5 3 -3 6 7 -4 -1 9 11 -11 12 -2 -14
right_child=8 2 4 -5 -6 -7 -8 -9 -10 10 -12 -13 13 -15
leaf_value=-0.034568254388008299 0.0027416546971779044 -0.035661807949519224 0.020410304642390912 0.0035410029464948162 -0.033296890197548459 0.00097719350891544571 -0.019604546206394086 0.022677211409873419 0.014051849943683602 -0.043126303807143863 0.010669977425802928 -0.024226659211772941 -0.0097591301694339109 0.01646655492888598
leaf_weight=34.886128169571748 355.5774755403545 21.707716870878357 63.063711231341586 42.989074563607574 6.6684513855725518 21.355443225533236 5.5460992250591508 2.1472306484356514 83.661584463552572 13.101510764099659 7.330205869395285 15.745938046864465 27.641090245742816 123.64212554358528
leaf_count=2025 3925 683 238 148 48 198 60 2 582 232 50 199 266 691
internal_value=0.0025879 -0.00419101 0.00191423 -0.00995532 0.0121121 -0.0193185 0.0169405 -0.0307401 0.00472827 0.00335558 -0.0242287 0.00447823 0.00541591 0.0116422
internal_weight=825.064 198.364 139.975 64.6968 75.2783 58.3888 68.6098 37.0334 626.7 543.038 20.4317 522.607 506.861 151.283
internal_count=9347 3402 1177 831 346 2225 298 2027 5945 5363 282 5081 4882 957
cat_boundaries=0 1
cat_threshold=546
is_linear=0
shrinkage=0.03


Tree=327
num_leaves=15
num_cat=0
split_feature=36 73 72 74 64 64 64 63 4 38 38 70 0 79
split_gain=9.307 8.00801 8.05596 14.5876 16.8712 10.5577 10.8501 9.55806 9.54543 9.65346 12.9732 12.3863 16.3462 19.1619
threshold=0.87047880677998546 0.21359828868361294 0.00079782223489515975 0.0020756119747270779 0.027855369335816265 0.35347347347347352 0.035774639337402721 0.017365115981032939 2.2179731450359234e-05 0.12988728986245546 0.23803058956430886 0.0027924664193374714 17.500000000000004 0.0032581407075183782
decision_type=2 2 2 2 2 2 2 2 2 2 2 2 2 2
left_child=1 2 3 5 -5 6 8 -4 -1 11 -11 -10 -13 -14
right_child=-2 -3 7 4 -6 -7 -8 -9 9 10 -12 12 13 -15
leaf_value=0.019347740450660213 -0.029591036360782037 -0.016123688872456726 0.0091645240155100935 -0.039594213039444902 0.013322206294615909 0.035620976817983742 -0.033867116449655177 -0.015709587424522973 -0.0038105344456575694 0.024231030451344726 -0.027426236866900582 0.021621218880787954 0.0084910166553343863 -0.016649495947807166
leaf_weight=26.571867791819386 7.1082262843847266 18.828718641772866 231.32326215715148 14.943509186647136 7.6023378628306082 7.3706025946885338 6.6310456823557606 13.89620188376284 282.0452200222644 28.092380091082305 4.2923645406845017 45.359069010301027 87.971486701746471 38.356903611609596
leaf_count=188 165 909 1026 445 38 59 128 191 4813 87 164 198 343 586
internal_value=0.00240536 0.00272101 0.00318734 0.00116363 -0.0219431 0.00219246 0.00165047 0.00769687 0.00217488 0.0011984 0.0167678 5.27162e-05 0.00638451 0.00078683
internal_weight=820.393 813.285 794.456 549.237 22.5458 526.691 519.32 245.219 512.689 486.117 32.3847 453.733 171.687 126.328
internal_count=9340 9175 8266 7049 483 6566 6507 1217 6379 6191 251 5940 1127 929
is_linear=0
shrinkage=0.03


Tree=328
num_leaves=15
num_cat=1
split_feature=5 51 36 44 2 79 65 40 28 8 48 49 6 2
split_gain=13.8904 12.2504 10.5319 10.492 9.99389 12.2146 24.4134 16.6242 18.4443 15.0202 10.6296 11.2349 16.9725 23.2822
threshold=496.72563926873147 0.34357390497699519 0.81216142534118074 0.48216626107856397 11480.500000000002 0.0021452172214592286 0.16244542630529443 0.0082205859578482043 0.077813628190789019 1.5000000000000002 0.24557030627144305 0.0016945493828262707 0 2523.5000000000005
decision_type=2 2 2 2 2 2 2 2 2 2 2 2 9 2
left_child=3 2 4 -1 5 10 7 8 -7 -8 11 12 -2 -14
right_child=1 -3 -4 -5 -6 6 9 -9 -10 -11 -12 -13 13 -15
leaf_value=-0.033650862892207735 0.0049797349175991941 -0.031556767144864023 -0.027344677931611099 0.024149745648858773 -0.013351180998272835 -0.038025461106312324 -0.026791364886765159 0.0049274039488931658 0.0042653794810124544 0.028687087468663997 -0.031051452628624489 0.0097743649076714595 0.0020498136589627712 -0.027351271120254157
leaf_weight=16.199529416422596 281.83414656273089 9.4653199439926521 10.51519650639966 2.6353141218423835 37.319603590818588 33.997095821352559 4.7181242066144504 21.087101031829661 12.375848311348816 19.833299537771381 6.7336737941950551 218.9452380764269 60.44446269103355 39.328918153951236
leaf_count=659 1828 590 222 4 590 921 52 193 131 66 134 1027 1798 1158
internal_value=2.91678e-05 0.000677977 0.00112799 -0.0247538 0.00157096 0.00238524 -0.00774577 -0.0170157 -0.0268872 0.0173943 0.00393042 0.00437362 0.00125753 -0.00882069
internal_weight=775.433 756.598 747.133 18.8348 736.618 699.298 92.0115 67.46 46.3729 24.5514 607.286 600.553 381.608 99.7734
internal_count=9373 8710 8120 663 7898 7308 1363 1245 1052 118 5945 5811 4784 2956
cat_boundaries=0 1
cat_threshold=4552
is_linear=0
shrinkage=0.03


Tree=329
num_leaves=15
num_cat=0
split_feature=2 5 2 52 52 2 15 4 63 33 17 85 26 72
split_gain=10.8481 13.504 12.868 9.9789 9.76535 10.4448 8.24767 8.06861 10.8254 16.4155 10.496 8.39045 12.4774 11.3565
threshold=793.50000000000011 25100.193551907985 810.50000000000011 0.42044244698902744 0.3177641826691549 20742.000000000004 0.11737589820379545 0.00044523253478252224 0.017365115981032939 0.096477983410403631 0.43559088090793013 0.039813761049750145 0.043360888391654757 0.10275625607446441
decision_type=2 2 2 2 2 2 2 2 2 2 2 2 2 2
left_child=1 -1 -2 4 5 6 7 8 11 10 -10 12 13 -4
right_child=2 -3 3 -5 -6 -7 -8 -9 9 -11 -12 -13 -14 -15
leaf_value=-0.024393769790138319 0.028349415312690127 0.011308593217338724 0.0024738707288162825 -0.03078112068024946 0.030476421725050266 -0.031778850283261439 -0.046569730615458341 0.025035191556663144 -0.034663928333885104 0.018146499575886699 0.015000139456345275 0.023590601179256983 -0.013863473342891423 0.015774229623388702
leaf_weight=27.40165646168316 16.765693830820965 13.628513070463667 567.93203940174135 7.0251389028271651 10.35892951057758 6.9509041715646154 2.0363897305796845 13.672643198719014 20.746209929391629 9.7254576678387803 4.0517792569298754 17.023936625337228 37.044864723211504 63.411457017238718
leaf_count=1071 41 148 5555 167 19 241 44 40 1204 19 49 54 340 327
internal_value=0.00230409 -0.012548 0.00310375 0.00251029 0.00286132 0.00243563 0.00280161 0.00300187 0.00254928 -0.013608 -0.0262823 0.00338174 0.00283254 0.00383258
internal_weight=817.776 41.0302 776.745 759.98 752.955 742.596 735.645 733.608 719.936 34.5234 24.798 685.412 668.388 631.343
internal_count=9319 1219 8100 8059 7892 7873 7632 7588 7548 1272 1253 6276 6222 5882
is_linear=0
shrinkage=0.03


Tree=330
num_leaves=15
num_cat=0
split_feature=64 62 21 21 14 5 2 3 35 72 64 36 50 46
split_gain=10.2623 7.72829 7.54559 7.8546 10.5436 8.67014 15.4212 14.2135 15.739 20.1926 15.5569 15.2848 13.9055 12.0277
threshold=0.14458537563985888 0.0035352998006288991 0.00024483645427942746 0.00014933710513203056 0.84035676549195115 27563.768230382146 470.00000000000006 2465.5000000000005 0.00027457956347088475 0.0022808698968920537 0.00080171495050630748 0.12716955865668342 0.0081627885271969899 0.022564414110754719
decision_type=2 2 2 2 2 2 2 2 2 2 2 2 2 2
left_child=1 2 3 4 5 6 -1 10 -9 11 -7 12 -10 -8
right_child=-2 -3 -4 -5 -6 7 13 8 9 -11 -12 -13 -14 -15
leaf_value=-0.037679304677641669 -0.032594265298052066 -0.037191786757213199 -0.033873826611112275 0.036466638082920347 -0.03085256938490635 -0.016568724847651928 0.0078579490486436407 0.0070616538138780528 -0.026329951712169175 0.012186804438834046 0.013882332337015231 -0.035001397556197536 0.015669804870428947 -0.033819372158736441
leaf_weight=6.0358955681876969 6.4618081590160719 3.3405748027798827 3.9808232134673736 5.3409889200702301 7.242752971360459 71.452601528639207 384.42091657799028 236.97609971681959 11.658117061248051 27.795320749282837 18.255254900082946 25.878302293131128 15.165771942585705 5.3651371052837922
leaf_count=431 176 159 67 3 170 1058 4748 1932 120 82 63 181 35 163
internal_value=0.0024439 0.00275826 0.00296622 0.0031873 0.00292325 0.00326588 0.00642163 0.000189958 0.0031735 -0.008219 -0.0102873 -0.0190076 -0.00287426 0.00719922
internal_weight=829.37 822.909 819.568 815.587 810.246 803.003 395.822 407.181 317.474 80.4975 89.7079 52.7022 26.8239 389.786
internal_count=9388 9212 9053 8986 8983 8813 5342 3471 2350 418 1121 336 155 4911
is_linear=0
shrinkage=0.03


Tree=331
num_leaves=15
num_cat=0
split_feature=79 44 5 33 73 73 72 71 36 62 72 46 46 58
split_gain=10.7633 8.04652 15.871 17.0085 9.68694 13.1133 9.08896 6.77485 6.94766 6.56847 8.48747 6.42074 11.7845 13.013
threshold=0.049450913551770691 0.0076419582242280926 14972.437641911272 0.008510021447170427 0.00042400060979862984 0.0022381819692244244 0.001238934521427965 0.064341895290182666 0.12446644850573864 0.0020831263080562166 0.04633200304239659 0.61611578709307857 0.51829594017094027 0.0015887998568069844
decision_type=2 2 2 2 2 2 2 2 2 2 2 2 2 2
left_child=1 9 -3 4 -4 -6 -5 8 -2 11 -11 12 13 -1
right_child=7 2 3 6 5 -7 -8 -9 -10 10 -12 -13 -14 -15
leaf_value=0.0046930961920422154 -0.038904683986748415 0.015204557939780323 -0.042775654823870683 -0.0176007277595767 0.023056104245143479 -0.044400557186754633 0.021016070357096586 0.013221028542022244 0.00061902541189860663 -0.048563417118727761 0.01788310379434882 -0.030304584717647534 0.031631309789540499 -0.030158947820059831
leaf_weight=710.49002248128818 11.169509974919498 20.454938715905882 18.414425975890484 8.5802520683791972 5.4929694309830648 3.3290648154215887 11.913738552480934 4.4211230372893615 5.9186538956128052 3.6412391116173231 2.092614549677819 3.7443026972468934 13.43539581610821 8.7895026542537362
leaf_count=7372 540 172 314 75 13 45 36 30 121 177 10 80 24 380
internal_value=0.00281565 0.00338019 -0.00641733 -0.0158053 -0.0309166 -0.00432806 0.00478164 -0.0176592 -0.0259379 0.00428771 -0.0252588 0.00455169 0.00477087 0.00422593
internal_weight=831.888 810.378 68.1854 47.7305 27.2365 8.82203 20.494 21.5093 17.0882 742.193 5.73385 736.459 732.715 719.28
internal_count=9389 8698 655 483 372 58 111 691 661 8043 187 7856 7776 7752
is_linear=0
shrinkage=0.03


Tree=332
num_leaves=15
num_cat=0
split_feature=49 59 77 76 36 65 74 72 16 73 45 12 45 45
split_gain=9.35571 8.82487 15.9156 16.5976 9.10173 8.93711 9.01448 8.92112 8.1935 8.24163 7.42644 7.53225 7.83637 10.2984
threshold=0.74836892052194559 0.032701130003657132 0.14005960848066115 0.019185557373218046 0.87047880677998546 0.46418559013176347 0.92821013431630617 0.02367323966310881 0.00052509134300968196 0.49059080110281994 0.92302513207806658 0.066397545779692882 0.35467623201809756 0.20823436137985571
decision_type=2 2 2 2 2 2 2 2 2 2 2 2 2 2
left_child=1 4 3 -3 5 6 8 -8 9 10 11 12 13 -1
right_child=-2 2 -4 -5 -6 -7 7 -9 -10 -11 -12 -13 -14 -15
leaf_value=0.0044043440374777849 -0.033013377834681751 -0.037600647069814003 0.024990726805173977 0.0099825308504517974 -0.029735784332085523 -0.045670965424526859 -0.039749823084741835 0.011949472247855019 -0.028338657503456176 -0.031194940878596495 -0.029784324403719576 -0.028265494996507094 0.024575671177312769 -0.046988042212956924
leaf_weight=713.39357104552619 5.9690407535235854 19.382582813559569 7.2248302774387403 9.2324802540242654 6.7734338261652729 2.3980292482301584 7.5099005582742375 4.0600412409403361 6.2054437030601539 5.0105777776770983 4.7888273890130213 5.330009288416476 16.379616825550329 2.5331665936973868
leaf_count=6884 235 373 40 26 171 97 92 10 379 588 69 220 125 39
internal_value=0.00160499 0.00190041 -0.0124514 -0.0224295 0.00257984 0.00290331 0.00311494 -0.0221005 0.00353082 0.00383292 0.00411097 0.00437105 0.00464681 0.00415721
internal_weight=816.192 810.223 35.8399 28.6151 774.383 767.609 765.211 11.5699 753.641 747.436 742.425 737.636 732.306 715.927
internal_count=9348 9113 439 399 8674 8503 8406 102 8304 7925 7337 7268 7048 6923
is_linear=0
shrinkage=0.03


Tree=333
num_leaves=15
num_cat=1
split_feature=2 36 2 36 5 3 14 0 1 2 6 80 5 5
split_gain=14.8095 12.6309 17.3721 11.2468 10.0277 32.2267 21.0332 19.3162 17.3198 15.3279 13.4017 20.6364 14.6365 13.0466
threshold=489.50000000000006 0.62026218295810787 975.00000000000011 0.55799245198694003 22866.276438598168 1890.5000000000002 0.086154103382711039 28.500000000000004 12.500000000000002 2270.5000000000005 0 0.0070320334739263531 49541.820086599975 5131.4925933578015
decision_type=2 2 2 2 2 2 2 2 2 2 9 2 2 2
left_child=-1 3 -3 4 6 7 13 8 -6 -10 11 -7 -13 -2
right_child=1 2 -4 -5 5 10 -8 -9 9 -11 -12 12 -14 -15
leaf_value=-0.035655915485530945 -0.0046852899443620829 0.01846350947202639 -0.030057201629416296 0.024112329124088044 -0.05090552801685784 -0.035800745423647341 -0.033099059925801061 0.021342349012882296 -0.039307458074077456 0.0023883446208359379 0.0044033198362127077 -0.038418131310976114 0.010691581323123252 0.010176677361125484
leaf_weight=8.8887295302556577 67.420737679625745 8.3835650356486457 23.180693726520985 19.307895888574421 18.824193458742229 20.18981031581643 11.300693835626587 7.2608510215068227 12.281928160227837 19.446266678496613 289.63637697345985 5.6863187121925867 28.863551615970209 241.77060082599928
leaf_count=532 1530 43 355 56 405 817 332 43 334 181 1919 73 125 2593
internal_value=0.000827008 0.00129172 -0.0169987 0.00209163 0.00147079 -0.00168284 0.00542124 -0.0222076 -0.0287554 -0.0144599 0.00181715 -0.0105902 0.00175564 0.00693129
internal_weight=782.442 773.553 31.5643 741.989 722.681 402.189 320.492 57.8132 50.5524 31.7282 344.376 54.7397 34.5499 309.191
internal_count=9338 8806 398 8408 8352 3897 4455 963 920 515 2934 1015 198 4123
cat_boundaries=0 1
cat_threshold=36
is_linear=0
shrinkage=0.03


Tree=334
num_leaves=15
num_cat=1
split_feature=5 3 42 6 26 72 5 35 27 38 5 49 49 49
split_gain=11.2307 20.2015 20.3335 17.023 13.5312 15.5852 16.3351 15.6984 19.2628 12.5758 12.1841 15.9327 14.4983 12.9144
threshold=24406.085128748662 1890.5000000000002 0.00075935545472868621 0 0.00617723599506917 0.00019122414460882113 31156.330065768609 0.00025508479676264554 0.00044819278124887959 0.046640740958055989 19880.227894885338 0.14723009986426219 0.18250885014435686 0.073581646638392964
decision_type=2 2 2 9 2 2 2 2 2 2 2 2 2 2
left_child=3 2 -2 10 5 6 -3 9 -9 -8 11 -1 -13 -12
right_child=1 4 -4 -5 -6 -7 7 8 -10 -11 13 12 -14 -15
leaf_value=-0.02612334182802651 -0.030869965237848039 -0.031093472076836035 0.0044044950211373285 0.0088111959001083446 -0.017623302698045951 0.013475425262836991 0.0071724031268099731 -0.040335492268988603 -0.0014682179944876411 -0.032998993726375957 0.023638804541925049 0.029032124868789103 -0.013535995639139703 -0.033394388342004276
leaf_weight=35.771249448749586 37.177612186424085 14.235375303062026 23.559005642833654 298.01079313262017 30.317051629303023 91.361204607761465 163.99185721977847 15.249281957891069 39.341748073231429 6.3453085698420173 17.221490950323645 11.106956811388956 16.817925119015854 3.5204267256194717
leaf_count=1195 809 327 137 3543 290 404 1567 216 140 99 106 24 431 53
internal_value=0.00189708 -0.00147913 -0.0173377 0.00561288 0.00123071 0.00300802 -0.00103002 0.00100185 -0.0128556 0.0054921 -0.00597773 -0.0131427 0.00381358 0.0128681
internal_weight=804.027 421.578 60.7366 382.449 360.842 330.525 239.164 224.928 54.591 170.337 84.438 63.6961 27.9249 20.7419
internal_count=9341 3989 946 5352 3043 2753 2349 2022 356 1666 1809 1650 455 159
cat_boundaries=0 1
cat_threshold=4418
is_linear=0
shrinkage=0.03


Tree=335
num_leaves=15
num_cat=0
split_feature=74 17 17 57 15 65 65 39 4 4 36 33 12 88
split_gain=15.9744 10.7193 10.0403 9.65426 8.88069 8.87395 8.90031 11.5471 8.84927 13.1684 8.997 9.2318 8.17578 7.61823
threshold=0.92821013431630617 0.54578573716237866 0.7209433777068367 0.12984883566743849 0.11737589820379545 0.46418559013176347 0.038831362787803365 0.0012383943661107824 2.4664080033200109e-05 2.9042901787684644e-05 0.74212232798351063 0.0021176534599949303 0.0059897273971570983 0.00010214999098398309
decision_type=2 2 2 2 2 2 2 2 2 2 2 2 2 2
left_child=1 3 -3 4 5 6 8 -8 12 -10 13 -12 -1 -11
right_child=-2 2 -4 -5 -6 -7 7 -9 9 10 11 -13 -14 -15
leaf_value=0.021240181928704818 -0.03923855483649337 -0.047234884998879706 -0.0032996109618048564 -0.030016479018525076 -0.044884091508823894 -0.04503254164783322 0.01728150876879523 -0.023708399308583594 -0.032820260635414218 0.0021790152356395555 -0.03155162594090586 0.023638650542540083 -0.026673023117206589 0.023252258276991095
leaf_weight=32.344540992809925 7.4809197742142706 6.3899345424724769 13.226587477605788 7.0383811950450754 2.4686538174282751 2.4156002860399886 64.672148161334917 5.9598649747786103 8.8312586857064144 631.53028571612958 11.785704745212568 2.678878426551818 2.6951849451870649 14.84301194566069
leaf_count=329 93 142 344 165 59 106 330 106 436 6780 260 2 83 142
internal_value=0.00172634 0.00215424 -0.0192081 0.00271023 0.0030435 0.00325306 0.00346131 0.0135401 0.00243337 0.00165144 0.002161 -0.0204626 0.016917 0.0026981
internal_weight=814.361 806.88 19.6165 787.264 780.225 777.756 775.341 70.632 704.709 669.669 660.838 14.4646 35.0397 646.373
internal_count=9377 9284 486 8798 8633 8574 8468 436 8032 7620 7184 262 412 6922
is_linear=0
shrinkage=0.03


Tree=336
num_leaves=15
num_cat=0
split_feature=40 59 47 79 59 38 38 39 2 81 37 37 17 83
split_gain=17.6763 11.466 7.27031 7.13486 7.04449 6.8011 13.1097 8.24964 18.6537 9.94206 8.77498 15.3253 10.8048 9.54416
threshold=0.46799899395867106 0.10548683558716758 1.0000000180025095e-35 0.41722011385199248 0.094251087952556004 0.12988728986245546 0.23803058956430886 0.006054949771224478 8241.5000000000018 0.0030353413936511837 0.0010201670982191177 0.00041528267850429257 0.34974969238707637 0.0013513117273298463
decision_type=2 2 2 2 2 2 2 2 2 2 2 2 2 2
left_child=1 2 3 4 5 7 -7 10 9 -9 11 13 -12 -1
right_child=-2 -3 -4 -5 -6 6 -8 8 -10 -11 12 -13 -14 -15
leaf_value=0.0017903418776259335 -0.0632326961233632 -0.03169139077965745 -0.031502079527356154 0.030718798153132172 0.026297840829850361 0.023140800033985699 -0.027895055325898314 -0.037618489218189215 0.021757503371878813 0.020182928920762695 0.013627617138270211 -0.047580705433780672 -0.027380715451460268 -0.028524201755918344
leaf_weight=617.89172447369492 2.7429188681126098 7.9331636852293732 4.6288095445488571 7.1206522934662635 9.9899454935220984 27.719606131780893 4.5029187099426045 17.190997076555512 8.3080468467669544 2.4920685109682372 83.552428259485168 4.8183202698128289 5.2876867777667931 8.492460401466813
leaf_count=7071 91 244 157 165 16 90 175 715 44 7 348 50 75 149
internal_value=0.00182095 0.00211896 0.00249246 0.00272901 0.0024383 0.00209954 0.0153839 0.00150753 -0.0141877 -0.0296783 0.0021365 0.000886461 0.0109092 0.00133453
internal_weight=812.672 809.929 801.996 797.367 790.246 780.256 32.2225 748.034 27.9911 19.6831 720.043 631.203 88.8401 626.384
internal_count=9397 9306 9062 8905 8740 8724 265 8459 766 722 7693 7270 423 7220
is_linear=0
shrinkage=0.03


Tree=337
num_leaves=15
num_cat=1
split_feature=79 40 6 40 39 14 48 48 49 50 2 48 65 79
split_gain=8.94287 12.5416 7.67645 14.1993 10.8589 13.8283 13.444 26.839 22.2951 20.9279 23.9642 20.6366 17.2211 13.8423
threshold=0.049450913551770691 0.016448128121299428 0 0.027046366861601612 0.00075542412782915555 0.14020817145817149 0.087251845775225614 0.022244134145350227 0.017542562511952197 0.011637966776306697 2246.5000000000005 0.0010554364351880962 0.21862073592488085 0.0010576559525167851
decision_type=2 2 9 2 2 2 2 2 2 2 2 2 2 2
left_child=2 -2 -1 4 5 6 7 9 -8 10 -4 13 -12 -11
right_child=1 -3 3 -5 -6 -7 8 -9 -10 11 12 -13 -14 -15
leaf_value=0.0049410272106546584 -0.034618585413330877 0.0089409627504928972 0.0034356870196657666 -0.030927520667995843 0.016314359348826569 -0.031813176788218496 -0.036521988611901778 -0.03562938920312303 0.015614963776778996 -0.034772247827444619 -0.029290057659039713 0.020933225946340232 0.014577227863330593 0.014555854142683575
leaf_weight=404.05485621275147 13.114102739564261 9.7011512012104486 73.78632376416499 12.778069499050615 32.700949366437271 12.068589222239096 7.2755452170968047 20.824806424323469 70.844586164457723 11.201614028308542 48.2486021072109 56.252425059647067 8.9931658578570914 8.066087977960704
leaf_count=2713 683 53 1859 624 244 244 132 249 220 574 1359 259 129 17
internal_value=0.00161092 -0.0164992 0.00217033 -0.00102602 0.000120561 -0.00159298 -0.000299216 -0.00399048 0.0103591 -0.000644256 -0.0078762 0.0118422 -0.0222662 -0.0144226
internal_weight=789.911 22.8153 767.096 363.041 350.263 317.562 305.493 227.373 78.1201 206.548 131.028 75.5201 57.2418 19.2677
internal_count=9359 736 8623 5910 5286 5042 4798 4446 352 4197 3347 850 1488 591
cat_boundaries=0 1
cat_threshold=5576
is_linear=0
shrinkage=0.03


Tree=338
num_leaves=15
num_cat=0
split_feature=0 28 52 73 49 72 26 77 36 4 48 77 28 28
split_gain=12.5871 18.0751 22.5519 15.5923 11.2144 13.1769 11.0409 12.6711 29.0285 31.7885 15.8844 11.8363 10.8411 18.5376
threshold=21.500000000000004 0.0023648886493898374 0.99799105881973205 0.045524267399267404 0.071072542755121232 0.00086429458308664292 0.0023233406444717543 0.00062566221834346335 0.17901057789963407 6.521611925969734e-05 0.11927978288574591 0.0038567231890525066 0.036631464145104063 0.03732763532763534
decision_type=2 2 2 2 2 2 2 2 2 2 2 2 2 2
left_child=1 2 -1 4 5 12 7 -2 9 -9 -10 -11 -3 -14
right_child=6 3 -4 -5 -6 -7 -8 8 10 11 -12 -13 13 -15
leaf_value=-0.026999867124898217 0.010176500053786711 -0.020831073432006013 0.021556381990848712 -0.024500844475744087 0.012319073620407546 0.0060735014996633734 -0.01246975466364513 -0.031207025598387429 -0.039968569066990693 -0.032662856020758309 0.0080509370665420351 0.013029113559536624 0.03552982675980814 -0.0084559597268723651
leaf_weight=47.416396166932827 236.91037575813243 41.798258747003274 9.6830207929015142 20.920818583806977 67.160617409273982 97.108387314612628 31.396875381280552 17.575503865169594 21.577029464766387 4.4065568647929458 8.1390127784106863 112.32744876731886 9.3930641608312708 49.655944214289775
leaf_count=1808 2737 1129 16 629 162 500 382 499 153 133 19 504 13 755
internal_value=0.00100389 -0.00328098 -0.0185363 -0.000181705 0.00182222 -0.00178308 0.00440446 0.0057536 -0.00065758 0.00532318 -0.0269824 0.0110415 -0.00933373 -0.000983877
internal_weight=775.469 343.137 57.0994 286.037 265.116 197.956 432.333 400.936 164.026 134.31 29.716 116.734 100.847 59.049
internal_count=9439 5012 1824 3188 2559 2397 4427 4045 1308 1136 172 637 1897 768
is_linear=0
shrinkage=0.03


Tree=339
num_leaves=15
num_cat=0
split_feature=74 28 2 35 28 65 65 2 45 17 35 36 64 12
split_gain=19.219 17.53 10.6624 14.079 11.9324 9.97959 11.0116 11.1755 10.3871 9.90447 8.18925 15.6111 11.1315 10.2549
threshold=0.41789966851945715 0.0055980595343551008 3063.5000000000005 0.0042859040717480278 0.0068469710181617025 0.26640138153479781 0.16244542630529443 470.00000000000006 0.20333982749852644 0.0033063739987857564 0.093469804293713835 0.10783316254809704 0.35347347347347352 0.0015688331974867496
decision_type=2 2 2 2 2 2 2 2 2 2 2 2 2 2
left_child=5 -2 3 4 -3 6 7 -1 -7 -6 12 13 -9 -12
right_child=1 2 -4 -5 9 8 -8 10 -10 -11 11 -13 -14 -15
leaf_value=-0.033111443802829772 -0.039285035193936696 0.0089332680292244209 0.010743252943594165 0.010015302704358717 -0.049172292360835951 -0.038248084116331828 0.021517266425927779 0.0039615597593453218 0.016335730489142778 -0.007624355288043198 -0.020416964043229891 -0.039079835256117426 0.03947970170236681 0.02744318012833372
leaf_weight=6.4909281646250738 15.36305700097 6.7874564800877151 24.970774618093856 14.881484338780863 14.597539655514995 8.9008736876858148 30.482693638419732 644.89473583595827 3.9133276492357245 8.3487513107829709 6.092764463741335 10.428433639463035 7.0559779324103138 8.4489953434094769
leaf_count=462 219 21 77 45 186 220 144 7813 4 32 44 113 46 23
internal_value=0.00209461 -0.0113257 -0.00468378 -0.0133644 -0.0250109 0.00367679 0.00416014 0.00335564 -0.0216029 -0.0350052 0.00375365 -0.0127886 0.00440584 0.0073671
internal_weight=811.658 84.9491 69.586 44.6152 29.7337 726.709 713.895 683.412 12.8142 22.9463 676.921 24.9702 651.951 14.5418
internal_count=9449 580 361 284 239 8869 8645 8501 224 218 8039 180 7859 67
is_linear=0
shrinkage=0.03


Tree=340
num_leaves=15
num_cat=0
split_feature=84 80 49 64 4 58 16 65 5 85 85 85 85 39
split_gain=16.6572 10.5673 12.6347 9.21482 8.84395 12.6128 9.46024 8.76425 7.79491 6.96137 9.46052 7.76433 9.52193 7.14689
threshold=1.0000000180025095e-35 0.48333681700904668 0.015007268185819872 0.14458537563985888 0.00021419456511935088 0.005063610615353026 0.00015180818057440931 0.46418559013176347 63901.269335440644 0.08170779269918331 0.020989521070715011 0.0051300017105488241 0.00024673054671878468 0.023514053140838584
decision_type=2 2 2 2 2 2 2 2 2 2 2 2 2 2
left_child=1 3 -3 4 5 7 8 9 -6 10 11 12 13 -1
right_child=-2 2 -4 -5 6 -7 -8 -9 -10 -11 -12 -13 -14 -15
leaf_value=0.0050090381019186458 -0.031658591300534555 -0.036407344587285506 0.010492968452290485 -0.031906376149717336 -0.0011593604622695817 -0.032196231858695468 0.017284085002572631 -0.044270460977624083 -0.032323267070304869 0.029394431657557382 -0.035240957207616365 0.02232006673403646 -0.02060981593612388 -0.018604530919270126
leaf_weight=660.84014186864079 12.066433787127606 12.264454730320724 7.8746956312679677 5.7305284994654349 12.902295760315612 7.5343498568108762 7.5760957870079428 2.3082186417450421 15.637483893733586 9.1877332483418268 4.3980983389774329 20.792935921053868 12.784400829637887 10.779421475068373
leaf_count=7111 274 265 15 173 224 336 46 95 173 14 35 54 121 462
internal_value=0.00194416 0.00249636 -0.0184398 0.00306679 0.00337019 0.004093 -0.0109297 0.00451623 -0.0187508 0.00473419 0.00437397 0.00467059 0.0041026 0.00460295
internal_weight=802.677 790.611 20.1392 770.472 764.741 728.625 36.1159 721.091 28.5398 718.783 709.595 705.197 684.404 671.62
internal_count=9398 9124 280 8844 8671 8228 443 7892 397 7797 7783 7748 7694 7573
is_linear=0
shrinkage=0.03


Tree=341
num_leaves=15
num_cat=0
split_feature=51 59 59 28 76 77 74 1 28 72 28 65 7 16
split_gain=20.8105 12.2417 20.2643 10.7659 14.9774 12.5561 11.4209 14.0692 12.2946 11.6712 9.50975 10.4545 14.276 15.4659
threshold=0.20845662485973637 0.0047323485749215756 0.0097130670345368358 0.031839899926168473 0.30823890474626797 0.059454083502313911 0.74628337054239713 40.500000000000007 0.16842275313111468 0.0058343530027720027 0.030237246811702929 0.002230400606513755 2.5000000000000004 0.00037589608228825137
decision_type=2 2 2 2 2 2 2 2 2 2 2 2 2 2
left_child=3 -2 -3 5 6 10 7 8 -5 -10 11 12 -1 -14
right_child=1 2 -4 4 -6 -7 -8 -9 9 -11 -12 -13 13 -15
leaf_value=-0.00033626392548901279 -0.037640367130792309 0.020645873025959237 -0.040424637339206745 0.012115712981901859 -0.041146782584565979 -0.027752954585847724 -0.025150470081291097 -0.015721122339867763 -0.027172118562538958 0.018698189642708283 -0.035715114831517708 0.0083252608429029862 -0.028083410881476693 0.021670287132552691
leaf_weight=276.35283073182654 18.926313863456016 11.442822210956367 7.0647477192978831 224.02833975225076 4.9677397183259009 14.913172907836268 8.6795118532609177 19.728794505135738 13.603456617885969 6.7327018073992795 5.8300429333321508 100.9390820600529 31.693990358959127 6.0171960660081814
leaf_count=3725 830 24 117 1635 70 363 44 232 226 22 94 1003 844 71
internal_value=0.00019133 -0.0213134 -0.00354332 0.00134785 0.00595278 -0.0015942 0.00695772 0.00810386 0.0100836 -0.0118212 -0.000603614 -2.56931e-05 -0.00272757 -0.01979
internal_weight=750.921 37.4339 18.5076 713.487 277.741 435.746 272.773 264.093 244.364 20.3362 420.833 415.003 314.064 37.7112
internal_count=9300 971 141 8329 2229 6100 2159 2115 1883 248 5737 5643 4640 915
is_linear=0
shrinkage=0.03


Tree=342
num_leaves=15
num_cat=0
split_feature=80 77 4 64 72 0 49 3 76 35 1 0 47 41
split_gain=9.67671 15.1191 11.6933 17.7696 22.1788 18.5123 21.7819 17.5785 22.005 16.0048 12.5111 11.0095 10.996 11.8154
threshold=0.015966047962792187 0.012848753567132854 8.2015718463626964e-05 0.35347347347347352 0.00019122414460882113 23.500000000000004 0.35720145318176494 3703.5000000000005 0.00050264599725016398 0.0023008768743014488 53.500000000000007 26.500000000000004 0.039693386212006354 0.038584154737868935
decision_type=2 2 2 2 2 2 2 2 2 2 2 2 2 2
left_child=2 -2 10 4 5 6 -4 8 9 -6 -1 -3 13 -7
right_child=1 11 3 -5 7 12 -8 -9 -10 -11 -12 -13 -14 -15
leaf_value=0.0035402650432171906 -0.022768398703362225 0.015584081851897618 -0.039620505069679186 0.038320009725694201 -0.034006191156988386 -0.015130131734064809 0.010448885936375423 0.011845127599667427 0.01079429254606659 0.013963700624858711 -0.033578508480072516 -0.020499559566960129 0.033241291948836287 0.017258365865837282
leaf_weight=388.72019319519313 11.154233996814581 93.088212641654536 39.462463304778794 7.1422330159693947 29.65996367103071 56.692788637075864 9.2433437822619435 71.001835380971897 26.743734818417579 7.2692622500471762 7.3532854384684461 7.4261644718353628 4.8946980200707904 11.423518916097235
leaf_count=5599 202 442 1089 30 459 706 45 315 109 22 231 81 7 79
internal_value=0.00089939 0.00902481 -0.000487787 -0.00537344 -0.00673475 -0.0159608 -0.0300993 0.00165975 -0.00970553 -0.0244445 0.00276831 0.0127425 -0.00624964 -0.00952727
internal_weight=771.276 111.669 659.607 263.534 256.392 121.717 48.7058 134.675 63.673 36.9292 396.073 100.514 73.011 68.1163
internal_count=9416 725 8691 2861 2831 1926 1134 905 590 481 5830 523 792 785
is_linear=0
shrinkage=0.03


Tree=343
num_leaves=15
num_cat=1
split_feature=51 6 35 5 0 28 1 70 28 35 57 1 2 2
split_gain=12.5857 8.8712 13.749 11.8123 10.5788 8.91065 12.2934 8.194 10.1623 17.0624 11.1051 9.04271 8.17319 8.95999
threshold=0.34357390497699519 0 0.082429733053467472 12416.844456969246 9.5000000000000018 0.19878722048170061 27.500000000000004 0.42404275885388343 0.018400393649245884 0.060450521214703186 0.032241564227373988 55.500000000000007 11480.500000000002 6654.5000000000009
decision_type=2 9 2 2 2 2 2 2 2 2 2 2 2 2
left_child=1 2 3 4 -1 -3 -7 8 11 10 -10 12 13 -5
right_child=-2 5 -4 7 -6 6 -8 -9 9 -11 -12 -13 -14 -15
leaf_value=0.021330104824224469 -0.030893606955074419 0.0055753551323879701 -0.036981895888527239 0.0037430767332215578 -0.026937193309588027 -0.04076071783688856 0.012370695389259249 0.030953854931199613 -0.025457308215491574 0.023410450498601482 0.024787973460291862 -0.022475020773145719 -0.036711390236108921 0.023251287589991218
leaf_weight=4.1717772174743031 8.9124570339627081 582.51523158635246 8.8667307286523265 68.183212497111526 22.343578840765986 7.8535964264301565 6.3752028266899288 7.5710841584950677 33.334682850647368 9.5014248541556281 3.6721510179340831 8.3844259815523383 2.5413034249795592 30.075587187893689
leaf_count=40 654 5579 88 945 1188 149 30 4 454 14 4 141 52 70
internal_value=0.0027164 0.00313132 -0.00233683 -0.000655292 -0.0188439 0.00490941 -0.0177061 0.00239541 0.000817981 -0.0107858 -0.0199505 0.00581374 0.00836442 0.00988835
internal_weight=804.302 795.39 198.646 189.779 26.5154 596.744 14.2288 163.264 155.693 46.5083 37.0068 109.185 100.8 98.2588
internal_count=9412 8758 3000 2912 1228 5758 179 1684 1680 472 458 1208 1067 1015
cat_boundaries=0 1
cat_threshold=530
is_linear=0
shrinkage=0.03


Tree=344
num_leaves=15
num_cat=0
split_feature=62 16 51 65 0 58 21 21 14 63 37 39 36 17
split_gain=9.68917 8.67439 8.47279 8.3301 8.17785 8.07633 6.85731 6.73791 7.8893 6.76768 22.464 11.6268 9.80124 9.27382
threshold=0.0035352998006288991 0.00052509134300968196 0.36545518207282918 0.46418559013176347 29.500000000000004 0.013760961322645329 0.00024483645427942746 0.00014933710513203056 0.91343742258877703 0.0070285165671869409 0.0025154135914462147 0.024070098164239214 0.41125122711861578 0.52842412262414273
decision_type=2 2 2 2 2 2 2 2 2 2 2 2 2 2
left_child=1 2 3 4 5 6 7 8 9 11 12 -1 13 -11
right_child=-2 -3 -4 -5 -6 -7 -8 -9 -10 10 -12 -13 -14 -15
leaf_value=0.0060015389533053234 -0.045326235118596729 -0.029023349850100928 -0.029004941052137214 -0.043413389393200115 -0.026753655554433115 -0.031485268512202215 -0.032766604919440091 0.035929948304322362 -0.028255534813665478 -0.036799864410936058 0.012453145436271976 -0.036131002393260753 0.02454827838418824 0.016197193472679984
leaf_weight=689.79725031206908 2.7168896482253322 6.437552102142944 6.1437218429200575 2.3500757076690197 6.7041421755566253 4.6374968342424827 3.4110578689142121 5.2318695783615103 5.5627556946128598 21.723797111764732 30.664959476795048 4.9637592016078989 2.5617144536226979 2.8411407071980639
leaf_count=6033 161 371 588 101 207 206 62 2 140 1043 267 130 2 41
internal_value=0.00302664 0.00324917 0.0035498 0.00384286 0.00404113 0.00434306 0.00460048 0.00481011 0.0045483 0.00482795 -0.00497103 0.00564902 -0.0244104 -0.0302765
internal_weight=795.748 793.031 786.594 780.45 778.1 771.396 766.758 763.347 758.115 752.553 57.7916 694.761 27.1267 24.5649
internal_count=9354 9193 8822 8234 8133 7926 7720 7658 7656 7516 1353 6163 1086 1084
is_linear=0
shrinkage=0.03


Tree=345
num_leaves=15
num_cat=0
split_feature=44 63 57 8 3 77 3 28 52 28 37 3 37 15
split_gain=15.1254 11.4293 12.2365 31.1238 16.129 14.3293 13.1223 24.0893 15.5985 13.537 13.4167 12.0248 9.90468 9.53034
threshold=0.13767636131370997 0.093160827230291413 0.00050410000490379552 1.0000000180025095e-35 408.50000000000006 0.0046707971551987445 420.00000000000006 0.060046402225953102 0.99815973957187831 0.10554732463388229 0.0010201670982191177 4444.0000000000009 0.0077619865427625443 0.11737589820379545
decision_type=2 2 2 2 2 2 2 2 2 2 2 2 2 2
left_child=1 2 6 4 -4 -6 7 8 10 -9 -1 -7 -2 -8
right_child=12 -3 3 -5 5 11 13 9 -10 -11 -12 -13 -14 -15
leaf_value=-0.03283204124672922 -0.036396546927961751 -0.031645685020646186 0.027928864007955332 -0.036022464496048921 0.017851785338617011 -0.044367458509416882 0.0055404799885464037 0.023433738018730301 0.030471381537804338 -0.028373081531289826 0.0075417970212615128 -0.0016230689957536266 0.0093936221164583888 -0.044606454574747566
leaf_weight=37.347280911373673 14.28317730415438 7.9720901942055198 16.546494554262608 24.507051063890685 12.548438925296066 9.7671834728680569 588.67940929102042 23.505368740385169 4.1764860972762099 4.6804568317893418 8.772616945236221 13.342782236635683 5.4042442440986624 2.4417934198281719
leaf_count=1457 407 756 38 507 41 68 5722 92 2 103 83 42 18 50
internal_value=0.00133056 0.00202208 0.00242358 -0.00885194 0.00434031 -0.00706872 0.00372661 -0.00773131 -0.0200322 0.0141535 -0.0251553 -0.0207795 -0.0239806 0.00525835
internal_weight=773.975 754.287 746.315 76.712 52.2049 35.6584 669.603 78.4822 50.2964 28.1858 46.1199 23.11 19.6874 591.121
internal_count=9386 8961 8205 696 189 151 7509 1737 1542 195 1540 110 425 5772
is_linear=0
shrinkage=0.03


Tree=346
num_leaves=15
num_cat=0
split_feature=82 37 87 51 77 4 77 65 35 65 79 2 4 2
split_gain=9.58503 13.3789 8.92087 17.501 16.6 19.0409 16.1254 14.8159 10.0398 9.88263 10.7846 9.69404 24.5298 12.8574
threshold=0.00086250344833999255 0.010095145803194485 0.0029080542891757647 0.17693719802344751 0.20350729517396188 0.00013281465095188794 0.0818666240521954 0.29851943682894067 9.4161598865275141e-05 0.16244542630529443 0.029812239955196794 3750.5000000000005 0.00013130443636479247 3866.0000000000005
decision_type=2 2 2 2 2 2 2 2 2 2 2 2 2 2
left_child=2 -2 3 6 5 -5 7 9 -7 10 11 12 -1 -13
right_child=1 -3 -4 4 -6 8 -8 -9 -10 -11 -12 13 -14 -15
leaf_value=0.0021556118589905805 -0.034391583433177032 0.024397306876903262 0.01749564295037092 -0.041036462762824716 0.033124716085860581 0.010913471454202264 -0.036157194633688584 -0.032106963770549467 -0.039943548519539539 0.019857479015627007 -0.018484031383259526 0.030399950743229685 -0.034700732937603576 0.0060117327971069365
leaf_weight=360.89963300727686 12.871793446014637 3.8545195627957574 31.39103301227442 21.903673119537416 4.5221434859558931 15.086472953989871 8.5421716693672334 9.5910647313285136 3.4627530202269545 31.334633858001325 19.67077653441811 20.372350581019418 16.016556014248636 230.39447903243126
leaf_count=4430 261 10 359 741 2 147 193 194 20 169 745 79 302 1815
internal_value=0.00158522 -0.0202318 0.00208271 0.00140779 -0.0165234 -0.0227387 0.00258715 0.00311976 -0.000138058 0.00366408 0.00285083 0.00354778 0.000501773 0.00810591
internal_weight=789.914 16.7263 773.188 741.797 44.975 40.4529 696.822 688.279 18.5492 678.688 647.354 627.683 376.916 250.767
internal_count=9467 271 9196 8837 910 908 7927 7734 167 7540 7371 6626 4732 1894
is_linear=0
shrinkage=0.03


Tree=347
num_leaves=15
num_cat=0
split_feature=45 38 16 79 63 63 33 83 40 4 63 75 42 77
split_gain=8.26874 8.25574 8.19167 7.85523 7.03602 8.82774 9.88848 6.83977 7.75954 6.51981 5.92665 5.87908 14.1629 13.3572
threshold=0.79880952380952397 0.18371193684694831 0.00052509134300968196 0.083235892202222703 0.84873562535286606 0.017365115981032939 0.096477983410403631 0.0013513117273298463 0.013922644519659447 4.9630016313365756e-05 0.045902922725294629 0.011454437350942344 0.059927829289430606 0.013898336417750793
decision_type=2 2 2 2 2 2 2 2 2 2 2 2 2 2
left_child=1 2 3 4 5 7 9 11 -9 10 -7 12 -1 -14
right_child=-2 -3 -4 -5 -6 6 -8 8 -10 -11 -12 -13 13 -15
leaf_value=0.0039512715357004997 -0.030596674378844113 -0.029515651375066898 -0.029810284775189953 -0.022256402636053888 0.034627231831308003 0.01613345170145411 0.015247653598890189 -0.036483831229728286 0.016019343170002712 -0.033850252363950062 -0.026476663860608752 0.012233966815201437 -0.04084145004940986 -0.0040359245882452951
leaf_weight=585.99587136469199 6.1871341973310328 6.5373854466015464 6.203176559698476 10.517184999065647 5.1742269634269169 5.7855332472245227 7.8998949001543215 6.889294673688708 3.0402576178312302 14.665453517853164 4.1911472971769399 62.480845971847884 10.643970421224365 38.451161975739524
leaf_count=6023 107 227 370 545 8 90 18 145 9 644 364 433 161 312
internal_value=0.00143868 0.00173603 0.0020425 0.002343 0.00271953 0.00245001 -0.0125975 0.00315894 -0.0204134 -0.0217708 -0.00254815 0.00352322 0.00264837 -0.0126715
internal_weight=774.663 768.475 761.938 755.735 745.218 740.043 32.542 707.501 9.92955 24.6421 9.97668 697.572 635.091 49.0951
internal_count=9456 9349 9122 8752 8207 8199 1116 7083 154 1098 454 6929 6496 473
is_linear=0
shrinkage=0.03


Tree=348
num_leaves=15
num_cat=0
split_feature=87 28 80 51 50 49 25 5 49 59 4 4 77 17
split_gain=7.96702 9.13216 7.68183 20.9468 15.3484 20.4723 16.1586 11.2261 9.72414 8.55039 7.36836 12.3407 8.69237 8.27473
threshold=0.0029080542891757647 0.014040955230886583 0.019888520147301463 0.20845662485973637 0.042309930518118009 0.020706271198019214 0.00039923824386810708 16726.927798327972 0.27552795850040629 0.037828215747452064 2.2179731450359234e-05 3.166275345010442e-05 0.052404333070758889 0.062300751414343707
decision_type=2 2 2 2 2 2 2 2 2 2 2 2 2 2
left_child=2 -2 3 9 5 6 -4 -7 -5 10 -1 13 -13 -12
right_child=1 -3 4 8 -6 7 -8 -9 -10 -11 11 12 -14 -15
leaf_value=0.016786360893085175 0.023560517533085551 -0.016715397948650013 -0.029622255734900828 -0.038470087802088035 0.024086343874768507 0.028060721712347133 0.013211923815497921 -0.008748824262731535 -0.0010477563350305204 -0.025193323104321288 -0.035651036496993159 0.0019699375622185831 -0.029866001236662401 0.004221393318401258
leaf_weight=25.782530197582673 25.858852404664507 5.4852294637821606 23.420907228777651 17.31232434997219 35.952206934860442 22.719774763099849 11.031925158575175 10.304049659520386 9.5736808776855451 10.079462380032053 12.67996260259679 550.08739678376878 6.8307316547143264 6.8284929906367315
leaf_count=180 310 55 491 602 72 26 27 51 185 149 702 6260 99 120
internal_value=0.00163712 0.0162133 0.00100091 -0.000231226 0.0085446 3.29948e-05 -0.0159208 0.0166559 -0.02566 0.000925388 0.00140359 0.000687667 0.00152663 -0.0221693
internal_weight=773.948 31.3441 742.603 639.175 103.429 67.4767 34.4528 33.0238 26.886 612.289 602.209 576.427 556.918 19.5085
internal_count=9329 365 8964 8297 667 595 518 77 787 7510 7361 7181 6359 822
is_linear=0
shrinkage=0.03


Tree=349
num_leaves=15
num_cat=0
split_feature=0 59 76 17 27 71 3 1 7 5 26 17 41 2
split_gain=11.9805 14.2091 13.9311 13.9522 17.5972 12.0697 11.4969 17.5964 15.59 13.9763 13.7133 11.9314 11.2946 12.1014
threshold=21.500000000000004 0.0005358215204258629 0.00023684087878049132 0.0020413490151206357 0.0046709349681089479 0.0014643432734558674 10976.500000000002 54.500000000000007 2.5000000000000004 68393.414107323624 0.00017850610769596745 0.38429315408605086 0.0028425250801530672 975.00000000000011
decision_type=2 2 2 2 2 2 2 2 2 2 2 2 2 2
left_child=1 2 3 4 12 -5 7 8 11 -8 -10 -2 -1 -14
right_child=6 -3 -4 5 -6 -7 9 -9 10 -11 -12 -13 13 -15
leaf_value=-0.0246759276971679 0.0072816891276929092 0.0082102945290491725 0.0029590193240105478 -0.03292953783588555 0.021056508002332053 0.0078954210088915937 0.030054685804887904 -0.042498310161650628 -0.03361243808136808 -0.008128120145812023 0.0021555833521174519 -0.021435732441194226 0.026153784235234501 -0.029722103372767029
leaf_weight=89.148745958584186 330.69532085468381 81.253099592024228 94.975504074260243 6.671466724947094 9.0477896339725685 42.415275891500642 30.34145798406098 6.425021804199786 16.472848892386537 11.404854886583051 21.28859374136664 12.602866983739657 8.1251882650685712 4.6676313444622783
leaf_count=2802 3238 480 666 325 15 434 76 101 459 122 186 218 54 200
internal_value=0.00158738 -0.0026482 -0.006126 -0.0115012 -0.0173474 0.00180016 0.00490442 0.00326629 0.00414714 0.0196772 -0.0139123 0.00616824 -0.0209274 0.00508992
internal_weight=765.536 336.305 255.052 160.076 110.989 49.0867 429.231 387.485 381.06 41.7463 37.7614 343.298 101.942 12.7928
internal_count=9376 4976 4496 3830 3071 759 4400 4202 4101 198 645 3456 3056 254
is_linear=0
shrinkage=0.03


Tree=350
num_leaves=15
num_cat=0
split_feature=74 2 2 5 24 75 76 82 5 26 57 14 57 65
split_gain=16.0778 10.2406 16.2833 22.0675 18.4058 16.6817 11.8722 11.2665 10.7286 10.0191 9.57698 19.7029 15.5936 8.75576
threshold=0.93603994896957921 1567.5000000000002 975.00000000000011 5434.470665737269 0.0012331974940697039 0.0010637589645337614 0.011758283958744791 0.00085015944329282927 9239.6810223715456 0.25842850520460203 0.0097122250418097463 0.031748071465168705 0.032241564227373988 0.44871422655672227
decision_type=2 2 2 2 2 2 2 2 2 2 2 2 2 2
left_child=1 2 3 -1 5 7 -5 -4 -7 10 13 -12 -13 -3
right_child=-2 9 4 6 -6 8 -8 -9 -10 -11 11 12 -14 -15
leaf_value=-0.025259656347592013 -0.04016867831856754 0.0051895256623323612 -0.034292582578656132 0.015002788648054804 0.028648771251593305 0.02192358183184942 -0.030148321554167509 0.0083303053397608441 -0.032469095232742377 -0.029353802745564355 -0.036200301294739161 -0.041216320267283751 0.017865785433242708 -0.044088476191790807
leaf_weight=17.765960432516295 7.3343062762869513 562.90611870573775 42.982623650044843 63.272018540585123 6.6931116743216981 10.803552254597887 4.7817586366145397 5.9956541341962284 3.5428579852814428 7.266836561728268 14.925631899503058 4.001663881121206 19.817871696082875 2.2739383856242048
leaf_count=840 88 5711 1159 725 30 85 47 56 145 137 215 35 64 98
internal_value=0.00127873 0.00172684 -0.00511614 0.00363889 -0.0157472 -0.020812 0.0114396 -0.0290126 0.00725079 0.00347712 0.00392003 -0.0103342 0.00667931 0.00491374
internal_weight=774.364 767.03 155.838 85.8197 70.0178 63.3247 68.0538 48.9783 14.3464 611.192 603.925 38.7452 23.8195 565.18
internal_count=9435 9347 3087 1612 1475 1445 772 1215 230 6260 6123 314 99 5809
is_linear=0
shrinkage=0.03


Tree=351
num_leaves=15
num_cat=1
split_feature=15 51 42 5 6 73 72 0 2 2 36 5 33 4
split_gain=8.03934 8.11351 7.7387 7.57426 17.8957 18.0372 31.1792 16.4756 14.1559 15.0259 13.482 18.3099 22.0872 13.4112
threshold=0.11737589820379545 0.36545518207282918 0.40504674861023277 12584.828889278046 0 0.0029985074895254541 0.41851006015593278 14.500000000000002 3832.5000000000005 3866.0000000000005 0.17901057789963407 180388.8133727294 0.00031870745742949949 0.00013130443636479247
decision_type=2 2 2 2 9 2 2 2 2 2 2 2 2 2
left_child=1 2 3 4 7 -6 -7 -1 13 -10 -11 12 -12 -5
right_child=-2 -3 -4 8 5 6 -8 -9 9 10 11 -13 -14 -15
leaf_value=0.013159459220644624 -0.043489008577001061 -0.029411264607974393 -0.034182631265391984 -0.0023089143487464978 0.015776736492040859 -0.036506758845126656 0.024362706697038394 -0.027278107388557349 0.034496986355303086 0.0070713940870745055 -0.039133769170746832 0.019893334212998801 0.0095620714963120714 -0.029319686102964315
leaf_weight=13.506488751911091 2.5004706428735508 6.2957289605546967 4.1787941824877626 258.31997532267269 150.04226704820758 16.157574798271529 12.64060446852818 23.885546870471444 14.281835230911382 212.18497171763738 21.986599163385108 12.237263277173041 12.67379019781947 16.696735959936632
leaf_count=154 63 576 84 3077 1580 676 43 854 35 1741 206 23 23 290
internal_value=0.00188643 0.00208866 0.00238449 0.00262873 0.00736987 0.0110035 -0.0098679 -0.0100829 0.00074923 0.00557369 0.0038528 -0.0105531 -0.021559 -0.00404907
internal_weight=777.589 775.088 768.792 764.614 216.232 178.84 28.7982 37.392 548.381 273.364 259.083 46.8977 34.6604 275.017
internal_count=9425 9362 8786 8702 3307 2299 719 1008 5395 2028 1993 252 229 3367
cat_boundaries=0 1
cat_threshold=4418
is_linear=0
shrinkage=0.03


Tree=352
num_leaves=15
num_cat=0
split_feature=17 63 71 17 36 12 12 36 36 64 41 2 70 28
split_gain=8.32741 12.7159 15.2941 7.9029 7.36141 7.05776 7.55772 7.8958 6.66817 10.2504 11.061 11.589 10.1994 9.56315
threshold=0.39387021804399608 0.0062159096221751624 0.071724635934656986 0.7209433777068367 0.87047880677998546 0.066397545779692882 0.00188608776844071 0.14826762246117087 0.55799245198694003 0.35347347347347352 0.018107556915847936 2246.5000000000005 0.2361957994579946 0.15903573548362951
decision_type=2 2 2 2 2 2 2 2 2 2 2 2 2 2
left_child=4 2 -2 -3 5 6 8 -8 13 10 11 -10 -13 -1
right_child=1 3 -4 -5 -6 -7 7 -9 9 -11 -12 12 -14 -15
leaf_value=0.0028136547962350194 -0.042633031709953938 -0.019928120276309632 0.0056683845400136773 0.031521513165246123 -0.024794282143980294 -0.028310716948545797 0.02321701365402825 -0.01519940318300006 0.014199404373779831 0.047445993192170174 0.025940877540522104 -0.035859954321772393 0.01723560690403764 -0.022373471557435461
leaf_weight=632.88134363048448 13.938072876655498 3.2161313793767459 9.4020124061498773 7.0380448894575238 7.34449987579137 5.2138687194965305 29.408577122056158 5.0035327069926998 15.943584164371716 5.9050341495312741 18.170587677974254 10.708815609570591 3.8171172663569441 12.872338409186339
leaf_count=7669 455 79 53 23 168 229 143 45 101 3 36 136 6 197
internal_value=0.00259022 -0.0118095 -0.0237424 0.0150479 0.00325249 0.00356397 0.00382834 0.0173598 0.00313961 0.0131183 0.00807893 -0.00305892 -0.0216961 0.00227776
internal_weight=780.864 33.5943 23.3401 10.2542 747.269 739.925 734.711 34.4121 700.299 54.5451 48.6401 30.4695 14.5259 645.754
internal_count=9343 610 508 102 8733 8565 8336 188 8148 282 279 243 142 7866
is_linear=0
shrinkage=0.03


Tree=353
num_leaves=15
num_cat=0
split_feature=63 71 71 49 5 4 17 72 58 38 33 0 36 41
split_gain=14.6311 13.5149 12.6229 11.3849 10.4265 9.09901 7.97439 12.6511 7.86702 7.98128 7.77541 8.76309 8.39162 7.61166
threshold=0.0012039038637777896 0.0084487325909711006 0.0063428217564596512 0.71174501537003521 116146.651301543 0.00010103330020511213 0.026260766973618382 0.013968645582986931 0.0038052029076130543 0.19613219800837065 0.1267239866643271 24.500000000000004 0.10172796395652113 0.016163785694534753
decision_type=2 2 2 2 2 2 2 2 2 2 2 2 2 2
left_child=3 2 4 8 5 10 -3 13 9 -1 11 12 -2 -8
right_child=1 6 -4 -5 -6 -7 7 -9 -10 -11 -12 -13 -14 -15
leaf_value=0.0050004897582344018 -0.034098003556511589 -0.036788944192160687 0.02793916090416056 -0.034675883378634961 0.014772563385662549 -0.038960856880029995 -0.050567946668190422 0.0095084622847041687 -0.028360763124021061 -0.028726337110514564 0.025466317025749009 0.01121948143422972 0.012110493802495719 0.017978854843539605
leaf_weight=650.29560239758575 14.164263563019636 17.179009327017411 11.04135609520017 5.8041153133817707 15.147972052858675 8.8267695294198329 5.9804688204676522 12.626699280925093 5.5682139769778578 5.3962912186980239 5.0153179839253417 8.9940001297218242 4.0488699372217516 1.295363664627075
leaf_count=6463 670 766 29 252 89 209 318 50 204 209 9 120 35 1
internal_value=0.00233226 -0.00806528 2.20059e-05 0.00396794 -0.0058556 -0.0136381 -0.0223451 -0.0087143 0.00435898 0.0046796 -0.00573742 -0.0121884 -0.02373 -0.0376663
internal_weight=771.384 104.32 67.2385 667.064 56.1972 41.0492 37.0815 19.9025 661.26 655.692 32.2225 27.2071 18.2131 7.27583
internal_count=9424 2296 1161 7128 1132 1043 1135 369 6876 6672 834 825 705 319
is_linear=0
shrinkage=0.03


Tree=354
num_leaves=15
num_cat=0
split_feature=73 75 46 46 33 75 63 63 17 53 34 72 57 85
split_gain=7.27306 7.16698 6.87401 12.2227 6.90204 8.39437 6.48404 9.53285 6.54554 6.36313 6.32771 6.51767 6.34022 5.89177
threshold=0.30302637121914239 0.20565899030536558 0.61611578709307857 0.51829594017094027 0.12560285810548902 0.089188317504242234 0.84873562535286606 0.031068805026481235 0.52842412262414273 0.0010020291592493418 0.0008313039770119255 0.034828780383460468 0.15773883761536545 0.086612308857969431
decision_type=2 2 2 2 2 2 2 2 2 2 2 2 2 2
left_child=1 2 3 4 5 6 7 9 -9 10 12 -12 13 -1
right_child=-2 -3 -4 -5 -6 -7 -8 8 -10 -11 11 -13 -14 -15
leaf_value=0.0033427269164363186 -0.020451927533966106 -0.035265670784936622 -0.03213706751638308 0.031600883283609382 0.024978389800468705 -0.030930745087576806 0.033460247452673272 -0.031336994972471173 0.016443196662771636 -0.031728139556276985 -0.051463593486458327 0.014542234024040805 -0.027829829475225668 0.024194085008729389
leaf_weight=687.0077197822975 11.182312267475934 3.4043015903152982 3.9484056968940413 12.561179684591478 11.484299181029199 5.7174282638516152 5.1512644276954225 10.883026044124561 2.6143043224001294 3.7266450343304305 2.7500965561193871 1.5401153179700484 4.7927363601047537 11.449078584089873
leaf_count=6502 789 410 90 26 35 282 10 744 27 62 189 26 134 42
internal_value=0.00256126 0.00292295 0.0031391 0.00336445 0.00284811 0.00246919 0.00277277 0.00250885 -0.0215866 0.00299577 0.00322318 -0.0294987 0.0034644 0.00371862
internal_weight=778.213 767.031 763.626 759.678 747.117 735.632 729.915 724.764 13.4973 711.266 707.54 4.29021 703.25 698.457
internal_count=9368 8579 8169 8079 8053 8018 7736 7726 771 6955 6893 215 6678 6544
is_linear=0
shrinkage=0.03


Tree=355
num_leaves=15
num_cat=1
split_feature=11 59 77 36 50 0 76 3 28 4 6 16 0 76
split_gain=10.3281 9.23312 8.0446 17.8095 14.7811 16.8288 8.86037 8.7912 12.9408 22.8739 10.5514 10.109 9.93602 13.1027
threshold=0.00067916844340937808 0.098633843568236165 0.018064272391107885 0.34247434853168685 0.04478397498413289 26.500000000000004 0.038243596526492361 8089.0000000000009 0.0027327071676738718 4.7078057396065947e-05 0 0.00019835998287082382 22.500000000000004 0.0024166338046369487
decision_type=2 2 2 2 2 2 2 2 2 2 9 2 2 2
left_child=1 2 4 6 7 -6 -4 8 9 10 -1 -10 13 -9
right_child=-2 -3 3 -5 5 -7 -8 12 11 -11 -12 -13 -14 -15
leaf_value=0.013751728819115627 -0.034043316908287512 -0.031021610508620696 0.011045905448364252 -0.028496226550732365 -0.033149873117953338 0.010822830087090023 -0.026522842771758013 -0.017129029975247533 0.0024019239411751259 -0.034153505797719461 -0.015265127403495947 -0.034115672948769181 0.02115661039687192 0.019963744828750091
leaf_weight=19.969851152913179 6.3319220048142588 6.6699082916602483 169.34706158484914 10.672716212458907 22.503016724542249 11.148041649750665 4.9167353715747586 18.711112403172592 407.56974746681226 24.886084484758612 7.6259635796013781 5.9409203890390918 39.369442322116811 14.167222057702018
leaf_count=316 121 204 934 73 659 108 33 521 4416 948 540 342 162 54
internal_value=0.0013987 0.00173678 0.00206603 0.00748686 0.000303054 -0.0186905 0.00984065 0.001523 4.32563e-06 -0.0138839 0.00495042 0.00179624 0.0111845 -0.00102832
internal_weight=769.83 763.498 756.828 184.937 571.891 33.6511 174.264 538.24 465.993 52.4819 27.5958 413.511 72.2478 32.8783
internal_count=9431 9310 9106 1040 8066 767 967 7299 6562 1804 856 4758 737 575
cat_boundaries=0 1
cat_threshold=1044
is_linear=0
shrinkage=0.03


Tree=356
num_leaves=15
num_cat=0
split_feature=17 71 14 15 45 15 63 51 36 46 0 87 27 33
split_gain=10.4578 12.2222 7.85115 7.85233 7.74627 7.0805 11.2519 12.2955 10.2224 12.3732 11.1625 11.0526 9.74597 8.63258
threshold=0.44104534116581207 0.071724635934656986 0.91343742258877703 0.11737589820379545 0.79880952380952397 1.0000000180025095e-35 1.0000000180025095e-35 0.045757654036882221 0.41125122711861578 0.0078496365053258663 25.500000000000004 0.00077700382497106234 0.010068731305864996 0.014617979532486468
decision_type=2 2 2 2 2 2 2 2 2 2 2 2 2 2
left_child=2 -2 3 4 5 6 12 8 9 11 -11 13 -1 -8
right_child=1 -3 -4 -5 -6 -7 7 -9 -10 10 -12 -13 -14 -15
leaf_value=0.0038096615268058908 -0.031669466530675899 0.010804441333471703 -0.028936214244763777 -0.042514275306345155 -0.03004308132518662 0.013812414686897732 -0.020456944645525225 -0.045913890100275419 0.026122050306969534 -0.02062239636935297 0.03347273294090071 0.026760242932326476 -0.037408878900371333 0.0030326430642579278
leaf_weight=550.1576860509158 16.970568117278166 8.6090535061666724 6.4769738643080919 2.5559200486459295 5.6540804355172432 45.460471738828346 57.515236894039845 5.8850179053843013 8.0535780896898341 4.1488922118005567 10.247729969589271 5.3075803332030764 4.218620636034756 18.232273694389733
leaf_count=5999 503 41 181 68 110 235 1791 43 12 174 16 7 33 158
internal_value=0.000978365 -0.0175058 0.00165475 0.00197082 0.00218903 0.00248793 0.00169272 -0.00705892 -0.00443153 -0.00725354 0.0175564 -0.0118204 0.00342921 -0.0148372
internal_weight=749.494 25.5796 723.914 717.437 714.881 709.227 663.767 109.39 103.505 95.4517 14.3966 81.0551 554.376 75.7475
internal_count=9371 544 8827 8646 8578 8468 8233 2201 2158 2146 190 1956 6032 1949
is_linear=0
shrinkage=0.03


Tree=357
num_leaves=15
num_cat=0
split_feature=0 80 26 58 5 3 70 14 49 35 28 72 5 0
split_gain=8.97587 14.2949 13.2784 11.4625 12.1012 19.2945 16.2534 14.908 13.218 12.9759 11.415 11.4135 15.0465 20.2542
threshold=25.500000000000004 0.051324618516166515 0.00047416007455262249 0.0015887998568069844 20410.397594998722 2267.5000000000005 0.095586136943129604 0.086154103382711039 0.34827613607107499 0.0042859040717480278 0.1885760466176504 0.00079782223489515975 47482.826838771834 24.500000000000004
decision_type=2 2 2 2 2 2 2 2 2 2 2 2 2 2
left_child=3 2 -2 4 7 9 11 8 10 -6 -1 12 13 -7
right_child=1 -3 -4 -5 5 6 -8 -9 -10 -11 -12 -13 -14 -15
leaf_value=0.0083490179813601184 0.011815364077629311 -0.030757373996324746 -0.03136652006106988 -0.028946353562430811 -0.026382788318132264 -0.031418338107408336 -0.037187600393857621 -0.033277429597785235 -0.033000960333666035 0.00021929083611332769 -0.035869162522591529 0.010391410965503677 0.0022601393092918625 0.016078069650578664
leaf_weight=233.93922594063042 132.92368411883217 7.3231797683984032 5.7874780317943069 11.665034164179813 47.942144164349884 29.263207726755354 9.12821721837099 7.948767777910688 6.5474665581568834 24.872822946519591 4.4035765392472959 84.839044296750217 116.0021016192477 10.315032247337511
leaf_count=3216 1221 140 112 468 1091 729 169 293 234 150 111 440 893 59
internal_value=0.000944282 0.00757278 0.00980206 -0.000715211 -9.34434e-05 -0.00394191 4.34645e-05 0.00480944 0.00617599 -0.0174159 0.0073856 0.00160523 -0.0032217 -0.0189485
internal_weight=732.901 146.034 138.711 586.867 575.202 322.363 249.548 252.839 244.89 72.815 238.343 240.419 155.58 39.5782
internal_count=9326 1473 1333 7853 7385 3531 2290 3854 3561 1241 3327 2121 1681 788
is_linear=0
shrinkage=0.03


Tree=358
num_leaves=15
num_cat=0
split_feature=44 87 57 3 48 42 3 79 14 4 39 3 5 4
split_gain=14.5035 9.98016 10.4848 14.9198 16.0735 9.80567 10.7626 8.77562 8.6807 8.44575 8.04932 14.0571 14.7141 12.0565
threshold=0.48873590177938009 0.0034069653513850539 0.00077085193300659323 128.50000000000003 0.0041039432393371756 0.050487784185878327 2096.5000000000005 0.00097372460565101602 0.02538366339937027 6.6603988616599648e-05 0.0012383943661107824 8089.0000000000009 36738.930977937773 0.00021419456511935088
decision_type=2 2 2 2 2 2 2 2 2 2 2 2 2 2
left_child=1 2 5 -4 -5 10 9 8 -6 -7 13 12 -12 -1
right_child=-2 -3 3 4 7 6 -8 -9 -10 -11 11 -13 -14 -15
leaf_value=0.0062995410299114393 -0.043067845889145744 -0.028256757849790912 0.02185140165408575 -0.036337602417872115 -0.023695035206650086 -0.028899662976576059 -0.02923598956857789 -0.036347675453638699 0.0099242047735510486 0.0184459239087616 0.00088053296389019656 0.019822551674534644 -0.037945098749664896 -0.019757234711315134
leaf_weight=579.21038560037414 5.3986045903147888 8.5081673703680263 11.578748659900155 18.833540579566034 8.0307632930343953 3.7181167778617263 15.51709602656774 5.2370700840838245 28.535615304484963 11.222367193317039 19.0551852272838 11.80119208882388 15.229634549090404 15.482874423105384
leaf_count=6575 172 345 75 357 107 123 121 43 94 39 497 57 383 330
internal_value=0.00191668 0.00229641 0.00268355 -0.00810495 -0.0140869 0.00385457 -0.0125182 -0.00344761 0.00210649 0.0055896 0.0046511 -0.00731477 -0.0169528 0.00558912
internal_weight=757.359 751.961 743.453 72.2157 60.637 671.237 30.4576 41.8034 36.5664 14.9405 640.779 46.086 34.2848 594.693
internal_count=9318 9146 8801 676 601 8125 283 244 201 162 7842 937 880 6905
is_linear=0
shrinkage=0.03


Tree=359
num_leaves=15
num_cat=0
split_feature=2 87 87 87 82 22 2 65 2 11 14 4 37 33
split_gain=27.7476 9.455 10.3711 9.92742 9.06116 8.1293 7.67074 7.40747 7.46987 9.48067 7.05634 7.15463 8.12591 7.24009
threshold=701.50000000000011 0.0043293426140936344 0.0029080542891757647 1.0000000180025095e-35 0.00041035211836635757 0.00087072088259331545 40174.000000000007 0.44871422655672227 15891.500000000002 0.00067916844340937808 0.91343742258877703 0.0002671764703322252 0.0010201670982191177 0.096477983410403631
decision_type=2 2 2 2 2 2 2 2 2 2 2 2 2 2
left_child=-1 2 3 4 6 -5 7 8 9 10 11 13 -13 -2
right_child=1 -3 -4 5 -6 -7 -8 -9 -10 -11 -12 12 -14 -15
leaf_value=-0.033322741840031152 0.0034696911222113092 -0.032214312000741062 0.025216048153887064 -0.03513354300568898 -0.015973660886416635 0.022322816381328152 -0.029491146796456091 -0.043265729072292793 0.018342304594903647 -0.033482224952104601 -0.027739746243435521 -0.036652529565224863 0.0051565982012621529 0.023916962710255969
leaf_weight=19.478345197610906 593.86847642855719 6.1666252201539455 16.537482828600332 9.8311731196736201 22.528429830388632 2.0527329444885245 5.4972483930177978 2.0679625770280827 28.191952999128262 5.4209756675409144 5.5889005866483776 7.4305487893143418 7.8779339473840082 15.045196143910287
leaf_count=996 6609 275 37 190 313 1 192 89 197 92 168 140 29 53
internal_value=0.00112027 0.00208613 0.00242327 0.00185397 0.00233549 -0.0242467 0.00297308 0.00328509 0.0034951 0.00280838 0.00317332 0.00349402 -0.0161401 0.00401329
internal_weight=747.584 728.106 721.939 705.402 693.518 11.8839 670.989 665.492 663.424 635.232 629.811 624.222 15.3085 608.914
internal_count=9381 8385 8110 8073 7882 191 7569 7377 7288 7091 6999 6831 169 6662
is_linear=0
shrinkage=0.03


Tree=360
num_leaves=15
num_cat=0
split_feature=28 2 1 48 71 28 28 87 87 2 64 64 63 40
split_gain=7.61397 18.1896 15.0702 16.9661 12.3963 8.85571 11.2615 10.1931 10.6676 9.56225 8.75553 14.2751 8.46038 13.6324
threshold=0.090223336557138586 2221.5000000000005 8.5000000000000018 0.22292662136017388 0.020982987517304028 0.031839899926168473 0.030237246811702929 0.0029080542891757647 1.0000000180025095e-35 619.50000000000011 0.35347347347347352 0.0014833389317612754 0.00061124837111743106 0.011406069711073082
decision_type=2 2 2 2 2 2 2 2 2 2 2 2 2 2
left_child=5 2 3 -2 -3 6 7 8 9 -1 11 -11 -7 -14
right_child=1 4 -4 -5 -6 12 -8 -9 -10 10 -12 -13 13 -15
leaf_value=-0.03071487080169252 -0.047394199708951625 -0.035385959530614366 0.016455308081553242 0.027478326125442314 0.017002325655024589 0.010304491984856643 -0.036940184863762077 0.018027600559991273 -0.033674836032592803 0.0010205219589349932 0.031468440241383108 -0.032919114961735406 -0.036133213367967841 0.0051953034758505049
leaf_weight=7.8951522093848316 7.3712944929429778 22.838928771176146 27.616592611258966 3.2505612373352051 4.2732648879173203 164.63001334267028 6.3294226857396998 27.20049122144701 7.5902149981993707 418.46065630894009 7.1705377106554797 10.458084613201207 8.7418095632601744 26.622780587589659
leaf_count=602 167 342 178 1 27 961 102 325 183 5679 46 163 311 293
internal_value=0.00122219 -0.00848467 0.00486621 -0.0240885 -0.0268177 0.00215914 -3.46791e-05 0.000529191 -0.000562326 7.81588e-05 0.000704645 0.000118345 0.00745413 -0.00573344
internal_weight=750.45 65.3506 38.2384 10.6219 27.1122 685.099 485.105 478.775 451.575 443.984 436.089 428.919 199.995 35.3646
internal_count=9380 715 346 168 369 8665 7100 6998 6673 6490 5888 5842 1565 604
is_linear=0
shrinkage=0.03


Tree=361
num_leaves=15
num_cat=1
split_feature=4 28 2 2 75 65 65 79 12 4 2 2 11 6
split_gain=10.7921 11.4708 9.69407 8.99562 7.60396 7.40076 9.09136 11.3917 7.91593 7.86436 12.8477 7.30394 6.96793 6.94996
threshold=0.00021419456511935088 0.0098264013162807362 8241.5000000000018 11480.500000000002 0.089188317504242234 0.27664090743794506 0.16244542630529443 0.041130331898574089 0.035263616730862729 2.2179731450359234e-05 619.50000000000011 291.50000000000006 0.00067916844340937808 0
decision_type=2 2 2 2 2 2 2 2 2 2 2 2 2 9
left_child=4 -2 -3 -4 5 6 7 8 9 -1 11 -11 13 -12
right_child=1 2 3 -5 -6 -7 -8 -9 -10 10 12 -13 -14 -15
leaf_value=0.020638010004959222 -0.04153504927410695 -0.033607423103304224 0.01875548470445644 -0.021869091201836492 -0.019975286576828219 -0.018908128077802427 0.021003104026019199 -0.02187727900933863 -0.028538524932714752 0.0097252569040053877 -0.0035636301583145662 -0.038238173636605879 -0.031161982816648264 0.0054588598684812313
leaf_weight=23.72658103069989 8.7684451121822331 6.2099120842030997 14.954470361699352 6.1346516854246138 11.791897618670189 12.202778961363945 25.585012321185786 15.060979716843574 5.8015139115159391 3.4827965498116091 84.400188684754539 9.2411329902970447 4.0474839231465003 543.38026573063689
leaf_count=165 256 118 55 74 655 198 131 563 231 99 1941 497 83 4313
internal_value=0.00218387 -0.0136193 -0.00350192 0.00648308 0.00297282 0.003372 0.00377829 0.00310929 0.00369915 0.00402123 0.00337853 -0.0253576 0.00399638 0.00427226
internal_weight=774.788 36.0675 27.299 21.0891 738.721 726.929 714.726 689.141 674.08 668.278 644.552 12.7239 631.828 627.78
internal_count=9379 503 247 129 8876 8221 8023 7892 7329 7098 6933 596 6337 6254
cat_boundaries=0 1
cat_threshold=1136
is_linear=0
shrinkage=0.03


Tree=362
num_leaves=15
num_cat=1
split_feature=0 44 58 5 3 6 0 45 49 0 26 72 35 75
split_gain=15.8526 8.6953 7.56368 7.73448 20.9044 13.8659 12.9562 21.4027 13.3866 9.21889 9.04588 10.9155 13.1036 13.4223
threshold=28.500000000000004 0.13767636131370997 0.010105121085414724 12584.828889278046 1647.5000000000002 0 14.500000000000002 0.36978568157002595 0.082799255772835451 16.500000000000004 0.0021975700266056585 0.00079782223489515975 1.0000000180025095e-35 0.00019100376812438062
decision_type=2 2 2 2 2 9 2 2 2 2 2 2 2 2
left_child=1 2 3 5 -5 9 8 -8 -7 -1 11 12 -6 -14
right_child=-2 -3 -4 4 10 6 7 -9 -10 -11 -12 -13 13 -15
leaf_value=-0.0091216377248066281 -0.030463773507377136 -0.016893074173154082 -0.030362979563420957 -0.011265587857123217 0.0060925105587320569 -0.028110846092056246 -0.030336623662100284 0.016808732566290407 0.027789150783401301 0.015396593923369457 -0.010917146587245095 0.014526905454812934 -0.0030483314448285798 -0.038709495798998225
leaf_weight=14.722475253016453 12.767273103163459 20.255370807943109 5.226295178566942 101.15476753021721 218.85762961768341 4.2476485120714669 26.243842629774008 11.938318584667284 14.462726095400283 133.57475358036027 33.152651815806166 86.310056312970119 62.760654389276169 10.239522546806255
leaf_count=344 407 394 244 1505 2442 273 1441 106 34 1106 292 427 324 144
internal_value=0.00143865 0.00202694 0.00257968 0.00286149 0.000885548 0.00776832 -0.00481392 -0.015543 0.0143163 0.0121068 0.00389391 0.00521772 0.00242454 -0.00850592
internal_weight=755.914 743.147 722.891 717.665 512.475 205.19 56.8925 38.1822 18.7104 148.297 411.321 378.168 291.858 73.0002
internal_count=9483 9076 8682 8438 5134 3304 1854 1547 307 1450 3629 3337 2910 468
cat_boundaries=0 1
cat_threshold=1196
is_linear=0
shrinkage=0.03


Tree=363
num_leaves=15
num_cat=0
split_feature=38 38 41 49 62 42 37 5 5 42 48 5 2 4
split_gain=7.93621 12.0457 11.5913 7.67405 7.5463 7.20018 9.34487 10.4476 12.6206 9.03153 13.5415 9.26346 11.0309 9.86375
threshold=0.12988728986245546 0.23803058956430886 0.085379453913496037 0.74836892052194559 0.0035352998006288991 0.048767182743531208 0.002079038023487511 4308.3982452319988 101926.07761132518 0.00970703652889888 0.068995719104471068 129228.95324211403 8241.5000000000018 0.00021419456511935088
decision_type=2 2 2 2 2 2 2 2 2 2 2 2 2 2
left_child=2 -2 3 4 5 9 7 -7 -9 10 11 13 -13 -1
right_child=1 -3 -4 -5 -6 6 -8 8 -10 -11 -12 12 -14 -15
leaf_value=0.0032380024459982542 0.023527205763865178 -0.02707099934764377 -0.029686673426008742 -0.032497184424989813 -0.04141170553471623 0.011713942338706181 0.020281670917385142 -0.0350412311112007 -0.0004327887162251305 0.011407573705489163 -0.033775509376900943 -0.026305388062850921 0.0099412915734419776 -0.021220657374291008
leaf_weight=488.97152049475699 25.792725874809552 4.1640334417461409 10.395212713141516 5.1683637852183884 2.7358148879357023 10.71629709296394 7.64139525219798 22.190303096082062 16.087023384403437 83.381594179139938 8.9769298877217789 20.880682874878406 10.882117791858034 14.314076127600854
leaf_count=6625 85 185 396 233 158 102 10 310 76 328 158 255 70 306
internal_value=0.000980939 0.0158467 0.000325245 0.00081831 0.00111591 0.0013462 -0.00880551 -0.0136571 -0.0208775 0.00227514 0.000857065 0.00150005 -0.0139627 0.00250167
internal_weight=732.298 29.9568 702.341 691.946 686.778 684.042 56.635 48.9936 38.2773 627.407 544.025 535.048 31.7628 503.286
internal_count=9297 270 9027 8631 8398 8240 498 488 386 7742 7414 7256 325 6931
is_linear=0
shrinkage=0.03


Tree=364
num_leaves=15
num_cat=0
split_feature=15 4 11 63 33 49 49 5 77 5 33 0 2 4
split_gain=9.46466 7.71013 8.02856 7.76304 10.6787 7.05689 8.3864 7.73934 20.5809 17.8029 13.0334 12.3142 9.57188 20.3942
threshold=0.010412756107202707 0.00044523253478252224 0.00067916844340937808 0.033129191224084385 0.11928922454773097 0.74836892052194559 0.67872402737332937 5131.4925933578015 0.0067584997835766205 6849.7491416516159 0.0032481372916706966 23.500000000000004 3832.5000000000005 0.00013130443636479247
decision_type=2 2 2 2 2 2 2 2 2 2 2 2 2 2
left_child=1 2 3 5 -5 6 7 8 10 11 -1 -9 13 -11
right_child=-2 -3 -4 4 -6 -7 -8 9 -10 12 -12 -13 -14 -15
leaf_value=-0.033538880752225657 -0.027699879069628688 0.024217345280251257 -0.032643798236167074 -0.03241817104847261 0.015180612114786432 -0.031738654589054047 0.024785189355848829 0.025901939339254307 0.01019105937457822 -0.00077529248589691918 0.007225851222139033 -0.032073729962309734 0.0052554846181442844 -0.035314682137404525
leaf_weight=26.931204982494819 9.4471240764541999 11.714084727340376 5.4615322494064449 12.56910312297987 5.4617680590599766 4.7179146533380836 12.920395353343336 37.754129087668844 28.786020511601237 305.48636562027968 9.0287220255704579 2.7615480530657797 255.1216033645469 15.204830150600172
leaf_count=1316 132 61 122 1186 10 233 16 257 365 3286 47 71 1971 296
internal_value=0.000655445 0.00105763 0.000649019 0.000947836 -0.0179599 0.00146074 0.00173177 0.00125874 -0.00852926 0.00229913 -0.0233852 0.0212729 0.000929518 -0.00251759
internal_weight=743.366 733.919 722.205 716.744 18.0309 698.713 693.995 681.074 64.7459 616.328 35.9599 40.5157 575.813 320.691
internal_count=9369 9237 9176 9054 1196 7858 7625 7609 1728 5881 1363 328 5553 3582
is_linear=0
shrinkage=0.03


Tree=365
num_leaves=15
num_cat=0
split_feature=0 75 0 70 37 57 38 28 28 37 71 73 83 85
split_gain=11.9514 9.00683 18.6426 14.2396 12.1574 11.5302 12.5975 11.2027 8.22984 10.6137 7.51658 7.2839 7.15514 7.46797
threshold=28.500000000000004 0.00092976024625096262 26.500000000000004 0.003094692497854276 0.0096131146522535973 0.0013989354509245384 0.00024039968035275563 0.014949766541887986 0.011817624929246781 0.002079038023487511 0.039802456096864412 0.30302637121914239 0.0012739039557557741 0.086612308857969431
decision_type=2 2 2 2 2 2 2 2 2 2 2 2 2 2
left_child=1 5 3 4 -3 11 -7 -8 -5 -10 -2 12 13 -1
right_child=10 2 -4 8 -6 6 7 -9 9 -11 -12 -13 -14 -15
leaf_value=0.0038440860509638707 -0.039263549642467199 -0.037483635361900129 0.019079419426656578 0.018394493831112194 -0.0014931338671633773 -0.037123563004910397 -0.023406714686154226 0.013325013505943346 -0.029679503497623237 0.0055505239572909496 0.014639728295894303 -0.0216432745962633 -0.023197164747102005 0.029786967607746948
leaf_weight=553.08993486138934 9.5247340942223655 26.518337675683142 18.606139478069963 12.320992107299388 12.311866798481786 12.167733227252027 11.601713194890182 17.37268868368119 12.587941648780545 17.157307997607859 2.4176163123920551 9.2374427298491337 7.6553647605614961 9.1983917579054815
leaf_count=5888 379 949 98 79 172 205 255 57 275 113 29 719 139 12
internal_value=0.00051101 0.00102335 -0.00731084 -0.0135394 -0.0263961 0.00236981 -0.0127896 -0.00167304 -0.00133441 -0.00983894 -0.0280633 0.00346684 0.00391101 0.00432061
internal_weight=731.768 719.826 99.5026 80.8964 38.8302 620.323 41.1421 28.9744 42.0662 29.7452 11.9424 579.181 569.944 562.288
internal_count=9369 8961 1686 1588 1121 7275 517 312 467 388 408 6758 6039 5900
is_linear=0
shrinkage=0.03


Tree=366
num_leaves=15
num_cat=0
split_feature=2 40 37 24 59 0 73 5 50 49 2 39 75 40
split_gain=11.6296 14.6524 11.8321 12.1044 15.5685 12.6338 10.0964 9.30381 15.7358 12.677 13.7894 12.3261 12.748 12.0524
threshold=1484.0000000000002 0.46799899395867106 0.00085616501114553869 0.00048880286930002019 0.00055714597232235088 20.500000000000004 0.1732550543751866 61822.770829612004 0.25823278954017526 0.18578977660099016 2550.5000000000005 0.0050777916415568241 0.019772626431556774 0.0039651547394041588
decision_type=2 2 2 2 2 2 2 2 2 2 2 2 2 2
left_child=1 2 3 4 6 -6 -1 8 -2 10 -9 12 13 -12
right_child=7 -3 -4 -5 5 -7 -8 9 -10 -11 11 -13 -14 -15
leaf_value=-0.024264917382244316 0.0055675964007416779 -0.088043572202427131 0.013158842843042294 0.023759696061849921 0.018759265558500667 -0.031421878572737087 0.0059340035892972553 -0.035522297490818373 -0.032195329221289037 0.010157095609037093 -0.011695099389084094 -0.037492526461237657 0.021475439299924383 0.012182153041675402
leaf_weight=65.680406789419067 400.55509527110553 1.0183348637656298 22.149400773094385 7.6890928001230341 18.946545530052394 4.8739587452291735 11.30599520527903 13.568328739471324 9.1988645570527279 45.830563619732857 78.600954170426121 8.5318488833727297 16.774796577927191 24.110934014825034
leaf_count=1968 4616 37 128 59 101 144 485 255 414 154 688 186 80 110
internal_value=0.000332712 -0.00770362 -0.00641336 -0.0104927 -0.013313 0.00763932 -0.0198108 0.00211447 0.00464351 -0.00341012 -0.00784215 -0.00465582 -0.00201943 -0.00602666
internal_weight=728.835 131.664 130.645 108.496 100.807 23.8205 76.9864 597.171 409.754 187.417 141.587 128.019 119.487 102.712
internal_count=9425 2922 2885 2757 2698 245 2453 6503 5030 1473 1319 1064 878 798
is_linear=0
shrinkage=0.03


Tree=367
num_leaves=15
num_cat=0
split_feature=51 53 30 22 41 41 41 49 44 2 80 1 3 73
split_gain=13.6756 10.6949 12.7097 8.27119 7.31203 7.47583 9.97727 8.75548 11.4809 8.36811 13.716 13.2263 16.7564 17.1689
threshold=0.20845662485973637 0.00030394879897852148 0.0016929071574979711 0.00087072088259331545 0.1328649010205519 0.013032341099168671 0.004083195698498957 0.0078342707096899829 0.00026149782397796813 9486.5000000000018 0.47213976920720296 22.500000000000004 2465.5000000000005 0.0011299564870993445
decision_type=2 2 2 2 2 2 2 2 2 2 2 2 2 2
left_child=4 2 3 -2 5 6 9 -7 -9 10 11 -1 -13 -14
right_child=1 -3 -4 -5 -6 7 -8 8 -10 -11 -12 12 13 -15
leaf_value=0.0045483012506577856 -0.035791169622807276 0.010888664661995676 0.025670090911562859 0.016673867368235337 -0.030075615346852165 0.018108805785586615 -0.023726655807035615 -0.038252348458517299 0.010231717166437978 0.011387045689430508 -0.026200193188675315 -0.03719214513542634 -0.011260865184411323 0.010410647906010309
leaf_weight=378.6194758097663 25.043264393563739 9.8821480195038003 3.3489720680518067 2.4360779798589638 5.2582788864456225 50.790648343892826 12.835601558894266 5.544972731499004 12.515578603371976 74.601337316446006 15.505338063696398 13.036028384638483 82.452768466755515 53.356661322563014
leaf_count=4856 939 34 6 8 310 324 183 57 36 671 258 355 1026 432
internal_value=0.00123792 -0.0154564 -0.0239783 -0.0307179 0.00222314 0.00250862 0.00147431 0.0118222 -0.00587984 0.0020356 0.000732188 0.00157197 -0.00597878 -0.00273272
internal_weight=745.227 40.7105 30.8283 27.4793 704.517 699.258 630.407 68.8512 18.0606 617.572 542.97 527.465 148.845 135.809
internal_count=9495 987 953 947 8508 8198 7781 417 93 7598 6927 6669 1813 1458
is_linear=0
shrinkage=0.03


Tree=368
num_leaves=15
num_cat=0
split_feature=76 40 72 63 2 1 73 72 36 28 70 88 22 59
split_gain=12.2267 21.8596 11.392 9.96753 9.88726 8.58737 15.4653 14.7565 12.6562 11.3191 14.6439 14.1826 13.7369 13.3676
threshold=0.05407613520875601 0.0069189663932270737 0.00086429458308664292 0.00031555698945288859 470.00000000000006 16.500000000000004 0.00052792710119055201 0.02367323966310881 0.62026218295810787 0.01119533542922198 0.033788618319525669 0.00010214999098398309 0.00057621358449671709 0.02503470302606026
decision_type=2 2 2 2 2 2 2 2 2 2 2 2 2 2
left_child=4 2 -2 -4 -1 6 -6 -8 9 11 -11 12 13 -7
right_child=1 -3 3 -5 5 8 7 -9 -10 10 -12 -13 -14 -15
leaf_value=-0.029125740495189376 -0.03461758889173152 0.011168642729165566 -0.032564520911561937 0.020480333638792165 0.010560362171247372 -0.014928964089953776 -0.022908575457778666 0.0043893364710074715 -0.031680402035540359 0.0089948900860273729 -0.02029983964969162 0.024034740361729069 0.021072590419806414 0.010286621929348002
leaf_weight=7.4219162163717547 27.139432482203119 25.009903421479976 4.0992621630430204 7.5079149734228849 257.47917340503045 105.76941198734858 25.43474319465895 53.961649085918907 9.8076633573509735 166.59120696098398 15.963127798764615 13.135290637874276 12.789905202342196 22.251730756135657
leaf_count=493 355 155 33 23 3230 1804 822 385 213 1340 275 107 41 150
internal_value=0.00203987 -0.0104304 -0.0243022 0.000649623 0.00320454 0.00359782 0.0070005 -0.00453176 0.000277208 0.00129975 0.00633663 -0.00467548 -0.00750425 -0.0105004
internal_weight=754.362 63.7565 38.7466 11.6072 690.606 683.184 336.876 79.3964 346.308 336.501 182.554 153.946 140.811 128.021
internal_count=9426 566 411 56 8860 8367 4437 1207 3930 3717 1615 2102 1995 1954
is_linear=0
shrinkage=0.03


Tree=369
num_leaves=15
num_cat=0
split_feature=48 50 26 71 82 71 71 59 26 39 73 1 82 87
split_gain=10.6215 16.0001 10.4623 12.2693 10.0307 9.91377 9.22172 8.38164 8.08847 9.11651 8.834 7.84615 8.51639 7.50356
threshold=0.15178206505517641 0.0012809018073717275 0.0032596255718574788 0.0081734714087655282 0.00047310308666078873 0.016623743127902067 0.1190114809043601 0.0010034792314727338 0.00052646749870427208 0.045380562752405006 0.30302637121914239 76.500000000000014 0.0042980433327005135 0.0044602875776479896
decision_type=2 2 2 2 2 2 2 2 2 2 2 2 2 2
left_child=2 7 4 11 8 -5 -7 -2 9 10 13 12 -4 -1
right_child=1 -3 3 5 -6 6 -8 -9 -10 -11 -12 -13 -14 -15
leaf_value=0.0043163268144569339 -0.033987558373413808 -0.045343584788789672 -0.034076345116083123 0.016987798829343103 -0.028599788739014823 -0.02676589432109526 0.011057643701459511 0.011051048407741772 0.020849773155199636 -0.035339815874611838 -0.031626927616359844 0.017970594542776126 0.008214408794415198 -0.029140568921298619
leaf_weight=595.81418736109481 3.8505623212549898 9.7096518384932988 23.929048040190544 20.393280209507793 7.6425837046117513 13.013029654452113 9.1536659554112685 14.9408423192217 23.571842861943878 4.461723522283136 5.3460468542616573 3.2552091518882653 4.7622059505083589 5.1091317887476171
leaf_count=6676 49 166 549 55 132 113 32 69 114 359 707 10 61 262
internal_value=0.00156856 -0.0160777 0.00229197 -0.00827823 0.00352976 0.00231013 -0.0113437 0.00057117 0.00396129 0.00327644 0.00361835 -0.0220263 -0.0270166 0.00398393
internal_weight=744.953 28.5011 716.452 74.5064 641.946 42.56 22.1667 18.7914 634.303 610.731 606.269 31.9465 28.6913 600.923
internal_count=9354 284 9070 820 8250 200 145 118 8118 8004 7645 620 610 6938
is_linear=0
shrinkage=0.03


Tree=370
num_leaves=15
num_cat=0
split_feature=49 49 70 81 0 5 15 14 44 7 85 0 49 77
split_gain=9.17361 9.71548 8.7003 9.22122 9.0547 9.67946 8.27363 8.38299 8.57139 9.252 9.11492 11.198 10.9948 14.5592
threshold=0.71174501537003521 0.67872402737332937 0.090159737089561667 0.0065646792930290155 25.500000000000004 79261.407795750172 0.11737589820379545 0.91343742258877703 0.09341003421187577 2.5000000000000004 0.0051300017105488241 21.500000000000004 0.020168397762620482 0.013722167302170128
decision_type=2 2 2 2 2 2 2 2 2 2 2 2 2 2
left_child=1 2 3 6 5 -4 7 8 10 -10 11 12 13 -1
right_child=-2 -3 4 -5 -6 -7 -8 -9 9 -11 -12 -13 -14 -15
leaf_value=-0.0041943564287516555 -0.034406837955640757 0.029382680010861074 -0.0387113429773508 -0.023069089231528294 0.008894965853441442 -0.00080339114253196223 -0.049097668353456941 -0.028980295171913684 -0.035757076101851346 0.0014052248306884315 0.017288908811193035 0.0059172900979517148 0.0061959644614168839 -0.036445804513076538
leaf_weight=156.97729259863627 5.5695208256074684 9.8493206547573191 14.074819072557149 12.444667405623475 10.637346870062172 10.212165649616507 1.8385625804658037 6.6567889351281329 9.7053450596285984 13.638543677596317 38.18157372904534 339.19220207140461 87.967553695547394 12.741389552189501
leaf_count=3053 246 8 317 167 72 100 59 192 275 186 154 3612 599 370
internal_value=0.000887217 0.00120576 0.000776677 0.00153539 -0.0136136 -0.023434 0.00202837 0.00224321 0.00260237 -0.0148794 0.00326735 0.002343 -0.00236653 -0.00681489
internal_weight=729.687 724.118 714.268 679.344 34.9243 24.287 666.899 665.061 658.404 23.3439 635.06 596.878 257.686 169.719
internal_count=9410 9164 9156 8667 489 417 8500 8441 8249 461 7788 7634 4022 3423
is_linear=0
shrinkage=0.03


Tree=371
num_leaves=15
num_cat=0
split_feature=52 15 72 1 4 71 4 75 1 5 5 27 1 49
split_gain=8.35803 7.86986 9.36081 12.775 10.7908 12.5315 14.4877 11.6036 8.21048 16.0076 14.8465 12.103 8.55414 8.49056
threshold=0.42044244698902744 0.11737589820379545 0.33346143991801186 6.5000000000000009 0.00044523253478252224 0.0018269035007793231 6.0979533752955483e-05 0.011454437350942344 50.500000000000007 68393.414107323624 54379.651386426798 0.00097398087408922228 46.500000000000007 0.21951622873130691
decision_type=2 2 2 2 2 2 2 2 2 2 2 2 2 2
left_child=1 2 3 4 5 7 -7 -1 12 10 -10 -11 -5 -13
right_child=-2 -3 -4 8 -6 6 -8 -9 9 11 -12 13 -14 -15
leaf_value=-0.029343906926473314 -0.030737215051571194 -0.048527105241418567 0.015222656847231765 0.0026323689639477853 0.028641178856332328 0.011365090550990433 -0.034813034779221944 0.0063022963823515157 -0.02704670569123252 -0.041197257373374055 0.028596400495245596 -0.019003712414130076 0.021825655426237933 0.017456642745341987
leaf_weight=39.249620390721248 6.4025032885838291 1.8414955460757472 41.118410946452059 502.48389080655761 5.1803950989269643 27.194627991986636 6.8093777053727527 9.9333107458442083 5.1413180570962167 13.772380447931935 14.13801252786652 14.994614419760184 20.838619058282347 8.0383619368076307
leaf_count=1656 168 56 203 5832 20 293 134 168 194 318 60 101 111 13
internal_value=0.000979152 0.00130765 0.00150528 0.000639128 -0.00992081 -0.0126339 0.00138745 -0.0221624 0.00226398 -0.00854816 0.0131558 -0.0199643 0.00343681 -0.00608238
internal_weight=717.137 710.734 708.893 667.775 88.3673 83.1869 34.004 49.1829 579.407 56.0847 19.2793 36.8054 523.323 23.033
internal_count=9327 9159 9103 8900 2271 2251 427 1824 6629 686 254 432 5943 114
is_linear=0
shrinkage=0.03


Tree=372
num_leaves=15
num_cat=0
split_feature=2 11 38 4 1 87 72 74 2 24 77 2 4 0
split_gain=10.2424 8.66968 7.62753 10.4814 8.34842 7.78586 8.4862 17.9581 10.4174 10.3515 8.78569 8.64891 14.5197 9.39596
threshold=470.00000000000006 0.00067916844340937808 0.044287641422932712 6.9796868666084221e-05 52.500000000000007 0.0029080542891757647 0.0026533028092260683 0.0053300467914438512 733.00000000000011 0.0063275724009075147 0.0020523350708155641 3832.5000000000005 0.00014056183514146809 18.500000000000004
decision_type=2 2 2 2 2 2 2 2 2 2 2 2 2 2
left_child=-1 2 5 -4 -5 6 7 8 10 -9 -2 12 13 -8
right_child=1 -3 3 4 -6 -7 11 9 -10 -11 -12 -13 -14 -15
leaf_value=-0.035367417179643118 0.025930035512208901 -0.0321536840265167 0.023127410996814261 -0.0318746620157336 0.015395852439148039 0.016817366635175121 -0.013148841203608879 -0.032570961344871384 -0.00099363821374958512 0.021559757582273801 -0.025732241299871325 0.0152293297175423 -0.034831114720517295 0.007910222011779839
leaf_weight=5.6118782919656942 20.57115702182637 5.5775123297935343 32.039565987826791 5.9295627165120077 5.6713056676089764 28.212702970689861 22.025149844586849 22.006988314096819 400.08300569893981 2.9809620274754698 2.6152673299075095 62.608032104035374 8.0843696150986926 111.40767714820686
leaf_count=486 289 114 202 111 21 335 219 498 5850 29 112 317 153 679
internal_value=0.00181261 0.00214651 0.00245463 0.0144701 -0.00937769 0.00166409 0.000984039 -0.00132608 0.000159758 -0.0255323 0.0192799 0.00603877 0.00189449 0.00436215
internal_weight=735.425 729.813 724.236 43.6404 11.6009 680.595 652.383 448.257 423.269 24.988 23.1864 204.125 141.517 133.433
internal_count=9415 8929 8815 334 132 8481 8146 6778 6251 527 401 1368 1051 898
is_linear=0
shrinkage=0.03


Tree=373
num_leaves=15
num_cat=0
split_feature=52 52 65 51 52 17 65 71 72 2 4 63 71 72
split_gain=8.8147 7.33299 6.89488 6.87632 6.68112 6.64099 8.4749 10.0584 23.3162 13.4765 13.098 10.9229 9.8832 13.9212
threshold=0.42044244698902744 0.3177641826691549 0.46418559013176347 0.36545518207282918 1.0000000180025095e-35 0.72833297137724917 0.038831362787803365 0.017765298682076904 0.014242981745706393 2502.5000000000005 8.2701291532507411e-05 0.0016353928508841644 0.014001830673218274 0.47486313982252731
decision_type=2 2 2 2 2 2 2 2 2 2 2 2 2 2
left_child=1 2 3 4 5 6 7 12 -9 10 11 -10 13 -1
right_child=-2 -3 -4 -5 -6 -7 -8 8 9 -11 -12 -13 -14 -15
leaf_value=0.0034188933997851838 -0.029536791749518811 0.028088893989269049 -0.041335317845280529 -0.028222130663838836 -0.030297650013990658 -0.02298837236625436 0.012991955353250302 -0.037828658090453444 0.0074268156221806445 0.01274408653001524 -0.053376697511219609 -0.046989340808399838 0.023376091333108907 -0.043210847592681345
leaf_weight=541.32840447095077 6.6685671410523346 9.1915371717186627 2.2260378970677257 5.449554491438902 4.4219068303500526 7.660321964591275 74.254504497279413 16.886654255198664 16.221055659465499 35.844561266305391 5.2484446888556695 3.1178825424867673 21.170844855383621 4.8281545385252675
leaf_count=6172 165 21 99 571 171 322 531 850 77 154 58 60 69 59
internal_value=0.00247927 0.00280382 0.00245163 0.00263986 0.00290818 0.00315164 0.00346172 0.00234555 -0.00774016 0.00114647 -0.0155983 -0.00322529 0.00373128 0.00292846
internal_weight=754.518 747.85 738.658 736.432 730.983 726.561 718.901 644.646 77.3186 60.4319 24.5874 19.3389 567.327 546.157
internal_count=9379 9214 9193 9094 8523 8352 8030 7499 1199 349 195 137 6300 6231
is_linear=0
shrinkage=0.03


Tree=374
num_leaves=15
num_cat=0
split_feature=38 38 0 73 0 42 73 71 58 64 14 41 2 5
split_gain=6.36816 8.46974 9.35968 11.0168 7.6464 16.8982 12.8341 10.7996 8.84947 8.99475 8.76354 8.60353 8.82891 12.0505
threshold=0.19613219800837065 0.12988728986245546 28.500000000000004 0.02054009819967267 25.500000000000004 0.030897868751633431 0.00033961906378863783 0.064341895290182666 0.0038052029076130543 0.11394200457570679 0.11444151586000485 0.080346545221660862 1334.5000000000002 20746.590526475073
decision_type=2 2 2 2 2 2 2 2 2 2 2 2 2 2
left_child=1 2 4 -4 8 6 10 -8 9 11 -6 12 -1 -14
right_child=-2 -3 3 -5 5 -7 7 -9 -10 -11 -12 -13 13 -15
leaf_value=-0.0064794418154656879 -0.028284072035230715 0.020931166060834332 -0.036378154361110374 0.019041777815453291 0.018086824366578449 -0.02688964275552945 -0.04044754674771326 0.016219160244589102 -0.030532227850811913 -0.031851918110036459 -0.022595442363403762 -0.023126941264581528 0.010076579952909498 0.00025383224668862662
leaf_weight=85.29567069355835 5.1215249728120389 20.683815944707021 10.446740051789673 3.772162989655043 94.144812937141978 9.6868200178723765 6.2034410004416696 4.4820124056132045 6.912905280434642 6.2289386925986028 4.1898816513130432 11.181690623205212 179.18569528523949 298.94599001936149
leaf_count=1858 209 63 348 46 623 101 155 86 367 183 50 341 2199 2787
internal_value=0.00220478 0.00245323 0.00189463 -0.0213906 0.00239287 0.00930428 0.0127354 -0.0173248 0.000983547 0.00141047 0.0161434 0.00182575 0.00236105 0.00394837
internal_weight=746.482 741.361 720.677 14.2189 706.458 118.707 109.02 10.6855 587.751 580.838 98.3347 574.609 563.427 478.132
internal_count=9416 9207 9144 394 8750 1015 914 241 7735 7368 673 7185 6844 4986
is_linear=0
shrinkage=0.03


Tree=375
num_leaves=15
num_cat=0
split_feature=28 4 35 41 2 72 4 36 28 33 35 35 70 79
split_gain=9.14336 14.2272 13.0033 13.4856 7.84874 7.66528 7.19529 8.34611 9.4798 8.0148 7.38721 7.49844 7.57485 9.48823
threshold=0.079163188785987798 0.00013281465095188794 0.11880745784706827 0.018107556915847936 3029.5000000000005 0.10712644642951304 2.2179731450359234e-05 0.67381186152388917 0.054788747842451323 0.0021176534599949303 0.093469804293713835 0.064513257233621044 0.28591347166065839 0.049450913551770691
decision_type=2 2 2 2 2 2 2 2 2 2 2 2 2 2
left_child=6 2 3 4 5 -2 -1 8 10 -9 11 12 13 -8
right_child=1 -3 -4 -5 -6 -7 7 9 -10 -11 -12 -13 -14 -15
leaf_value=0.018462841941987825 -0.039121564029415364 -0.03876956689813113 0.020307657296765598 0.016480791568023137 -0.0012171601778087622 0.00065474780160007496 0.00097198173373067367 -0.032768940052904282 0.013010021967744673 0.022257627905346699 -0.021942062433956452 0.019042389577243912 0.02264758871761572 -0.025802527622810548
leaf_weight=23.661165424564388 17.309655996810765 10.768062211078357 15.48435997776687 11.804293237451928 13.843534857151097 5.6806089449091806 496.16461351352336 9.977347407024352 66.971954286113032 2.2807595133781424 11.214760882663539 20.434765723068267 13.069437216385266 11.204573679300664
leaf_count=200 402 149 36 104 146 33 6913 220 449 2 125 52 114 505
internal_value=0.00142242 -0.00843919 -0.0028287 -0.0104551 -0.0192948 -0.0296757 0.00256114 0.0019369 0.00243756 -0.0216241 0.00113385 0.00165192 0.000933887 0.00033111
internal_weight=729.87 74.8905 64.1225 48.6381 36.8338 22.9903 654.979 631.318 619.06 12.2581 552.088 540.873 520.439 507.369
internal_count=9450 870 721 685 581 435 8580 8380 8158 222 7709 7584 7532 7418
is_linear=0
shrinkage=0.03


Tree=376
num_leaves=15
num_cat=1
split_feature=82 6 2 3 36 4 70 79 0 65 72 71 5 2
split_gain=11.6963 8.66633 16.5024 20.5938 15.8759 13.3751 9.62881 9.68312 9.21033 8.99569 8.05032 7.92726 7.88107 9.56916
threshold=0.0013439054133326401 0 4406.0000000000009 966.50000000000011 0.18340921817197098 5.7565138607415844e-05 0.033788618319525669 0.023512915496847846 28.500000000000004 0.36324025438330848 0.073710147724152228 0.0035224754378885546 25944.518624999717 11480.500000000002
decision_type=2 9 2 2 2 2 2 2 2 2 2 2 2 2
left_child=1 2 3 11 -5 -6 12 -8 9 -3 -10 -1 -4 -14
right_child=-2 8 6 4 5 -7 7 -9 10 -11 -12 -13 13 -15
leaf_value=0.0073801860142581922 -0.02943453347094023 0.0053762486846826172 -0.014091642033183343 -0.036658445887089677 0.0079604887832920284 -0.032079868029531604 -0.031602247577756121 0.014839581689774811 -0.042695499664779556 -0.043840989557241659 0.015962953313925221 -0.029884725461819178 0.015085481362543599 -0.021901367312286094
leaf_weight=46.607706634102215 9.6103086228249577 494.40025210261228 10.768374424515057 31.694159866197879 20.260007029864941 10.667558770626782 10.32297602877952 5.5391561426222315 5.7213368961529323 2.3756436511757775 2.4367371280677617 4.769536331856215 78.484479299950181 5.9648828665085594
leaf_count=1385 216 4434 428 1494 89 81 80 27 166 41 15 320 453 146
internal_value=0.00184471 0.00229619 -0.00256163 -0.0106491 -0.0220612 -0.00642247 0.00553081 -0.0154662 0.00442555 0.00505328 -0.0253449 0.00341623 0.00915305 0.0122473
internal_weight=739.623 730.013 225.079 113.999 62.6217 30.9276 111.08 15.8621 504.934 496.776 8.15807 51.3772 95.2177 84.4494
internal_count=9375 9159 4503 3369 1664 170 1134 107 4656 4475 181 1705 1027 599
cat_boundaries=0 1
cat_threshold=562
is_linear=0
shrinkage=0.03


Tree=377
num_leaves=15
num_cat=0
split_feature=48 50 73 87 48 85 26 2 4 76 2 76 27 49
split_gain=12.9953 14.5187 7.90713 7.93641 8.09005 6.24634 8.24028 6.13353 15.3032 13.3583 8.0174 7.30593 12.4276 12.5299
threshold=0.15178206505517641 0.0012809018073717275 0.28374564987138756 0.0043293426140936344 0.1240041036246684 0.08170779269918331 0.33363013464366748 1005.5000000000001 5.6692801707137226e-05 0.033739220783880954 1062.5000000000002 0.0037712145633829529 0.0016615355534343277 0.1627969163502474
decision_type=2 2 2 2 2 2 2 2 2 2 2 2 2 2
left_child=2 -2 3 4 5 6 7 8 9 -1 -9 12 -12 -14
right_child=1 -3 -4 -5 -6 -7 -8 10 -10 -11 11 -13 13 -15
leaf_value=0.016180327883538428 -0.001491016910134224 -0.045040138643533949 -0.02297912609151518 -0.027086645698701915 0.021147380078718081 0.024370439888616549 -0.02856734255472753 -0.033904320631866387 -0.034419689047239015 -0.034527753313627341 0.001414386622095593 0.0074260570042642259 -0.039596078251164395 -0.0012584722860171037
leaf_weight=80.603745228734624 19.004565942974299 9.8727506911382061 9.5479905219981429 6.7096913761488386 21.742813953314908 11.025725171086377 6.5863289780609184 4.6361003187703309 5.5336980812426182 4.0373709252744439 357.81733062014973 160.60724574225605 12.856883510714399 17.344309374690056
leaf_count=1082 123 171 800 284 49 48 142 122 182 44 5304 917 112 48
internal_value=0.00199316 -0.017389 0.00281752 0.00320751 0.00354438 0.00293433 0.00253385 0.00289604 0.0101076 0.0133866 0.00170454 0.00206658 -0.000165179 -0.0183251
internal_weight=727.927 28.8773 699.049 689.501 682.792 661.049 650.023 643.437 90.1748 84.6411 553.262 548.626 388.019 30.2012
internal_count=9428 294 9134 8334 8050 8001 7953 7811 1308 1126 6503 6381 5464 160
is_linear=0
shrinkage=0.03


Tree=378
num_leaves=15
num_cat=0
split_feature=28 4 1 40 28 28 74 72 72 28 1 1 48 62
split_gain=8.95167 10.446 14.3603 12.0098 10.3405 9.70684 9.64974 13.8856 13.0602 11.5839 10.0686 13.9427 12.632 10.0882
threshold=0.079163188785987798 6.9796868666084221e-05 8.5000000000000018 0.067600910053740262 0.054788747842451323 0.087399341710311149 0.091645457349992299 0.0036440676261048194 0.15336324761831985 0.050837620375551944 77.500000000000014 74.500000000000014 0.16024017458896619 0.00084282233603500583
decision_type=2 2 2 2 2 2 2 2 2 2 2 2 2 2
left_child=4 2 5 -3 6 -2 8 -8 9 10 11 12 13 -1
right_child=1 3 -4 -5 -6 -7 7 -9 -10 -11 -12 -13 -14 -15
leaf_value=0.0037572947462257921 0.013741691528133813 -0.031358971012694026 0.011185235690958579 0.014301817538334597 0.012608813382810245 -0.046623579014312688 -0.038516109407629846 -0.003227823640192327 0.024238225573783231 -0.037586028566455362 -0.027258748042912066 0.032592160127250643 -0.020787154565703146 -0.039488567209327793
leaf_weight=403.50657444544049 2.9183922091615369 23.335242409666538 31.441278965750826 5.9519803242292246 81.0218745168022 6.7883062032124144 10.393843865473171 86.330047256225953 23.653983450494707 5.6226203790138234 9.0895825341867731 12.938479108270256 19.688819528702879 3.9194597197456451
leaf_count=6260 29 363 282 45 518 153 222 588 139 110 221 20 254 201
internal_value=0.00154863 -0.00854078 0.00127147 -0.0219136 0.00264302 -0.028886 0.00121966 -0.00737519 0.00296908 0.00181204 0.00238765 0.00306043 0.00209179 0.0032456
internal_weight=726.6 70.4352 41.148 29.2872 656.165 9.7067 575.143 96.7239 478.42 454.766 449.143 440.053 427.115 407.426
internal_count=9405 872 464 408 8533 182 8015 810 7205 7066 6956 6735 6715 6461
is_linear=0
shrinkage=0.03


Tree=379
num_leaves=15
num_cat=0
split_feature=3 77 74 77 50 65 65 17 17 0 7 42 70 39
split_gain=7.56663 11.1796 10.673 8.69093 12.9781 7.67414 10.7349 11.3604 12.3668 8.14607 13.2062 13.4904 12.844 12.0731
threshold=5577.5000000000009 0.032667749166424134 0.00050553625289118033 0.027249412345369855 0.13511239098880104 0.29372881959423974 0.14790937864401135 0.4088929688482334 0.81263196514981828 25.500000000000004 2.5000000000000004 0.030897868751633431 0.16087694098511787 0.00019356748318028944
decision_type=2 2 2 2 2 2 2 2 2 2 2 2 2 2
left_child=5 3 -3 4 -2 6 7 9 -9 12 11 -11 -1 -13
right_child=1 2 -4 -5 -6 -7 -8 8 -10 10 -12 13 -14 -15
leaf_value=0.0021027191982193666 -0.0010039101340634598 -0.041449495292953435 0.021391700028175392 0.024333497605132128 -0.037470446979911982 -0.027699489181223173 0.021420561693004124 -0.052345531815016534 0.0053488488107276281 0.016868031070432825 -0.033469116764474872 -0.037535625736394317 -0.033217435752612802 0.019515239789619963
leaf_weight=440.65752932184841 95.537665579926397 11.18482395209139 2.3733671121299258 9.4413892161101085 8.6798265779943886 6.2309887949086251 27.398164204671048 6.0048162006423791 6.0759066630271263 91.015203239396214 4.8957688636291996 7.5079633629356959 8.4662431330943928 4.689635032787919
leaf_count=5765 1260 171 4 26 229 128 147 163 183 835 140 158 213 8
internal_value=0.00164322 -0.00497937 -0.0297353 -0.00179268 -0.00436831 0.00304648 0.00341334 0.0025107 -0.025138 0.00315408 0.0105076 0.0128948 0.0013646 -0.0157845
internal_weight=730.159 127.217 13.5582 113.659 104.217 602.942 596.711 569.313 12.0807 557.232 108.109 103.213 449.124 12.1976
internal_count=9430 1690 175 1515 1489 7740 7612 7465 346 7119 1141 1001 5978 166
is_linear=0
shrinkage=0.03


Tree=380
num_leaves=15
num_cat=0
split_feature=48 5 59 76 77 51 74 5 3 1 1 14 50 28
split_gain=11.7283 6.49759 14.1132 11.6216 8.93945 16.1889 12.0311 7.19319 11.8472 6.98516 14.6819 9.51322 6.85499 13.1842
threshold=0.24557030627144305 2062.277272049228 0.0058896063573736302 0.1533779381148388 0.054825831702544035 0.31090998131606556 0.001924311247161055 193560.91817608211 13643.000000000002 77.500000000000014 74.500000000000014 0.86765721025929732 0.29442476570265713 0.037794088921203707
decision_type=2 2 2 2 2 2 2 2 2 2 2 2 2 2
left_child=1 2 3 -1 7 6 -6 9 -9 10 11 12 -3 -14
right_child=-2 4 -4 -5 5 -7 -8 8 -10 -11 -12 -13 13 -15
leaf_value=-0.03151944196041262 -0.032388524791416191 0.0037546031796937668 0.024627437035302024 0.018852349518310905 -0.035339499070590273 0.026597025205994985 0.023964675950136762 -0.036741345238960568 0.010543947961508952 -0.02955974494983973 0.034674639658968935 -0.029793918136462861 -0.034514194255520797 0.028021341517968711
leaf_weight=20.247289023529454 8.3852642272540816 597.99915494780362 6.611727035342482 4.403813437325879 18.433782522857662 5.8457927991985335 2.9312889575958243 9.5496030193753558 8.057403998798689 4.8033342516282564 12.344431891106067 6.939181446155998 9.6682007050549128 3.3836405277252188
leaf_count=1093 169 6707 60 18 354 22 2 125 53 181 13 167 436 1
internal_value=0.000931611 0.00136938 -0.0117898 -0.0221366 0.00199083 -0.0145508 -0.0264952 0.0027016 -0.0156987 0.00323556 0.0035319 0.0028548 0.00327364 -0.0174617
internal_weight=719.604 711.219 31.2628 24.6511 679.956 27.2109 21.3651 652.745 17.607 635.138 630.335 617.99 611.051 13.0518
internal_count=9401 9232 1171 1111 8061 378 356 7683 178 7505 7324 7311 7144 437
is_linear=0
shrinkage=0.03


Tree=381
num_leaves=15
num_cat=0
split_feature=28 65 2 4 4 28 0 2 76 27 38 8 4 3
split_gain=9.3877 11.7968 13.9662 12.9632 12.2961 17.9448 14.7522 14.7003 11.2294 11.2662 11.0743 19.2573 18.554 12.9909
threshold=0.031839899926168473 0.00013410822801893958 793.50000000000011 2.4664080033200109e-05 0.00011439690057510954 0.0081182958404788352 26.500000000000004 885.50000000000011 0.30823890474626797 0.0047337344402989265 0.044287641422932712 1.5000000000000002 3.71248931210165e-05 1960.5000000000002
decision_type=2 2 2 2 2 2 2 2 2 2 2 2 2 2
left_child=1 2 -1 -4 5 10 -6 -7 9 -2 11 12 -5 -12
right_child=8 -3 3 4 6 7 -8 -9 -10 -11 13 -13 -14 -15
leaf_value=-0.033837587478699582 0.005973436847706029 0.0052142701116159812 0.023209801980523189 0.013711317683540086 0.0055405406573871474 0.01724965165910184 -0.028698840991890191 -0.033195395696370235 -0.034451478811711671 -0.037966077843837633 -0.028481497102931998 -0.00057607195766185503 -0.036102805583385515 0.026177067514153069
leaf_weight=14.56286237164022 241.99227885086657 110.64023992986404 13.357435467129106 7.9351217383809844 101.93553626901848 5.3307813421415622 11.728770408430135 39.73164720783825 5.6648859012930179 4.3815457946620873 4.1460656163981211 82.838466413231799 31.178302404819988 16.566978545044549
leaf_count=944 2167 1290 94 96 913 36 230 919 80 42 129 1770 635 86
internal_value=-0.000585571 -0.00322793 -0.00607149 -0.00468371 -0.00599259 -0.010688 0.00178798 -0.0269829 0.00402139 0.00504169 -0.00538912 -0.00884502 -0.0259069 0.0144284
internal_weight=691.991 439.952 329.312 314.749 301.392 187.727 113.664 45.0624 252.039 246.374 142.665 121.952 39.1134 20.713
internal_count=9431 7142 5852 4908 4814 3671 1143 955 2289 2209 2716 2501 731 215
is_linear=0
shrinkage=0.03


Tree=382
num_leaves=15
num_cat=0
split_feature=76 36 3 36 27 40 2 22 63 13 36 71 40 1
split_gain=11.5226 14.3834 13.3529 14.9089 14.8196 12.4753 15.5523 16.211 12.4865 10.5598 10.4428 10.1848 9.78431 17.12
threshold=0.0037712145633829529 0.23312876118396134 681.50000000000011 0.80248212751831749 0.0034648288954364785 0.00046222943500970825 7525.0000000000009 0.0022664904239881613 0.00048509029572393615 0.00030476339261540541 0.38469785140651752 0.0110984513967783 0.0046746160684179886 12.500000000000002
decision_type=2 2 2 2 2 2 2 2 2 2 2 2 2 2
left_child=1 5 3 -3 -4 6 -1 9 11 -8 12 -7 13 -2
right_child=10 2 4 -5 -6 8 7 -9 -10 -11 -12 -13 -14 -15
leaf_value=0.003454889550176597 -0.031609424890224752 -0.028903716103866391 -0.032847335364664769 0.032035727809257127 0.0096355161718305188 -0.031344114249178892 -0.028711744377510631 0.026077169222003749 -0.026436209981258244 0.017892014774737265 0.018410918898385115 0.0062070426976512574 0.010927240352481963 0.0017891686349785641
leaf_weight=320.53540075149795 16.017312253796263 4.9310984711046322 36.175033371255267 8.3807077994570118 8.738569336012004 7.0863428603915954 33.01325136621017 6.3393230549991122 31.112333580575068 4.3363253812422036 43.432828770019114 32.171998730715131 61.73349126445828 72.871560396190034
leaf_count=5340 223 109 568 16 24 128 855 15 981 32 90 201 345 441
internal_value=-0.000546167 -0.0029839 -0.0168539 0.00901962 -0.0245519 -0.00109122 0.00115314 -0.0154337 -0.012561 -0.0229755 0.00562822 -0.00118135 0.00184514 -0.00451378
internal_weight=686.876 492.82 58.2254 13.3118 44.9136 434.595 364.224 43.6889 70.3707 37.3496 194.055 39.2583 150.622 88.8889
internal_count=9368 8269 717 125 592 7552 6242 902 1310 887 1099 329 1009 664
is_linear=0
shrinkage=0.03


Tree=383
num_leaves=15
num_cat=1
split_feature=6 51 4 77 27 65 5 40 74 72 35 72 28 39
split_gain=11.6665 13.4614 14.7375 10.8384 12.427 10.7562 10.2446 9.70145 9.01833 12.8948 14.9302 14.5822 18.9825 10.2176
threshold=0 0.30535413998843336 9.0111921653831167e-05 0.041344187730887862 0.0026631205673758869 0.36324025438330848 5283.9335891513101 0.39610906862745104 0.14960245481556447 0.0058343530027720027 0.11880745784706827 0.067526796760477001 0.028767755802306321 1.0000000180025095e-35
decision_type=9 2 2 2 2 2 2 2 2 2 2 2 2 2
left_child=1 3 -3 4 6 7 -1 8 -2 10 -10 13 -13 -11
right_child=5 2 -4 -5 -6 -7 -8 -9 9 11 -12 12 -14 -15
leaf_value=0.0060711618712773708 0.0047740176244419931 -0.028435831092844494 0.023544901868801298 -0.036711561632474139 0.008697444021358575 -0.045388543630247705 -0.018305525523137807 -0.042841626327465493 -0.042692793160506524 0.013327923042949155 0.010299001564393971 -0.031037377303886077 0.0092607878803306707 -0.024537977365153511
leaf_weight=18.756852751990664 385.33323405222109 5.4594421215006177 20.356026686611585 12.783600236027267 28.454834423027933 3.3218892824370405 78.49035733306664 3.2812782727414733 13.691897999589857 55.035718521161471 6.6049463809467843 23.318735023727641 17.896336029458325 6.3149645793018854
leaf_count=556 5149 529 212 345 77 47 1482 70 273 200 22 264 89 45
internal_value=-0.00053292 -0.00722104 0.0119016 -0.0113632 -0.00851592 0.00171818 -0.0135899 0.00214562 0.00251965 -0.00453215 -0.0257745 -0.000120209 -0.0137343 0.00909926
internal_weight=679.1 164.301 25.8155 138.486 125.702 514.799 97.2472 511.477 508.196 122.863 20.2968 102.566 41.2151 61.3507
internal_count=9360 3201 741 2460 2115 6159 2038 6112 6042 893 295 598 353 245
cat_boundaries=0 1
cat_threshold=4130
is_linear=0
shrinkage=0.03


Tree=384
num_leaves=15
num_cat=0
split_feature=5 71 74 5 70 5 5 38 77 75 1 14 28 71
split_gain=8.94865 12.7763 12.7235 12.3204 13.0336 12.6202 14.5877 25.1363 15.1044 14.3819 12.7915 11.8959 10.4608 10.4085
threshold=9409.0889008153226 1.0000000180025095e-35 0.62170278897849474 19880.227894885338 0.0055156225766812622 22866.276438598168 48891.148647264803 0.012489433534750962 0.035742717636890235 0.0057134266815565679 23.500000000000004 0.08322432414302007 0.10554732463388229 0.0057864346005046781
decision_type=2 2 2 2 2 2 2 2 2 2 2 2 2 2
left_child=11 3 -3 4 -2 -5 7 -7 -8 -10 -9 12 13 -1
right_child=1 2 -4 5 -6 6 8 10 9 -11 -12 -13 -14 -15
leaf_value=0.013773400677848961 -0.026053621112820693 0.0084585359990876456 -0.011482921602326137 0.015278217932334383 0.0040451021806555652 -0.023622970875748748 0.0040197517714134923 0.0275313723762204 -0.037435552970584561 0.017332850079207776 -0.028477570929799231 -0.032602381523778118 -0.023157121733992179 -0.0099778430018094347
leaf_weight=126.81273472585599 40.442408331811748 169.95439274366072 33.724235325993504 33.555420013726689 18.479813470301451 62.1105960279383 156.33310743317998 15.047534279990943 14.869117044174347 5.2492223037406793 3.8765542989131054 5.5220582044712492 7.7659690615255377 18.353155661709025
leaf_count=2186 1211 1705 172 274 157 1361 1246 48 199 9 68 237 192 359
internal_value=0.000960258 -0.000841853 0.00511674 -0.00431445 -0.0167038 -0.00175759 -0.0040282 -0.0144807 0.000826636 -0.0230014 0.0152046 0.00722268 0.00886313 0.0107228
internal_weight=712.096 553.642 203.679 349.964 58.9222 291.042 257.486 81.0347 176.451 20.1183 18.9241 158.454 152.932 145.166
internal_count=9424 6450 1877 4573 1368 3205 2931 1477 1454 208 116 2974 2737 2545
is_linear=0
shrinkage=0.03


Tree=385
num_leaves=15
num_cat=0
split_feature=3 28 4 80 77 77 0 48 58 77 14 5 1 28
split_gain=10.5495 8.17492 16.8061 10.8305 10.548 10.9205 9.18229 13.0969 24.1536 12.8783 7.79463 9.72736 14.404 9.98122
threshold=24761.500000000004 0.0020579156699252099 2.9978985174887998e-05 0.3830797302382698 0.043635519150923556 0.10573924835669804 21.500000000000004 0.021140538511086087 0.0014859954944272133 0.028503873522893294 0.41267091202306933 146180.35925136859 74.500000000000014 0.0035000729926262142
decision_type=2 2 2 2 2 2 2 2 2 2 2 2 2 2
left_child=1 6 -3 4 10 -6 7 8 -1 -9 11 13 -13 -4
right_child=-2 2 3 -5 5 -7 -8 9 -10 -11 -12 12 -14 -15
leaf_value=-0.033407625857157987 -0.031615034830593886 -0.030064231631672288 -0.025091247714264166 0.026379946085476325 -0.037024031079959906 0.011321693642704897 0.011026758546063652 -0.031461172679321088 0.024860759858897404 0.019195267762180779 0.025399164196213041 -0.033151280289558945 0.010163665470485346 0.0018666254761654224
leaf_weight=21.330412905794223 7.8351702861546064 15.862781635310965 11.74288835462721 13.023597298189996 12.433102982584389 5.558154890080913 131.93977033619012 4.5191035162424695 8.1396951140486618 25.250245306175202 10.074144095182417 17.242755065351961 10.51132480354863 413.24690508422282
leaf_count=1360 294 523 293 15 124 35 1753 110 54 111 8 197 56 4479
internal_value=0.000965061 0.0013738 -0.000613112 0.000391754 -0.000365474 -0.0222786 0.00664667 -0.0031299 -0.0170261 0.0107329 0.000532557 -7.55152e-05 -0.0169636 0.0010646
internal_weight=708.71 700.875 509.696 493.833 480.809 17.9913 191.179 59.2395 29.4701 29.7693 462.818 452.744 27.7541 424.99
internal_count=9412 9118 5730 5207 5192 159 3388 1635 1414 221 5033 5025 253 4772
is_linear=0
shrinkage=0.03


Tree=386
num_leaves=15
num_cat=1
split_feature=79 1 65 7 6 40 3 0 65 83 85 26 40 26
split_gain=7.47099 14.803 13.2577 12.0548 9.42983 9.01485 8.72519 10.0732 7.28119 6.87252 7.18464 8.75344 11.3494 8.87822
threshold=0.0022046701075466618 37.500000000000007 0.16244542630529443 2.5000000000000004 0 0.027046366861601612 4499.0000000000009 14.500000000000002 0.27664090743794506 0.0024246102904664029 0.039813761049750145 0.12992862992862994 0.00066126634308452507 0.093803960220186333
decision_type=2 2 2 2 9 2 2 2 2 2 2 2 2 2
left_child=4 2 3 5 -1 6 7 -2 -4 10 11 13 -13 -6
right_child=1 -3 8 -5 9 -7 -8 -9 -10 -11 -12 12 -14 -15
leaf_value=-0.016992326708239254 0.0065892483973666142 -0.035487196155919463 0.02661258361403376 0.018334240740719727 0.0037292291555312686 0.010577373311092823 0.0026792542514163936 -0.040265458504333579 -0.013277044970868077 -0.026853013576751312 0.024010357850071655 -0.039289057828410349 0.0099695087792352824 0.027561506776753553
leaf_weight=9.6479506458927062 4.7917544517549713 12.050856642461438 17.608309619128708 10.702498302416641 566.60184513444983 8.5235339929386083 8.8322746444755449 20.547041028563399 4.6192431353556449 5.4710049221248473 15.182370039168744 8.5113799874379747 6.9611148361000224 13.46033025998622
leaf_count=719 44 273 53 77 6864 98 117 743 66 122 43 163 32 31
internal_value=0.00217565 -0.00598062 -0.000876955 -0.00896747 0.00332601 -0.0160743 -0.022834 -0.0314911 0.0181082 0.00388356 0.00426584 0.00372307 -0.0178676 0.00432874
internal_weight=713.512 87.6755 75.6247 53.3971 625.836 42.6946 34.1711 25.3388 22.2276 616.188 610.717 595.535 15.4725 580.062
internal_count=9445 1471 1198 1079 7974 1002 904 787 119 7255 7133 7090 195 6895
cat_boundaries=0 1
cat_threshold=32
is_linear=0
shrinkage=0.03


Tree=387
num_leaves=15
num_cat=0
split_feature=15 77 77 2 4 40 2 71 27 3 70 3 5 27
split_gain=8.08437 7.17226 9.82944 9.16604 26.5947 12.6145 12.5341 11.1801 18.6915 15.3821 12.9482 12.8526 12.5759 10.3252
threshold=0.11737589820379545 0.018722965033875532 0.014677807335810387 3374.0000000000005 7.2224681542441845e-05 0.26659526527223948 1891.5000000000002 0.00090625014885843452 0.00034578163148669369 775.50000000000011 0.00098838796779911653 471.50000000000006 22255.968235855471 0.00049770296180636029
decision_type=2 2 2 2 2 2 2 2 2 2 2 2 2 2
left_child=1 2 3 4 5 7 -6 8 9 11 -10 -1 -9 -12
right_child=-2 -3 -4 -5 6 -7 -8 12 10 -11 13 -13 -14 -15
leaf_value=-0.0147943144696341 -0.047021537838213695 0.0077158700811609422 -0.024920419359104853 0.0057269104104224929 -0.038308735093717405 -0.058081913849611762 -0.010049339663229313 0.017562165096070611 0.024422734008722542 -0.025707278699687541 0.021836819187101508 0.017501302230798481 -0.0092332845818428374 -0.036072317170462047
leaf_weight=21.204024826103705 1.9676758630084794 184.35034828222706 11.971251681708962 248.08814140749018 17.864165227645572 1.9584343413443992 61.23085483090108 74.015014916942164 29.322318433958571 32.92453668754024 3.6996679529547674 21.164527562905278 19.276176376031799 6.0883236152585596
leaf_count=1022 59 1254 150 2774 508 134 827 592 54 1299 5 280 380 63
internal_value=0.00241668 0.00261324 0.00088829 0.00150908 -0.00212208 0.00348048 -0.0168305 0.0043365 -0.00195146 -0.0106522 0.0146468 0.00137 0.0119864 -0.0141886
internal_weight=735.125 733.158 548.807 536.836 288.748 209.653 79.095 207.695 114.403 75.2931 39.1103 42.3686 93.2912 9.78799
internal_count=9401 9342 8088 7938 5164 3829 1335 3695 2723 2601 122 1302 972 68
is_linear=0
shrinkage=0.03


Tree=388
num_leaves=15
num_cat=0
split_feature=49 49 65 17 42 14 2 4 2 3 3 65 40 35
split_gain=8.46223 7.87712 7.78513 8.46346 8.41327 28.8968 9.80156 19.1717 11.1174 9.86878 16.1294 14.838 12.6096 16.2071
threshold=0.71174501537003521 0.67872402737332937 0.038146911339246074 0.72833297137724917 0.00025234084128638034 0.0059291353870399187 3750.5000000000005 0.00013130443636479247 3913.5000000000005 420.00000000000006 1086.5000000000002 0.0067451098979476312 0.00040428914249512849 0.17581040541103599
decision_type=2 2 2 2 2 2 2 2 2 2 2 2 2 2
left_child=1 2 4 -4 5 6 7 9 -8 -1 11 -11 13 -12
right_child=-2 -3 3 -5 -6 -7 8 -9 -10 10 12 -13 -14 -15
leaf_value=-0.017784181524130454 -0.035171999392643753 0.02835184235177873 0.010815530974564266 -0.032875537322946631 0.0033695712323384428 -0.037658974957908715 0.027801403617171698 -0.042060677059738524 0.0012465560579018086 0.012802873436148365 -0.022555615284873858 -0.047643147624359346 0.0058648100317702026 0.018996290283708552
leaf_weight=35.722697037475882 5.1145993675745549 7.8781517054885617 76.508752024514251 3.2499306462705126 220.26074372410221 20.642672924484941 15.118442361359483 11.419730275461914 119.4891471867013 71.200769028160721 54.702778488252079 2.8789398332592091 34.787452100819792 9.1721770879812521
leaf_count=1214 246 6 654 132 1501 538 89 310 1798 880 1517 69 471 28
internal_value=-3.64648e-05 0.000277667 -9.1368e-05 0.00865021 -0.00127492 -0.00400365 -0.00194342 -0.00583646 0.00441208 -0.00366076 -0.000654521 0.0098505 -0.00856181 -0.0163881
internal_weight=688.147 683.032 675.154 79.7587 595.396 375.135 354.492 219.885 134.608 208.465 172.742 74.0797 98.6624 63.875
internal_count=9453 9207 9201 786 8415 6914 6376 4489 1887 4179 2965 949 2016 1545
is_linear=0
shrinkage=0.03


Tree=389
num_leaves=15
num_cat=0
split_feature=44 37 57 39 77 48 41 41 44 77 77 38 77 49
split_gain=9.52785 10.7538 9.18869 28.8508 18.0596 10.0132 6.91585 11.5837 8.9448 6.90776 12.8206 10.8457 7.96621 13.3012
threshold=0.09341003421187577 0.0010876174091708475 0.00077085193300659323 0.00161287526115489 0.0005795425996558012 0.029987420845512862 0.013032341099168671 0.0041769738358870198 0.017477303755172729 0.019046265464685026 0.012496688016681379 1.0000000180025095e-35 0.022363253167136617 0.0034866180394832178
decision_type=2 2 2 2 2 2 2 2 2 2 2 2 2 2
left_child=2 -2 6 4 -4 -6 7 8 9 10 11 -1 -11 -14
right_child=1 -3 3 -5 5 -7 -8 -9 -10 12 -12 -13 13 -15
leaf_value=0.0032511254523915735 -0.038040004528314346 0.0027736124620646179 0.02028006379362525 0.024293884076543568 -0.038110497256118911 -0.0083641419337053026 0.015563826796078298 -0.036276458210207967 -0.020892158540034993 0.02349150543276032 -0.030123850918015921 -0.035365654732380764 -0.023055378740667862 0.0095337959030505331
leaf_weight=403.09586136485814 10.398908365670652 11.593447316205127 8.025305317481978 17.602361822267994 26.356319526501466 17.331504150351975 38.877001899112656 5.8116369949711943 12.678270730611983 28.203413882554742 10.047329448250819 5.6581646414415436 11.837010849878423 93.502051054616459
leaf_count=6217 411 54 61 29 489 126 469 110 171 84 167 183 345 509
internal_value=0.00165906 -0.0173399 0.00229899 -0.00797737 -0.0192145 -0.026761 0.00347842 0.00262956 0.00309312 0.00368043 0.00177586 0.00263157 0.00959573 0.00568936
internal_weight=701.019 21.9924 679.026 69.3155 51.7131 43.6878 609.711 570.834 565.022 552.344 418.801 408.754 133.542 105.339
internal_count=9425 465 8960 705 676 615 8255 7786 7676 7505 6567 6400 938 854
is_linear=0
shrinkage=0.03


Tree=390
num_leaves=15
num_cat=1
split_feature=74 2 4 33 46 36 36 21 21 14 14 4 2 9
split_gain=12.5561 11.2811 9.03072 8.38162 6.12603 6.02816 7.88513 4.83016 5.42208 6.55942 5.82416 5.46936 22.3812 16.5366
threshold=0.93603994896957921 20742.000000000004 0.0002671764703322252 0.0015392513031116729 0.062761767052253711 0.89135109864422635 0.84837753729064014 0.00024483645427942746 0.00014933710513203056 0.91343742258877703 0.80040788579197841 8.2015718463626964e-05 2413.5000000000005 0
decision_type=2 2 2 2 2 2 2 2 2 2 2 2 2 9
left_child=1 2 4 -4 5 6 7 8 9 10 11 -1 -13 -14
right_child=-2 -3 3 -5 -6 -7 -8 -9 -10 -11 -12 12 13 -15
leaf_value=0.0056018503084390254 -0.038201903377003049 -0.027359350857819525 -0.034538917054403061 0.0071847746817869981 -0.030083420466345785 -0.026974858593508941 0.026024681127773844 -0.03036128568407449 0.03322064189011157 -0.027486915281161501 0.025912092887113648 -0.02699772682379372 0.0063133596498982101 -0.012858950138025611
leaf_weight=376.1464331714451 5.9219910444517145 10.286196496133924 9.9565365045127709 6.6817524547222993 3.8865617273040689 4.7471189952921113 13.239157495088874 2.7952341191412406 4.5377254486083975 5.1557203371194182 9.4350737226195616 24.084927786334447 198.14323397252883 39.839514400984626
leaf_count=5576 90 329 208 30 155 156 47 61 1 160 20 588 1352 597
internal_value=0.00201738 0.00240668 0.0028834 -0.0183258 0.00342689 0.00366297 0.00391863 0.0034366 0.00362622 0.00337001 0.00365765 0.00328863 -4.02267e-05 0.00278955
internal_weight=714.857 708.935 698.649 16.6383 682.011 678.124 673.377 660.138 657.343 652.805 647.649 638.214 262.068 237.983
internal_count=9370 9280 8951 238 8713 8558 8402 8355 8294 8293 8133 8113 2537 1949
cat_boundaries=0 1
cat_threshold=9
is_linear=0
shrinkage=0.03


Tree=391
num_leaves=15
num_cat=1
split_feature=44 44 62 85 58 6 0 44 44 71 26 5 4 8
split_gain=7.44493 10.145 7.03312 6.35597 6.04433 6.06168 8.95105 9.66684 9.54547 8.17726 8.14695 7.59653 17.034 7.51049
threshold=0.090708933373534514 0.72587997447901065 0.0015925020540233502 0.078640762230112141 0.010105121085414724 0 27.500000000000004 0.0093387896372961517 0.059186285778697618 0.07343747832049248 0.00017850610769596745 7891.5842439437429 2.4664080033200109e-05 3.5000000000000004
decision_type=2 2 2 2 2 9 2 2 2 2 2 2 2 2
left_child=2 -2 3 4 5 6 7 13 9 -8 -9 12 -7 -1
right_child=1 -3 -4 -5 -6 11 8 10 -10 -11 -12 -13 -14 -15
leaf_value=0.0027308924695574489 -0.029599093696925372 0.011756442650073211 -0.027768019219610987 0.026035467485386127 -0.030069187435538696 0.025416875275490605 -0.032935342006294027 -0.0043975131328704061 0.026325339532589 0.018483720852330483 -0.043166176253314689 0.010763450606798737 -0.03178124730484351 -0.031123076717775842
leaf_weight=482.4607115634426 14.303436602276635 7.5188112839532542 6.0946571750864669 8.9826570423319918 4.2821752170857499 6.7562167226715273 16.64188721837855 14.344760444218993 2.9836960388347498 2.636466550291515 6.6058633732645822 119.82059918087907 11.018786892265778 4.9754738635092499
leaf_count=5943 385 82 230 26 232 39 524 165 2 36 129 865 395 385
internal_value=0.00140257 -0.0154593 0.00195938 0.00226552 0.00190985 0.0021594 0.00060843 0.0014498 -0.0175803 -0.0253387 -0.0180311 0.00750771 -0.00984465 0.00232232
internal_weight=709.426 21.8222 687.604 681.509 672.527 668.244 530.649 508.387 22.262 19.2784 20.9506 137.596 17.775 487.436
internal_count=9438 467 8971 8741 8715 8483 7184 6622 562 560 294 1299 434 6328
cat_boundaries=0 1
cat_threshold=574
is_linear=0
shrinkage=0.03


Tree=392
num_leaves=15
num_cat=0
split_feature=65 33 76 33 1 0 51 50 55 80 49 70 0 40
split_gain=11.2834 6.8821 8.87031 15.5208 10.0517 8.07374 13.2853 10.6677 16.6862 9.21359 9.12445 7.96851 7.80554 7.58914
threshold=0.29851943682894067 0.096477983410403631 0.05407613520875601 0.0055172518758656386 28.500000000000004 16.500000000000004 0.015473306668168931 0.25823278954017526 0.0013213837018227887 0.38614623000761622 0.017542562511952197 0.015035604937733614 11.500000000000002 0.00040428914249512849
decision_type=2 2 2 2 2 2 2 2 2 2 2 2 2 2
left_child=1 2 5 4 12 6 -1 9 -9 -7 13 -6 -4 -11
right_child=-2 -3 3 -5 11 7 -8 8 -10 10 -12 -13 -14 -15
leaf_value=-0.017241860801344388 -0.034310433914438832 0.020897467215315515 0.015703720762650669 0.0083476741255117635 0.01746411287654805 0.0048843878474004888 0.012453424582850241 -0.037363212151653002 0.027379667790568083 -0.036601812173280228 0.0097654535028729745 -0.030824993782181922 -0.041266901914393361 0.020901128452403821
leaf_weight=42.492725984593562 6.9588153934892025 15.274088690290226 1.9099085731431902 22.848964281132794 7.3068870563292858 516.63158481760547 18.855138173836167 11.91387672070414 4.1337231160141519 12.270316848647781 8.3464614097028953 3.883870018995367 18.724410539492965 1.7746670246124274
leaf_count=1289 196 56 4 147 27 6239 193 600 42 267 16 54 312 1
internal_value=0.0012093 0.00161881 0.00114959 -0.0103218 -0.0235717 0.00218213 -0.00806172 0.00332677 -0.0200582 0.00405883 -0.0143835 -0.000448934 -0.0355116 -0.0284297
internal_weight=693.325 686.367 671.093 54.674 31.8251 616.418 61.3479 555.071 16.0476 539.023 22.3914 11.1908 20.6343 14.045
internal_count=9443 9247 9191 544 397 8647 1482 7165 642 6523 284 81 316 268
is_linear=0
shrinkage=0.03


Tree=393
num_leaves=15
num_cat=1
split_feature=41 65 85 80 77 77 64 44 3 2 38 48 6 0
split_gain=7.7727 6.5629 6.34894 6.80396 14.4877 13.6026 11.0174 10.0767 7.80654 14.6193 8.7604 7.59352 7.99267 9.54212
threshold=0.11116531165311654 0.44871422655672227 0.078640762230112141 0.015966047962792187 0.01332707074715238 0.037844346354040902 0.020423585566500969 0.00026149782397796813 347.50000000000006 2167.5000000000005 0.045146908555975453 0.18083731619292329 0 26.500000000000004
decision_type=2 2 2 2 2 2 2 2 2 2 2 2 9 2
left_child=1 2 3 5 -5 11 7 -7 -6 -10 -11 12 13 -1
right_child=-2 -3 -4 4 8 6 -8 -9 9 10 -12 -13 -14 -15
leaf_value=-0.014890940655416568 -0.031208807857273122 -0.042083600354113612 0.022572400033419603 -0.024948688862022853 0.027167134429848284 -0.038295064320244786 0.01651036020704286 0.012400032369956735 -0.037844126914976822 0.014991646465291084 -0.020628267662960876 -0.030908652814561028 0.0019355015930192752 0.011568494987253835
leaf_weight=56.557952381393989 6.0757115523665552 2.2573957003332898 10.634142294293268 9.9395762668864318 21.144606764952186 19.065915942919681 5.0655622803606084 3.7781026214361182 5.1589328130939966 50.804569308529608 6.1789338877424589 6.0369748826778951 464.72458758841822 14.787246811436487
leaf_count=2026 338 108 46 198 109 472 11 12 159 178 91 113 5335 206
internal_value=7.11647e-05 0.000397919 0.000602373 0.000216664 0.00768514 -0.00101613 -0.0210668 -0.0297423 0.0118295 0.0062631 0.0108401 5.30373e-05 0.000458615 -0.00819061
internal_weight=682.21 676.134 673.877 663.243 93.2266 570.016 27.9096 22.844 83.287 62.1424 56.9835 542.107 536.07 71.3452
internal_count=9402 9064 8956 8910 735 8175 495 484 537 428 269 7680 7567 2232
cat_boundaries=0 1
cat_threshold=1044
is_linear=0
shrinkage=0.03


Tree=394
num_leaves=15
num_cat=1
split_feature=14 83 14 0 4 4 33 59 36 36 9 3 49 28
split_gain=6.96296 6.77606 6.46904 6.34143 6.70375 8.90843 8.45829 6.31459 6.12029 7.47986 6.13885 27.431 15.3965 14.7915
threshold=0.91343742258877703 0.0013513117273298463 0.78546102662350126 29.500000000000004 0.00044523253478252224 0.00022667993500616058 0.0030410925120996335 0.12827127573699565 0.89135109864422635 0.84837753729064014 0 2674.5000000000005 0.33381361900070539 0.068679171934577246
decision_type=2 2 2 2 2 2 2 2 2 2 9 2 2 2
left_child=1 2 3 4 5 7 -7 8 9 10 11 13 -13 -1
right_child=-2 -3 -4 -5 -6 6 -8 -9 -10 -11 -12 12 -14 -15
leaf_value=0.010769304349385908 -0.028008390753785351 -0.023523136218493796 0.022506605990254523 -0.027734293368467978 0.023905910242474088 -0.033591627343537087 0.0041417162919569761 -0.027742069013309164 -0.027157143562144721 0.025341051130839072 0.0044557408121314876 -0.035773683334917074 0.012629705416660114 -0.036111129294398192
leaf_weight=67.925892221417598 5.6998427840881041 7.7501027453545239 14.078243370866401 5.1453881339693899 12.413006497066815 10.812659883704329 9.4077709149860294 4.934900395513977 4.8708126747515044 13.009629800450055 519.21211888192556 26.549895989548531 6.978504247381351 5.6652209477906572
leaf_count=1015 192 155 36 230 61 266 51 210 150 42 6132 676 22 111
internal_value=0.00244966 0.00273372 0.0030571 0.00262636 0.00289577 0.00247107 -0.0166679 0.00309196 0.00337079 0.00364541 0.00315509 -0.00324417 -0.0256251 0.0067246
internal_weight=714.454 708.754 701.004 686.926 681.78 669.367 20.2204 649.147 644.212 639.341 626.332 107.12 33.5284 73.5911
internal_count=9349 9157 9002 8966 8736 8675 317 8358 8148 7998 7956 1824 698 1126
cat_boundaries=0 1
cat_threshold=36
is_linear=0
shrinkage=0.03


Tree=395
num_leaves=15
num_cat=0
split_feature=15 3 3 0 5 3 0 73 70 26 1 50 74 28
split_gain=6.60525 6.50846 7.95901 6.5155 6.0981 12.0926 14.6343 16.9686 14.5035 17.7219 16.4217 13.4115 12.4129 11.7024
threshold=0.035214808001325738 8089.0000000000009 39190.000000000007 14.500000000000002 28564.581927971707 1890.5000000000002 14.500000000000002 0.030959115212223155 0.02186912758182066 0.0034595346477249264 65.500000000000014 0.25823278954017526 0.23671022348870566 0.1885760466176504
decision_type=2 2 2 2 2 2 2 2 2 2 2 2 2 2
left_child=1 4 3 -3 13 6 -6 -8 9 11 -10 -7 -9 -1
right_child=-2 2 -4 -5 5 8 7 12 10 -11 -12 -13 -14 -15
leaf_value=0.0044860850829757971 -0.031753193757336741 -0.021507654254174394 -0.026951024938963432 0.013707244823434907 0.020228896622258911 0.0081892826713612851 -0.039123815025578219 0.017437301962193837 -0.027697541504738833 -0.022330094909957139 0.021926836861611107 -0.0382611030142977 -0.043165698294874287 -0.034976910204701193
leaf_weight=327.97438079388667 4.2360364663763894 4.1459901815323965 4.139217309333616 79.972388646936452 7.3706114068045272 170.93603458063444 23.3636258256156 10.952598728912561 27.078443484933814 20.198426994116744 6.8268074849620453 4.8045426106837104 3.0822359958910956 5.9139950544777085
leaf_count=5267 86 205 188 616 26 1439 485 151 326 233 15 110 64 151
internal_value=0.00182804 0.00207741 0.00964313 0.0117393 0.000966052 -0.00234084 -0.0164229 -0.0239851 0.000461328 0.00361829 -0.0173638 0.00671009 0.00214226 0.00368474
internal_weight=700.995 696.759 88.2576 84.1184 608.502 274.613 44.7691 37.3985 229.844 195.939 33.9053 175.741 14.0348 333.888
internal_count=9362 9276 1009 821 8267 2849 726 700 2123 1782 341 1549 215 5418
is_linear=0
shrinkage=0.03


Tree=396
num_leaves=15
num_cat=0
split_feature=3 70 3 77 4 77 28 1 0 5 36 4 4 28
split_gain=8.30733 8.17042 7.55705 6.8215 7.84418 7.23857 13.3838 17.4756 18.1142 13.481 11.9311 10.7213 11.2883 7.40291
threshold=51.500000000000007 0.0014942895913430197 148.50000000000003 0.06904367014053632 0.00020858098867895632 0.018722965033875532 0.0018162555282123011 20.500000000000004 24.500000000000004 8030.4558405051985 0.34247434853168685 0.00015682637121693601 4.811209560939518e-05 0.0020579156699252099
decision_type=2 2 2 2 2 2 2 2 2 2 2 2 2 2
left_child=1 -1 -2 5 -5 6 7 -4 9 -9 11 12 -7 -8
right_child=2 -3 3 4 -6 10 13 8 -10 -11 -12 -13 -14 -15
leaf_value=0.017175780396878521 -0.02471431961734943 -0.029409195975254838 -0.032570286474645084 -0.029004392352698801 0.016451314173040771 -0.0097400315232842108 0.023070835880841457 0.021507825461150737 0.017897507220886313 -0.034090007280322722 -0.025790873980498164 -0.017154806064559165 0.016341388622774972 0.00061411801534578018
leaf_weight=40.425666282215388 9.8347235475084727 2.7889100934844455 24.612696729447634 12.517346902372084 3.8419362093554801 16.943057711410802 12.656968551833414 4.4204914824804318 21.198060111491941 15.224058476262142 8.2450283402577025 11.350954080000518 96.708012713934295 407.43121817307474
leaf_count=730 374 48 1352 303 20 253 73 56 153 568 59 80 346 5067
internal_value=0.000992453 0.0135722 0.000129892 0.000552828 -0.0179965 0.00107147 -0.000632041 -0.0131429 -0.000936972 -0.0211434 0.00723743 0.00960334 0.0124021 0.00134391
internal_weight=688.199 43.2146 644.985 635.15 16.3593 618.791 485.543 65.4553 40.8426 19.6445 133.247 125.002 113.651 420.088
internal_count=9482 778 8704 8330 323 8007 7269 2129 777 624 738 679 599 5140
is_linear=0
shrinkage=0.03


Tree=397
num_leaves=15
num_cat=0
split_feature=64 5 77 79 74 35 74 72 8 72 3 71 79 41
split_gain=9.33093 8.22675 8.0565 8.85269 7.88666 10.6972 10.0853 12.8023 10.2759 15.3028 9.1651 6.81713 11.6917 12.078
threshold=0.060318518656960508 94169.971188903452 0.0818666240521954 0.0099709198763887636 0.38794993571019798 0.10912034559614296 0.9956553091478092 0.016769326447286594 1.5000000000000002 0.067526796760477001 4704.0000000000009 0.0012733448813535507 0.0018588805712066012 0.027461623418037991
decision_type=2 2 2 2 2 2 2 2 2 2 2 2 2 2
left_child=2 -2 4 -4 11 6 7 10 -9 -10 -6 12 -1 -14
right_child=1 -3 3 -5 5 -7 -8 8 9 -11 -12 -13 13 -15
leaf_value=0.0036266450523819251 -0.037658185210675273 0.0099398224521733067 -0.036859356949564187 0.019374653751933171 -0.04383861674168333 0.024279529738957611 0.030253980576367221 0.014777686720548194 0.004714870749663304 -0.033524785670537079 0.0042920078012091611 0.0091128745634919267 -0.02004528412789687 0.0068464131409354239
leaf_weight=379.70975086100952 9.0246864429209364 4.3282331647351375 8.3178406687511579 2.736792570212855 14.697895630684799 8.2694390192627889 4.3293603034690014 15.824117669835685 19.426490400044713 16.899604152538814 4.3884691970888516 145.15593045537753 39.918021674769989 23.117712037434103
leaf_count=5265 223 26 298 20 247 9 6 30 101 176 14 1812 848 348
internal_value=0.00133115 -0.0226121 0.00183177 -0.0224852 0.00226478 -0.00629343 -0.00991254 -0.0127387 -0.00480056 -0.0134965 -0.0331094 0.0034938 0.00163518 -0.0102301
internal_weight=696.144 13.3529 682.791 11.0546 671.737 83.8354 75.5659 71.2366 52.1502 36.3261 19.0864 587.901 442.745 63.0357
internal_count=9423 249 9174 318 8856 583 574 568 307 277 261 8273 6461 1196
is_linear=0
shrinkage=0.03


Tree=398
num_leaves=15
num_cat=1
split_feature=2 4 85 7 28 5 48 26 41 59 9 63 28 28
split_gain=8.53816 20.3516 10.7497 11.6047 17.3901 11.7762 13.2396 10.633 9.97286 9.2651 8.38417 13.6961 8.14419 7.95183
threshold=5749.5000000000009 0.00017854814814482038 0.0051300017105488241 2.5000000000000004 0.056277782280225862 2595.1543401158424 0.18083731619292329 0.0070033222280990225 0.067835812936596823 0.0016692801597214628 0 0.84873562535286606 0.028767755802306321 0.087399341710311149
decision_type=2 2 2 2 2 2 2 2 2 2 9 2 2 2
left_child=1 2 3 5 -5 9 10 8 -2 -1 11 12 -7 -12
right_child=7 -3 -4 4 -6 6 -8 -9 -10 -11 13 -13 -14 -15
leaf_value=-0.031759522910822284 0.010083656693009681 -0.034260682690409515 0.015193063562302203 -0.025389919690643404 0.0082008962668037068 -0.036016328131350216 -0.031180829771048229 -0.030962353256766058 -0.033878672220378755 0.014230574059816127 0.0062144503660772317 0.032028905305646692 -0.0029101265813259816 -0.0099123242391406328
leaf_weight=14.951349297538401 165.35005590897345 14.261883050217874 42.319913674844429 36.093113245275163 21.529220919750514 13.857147937993437 9.2336178848345281 5.2822497738525263 3.8205744982114984 4.5863972615770754 321.94790715668569 4.3018188476562491 12.508696022036018 29.18878236036835
leaf_count=904 1508 293 172 959 194 647 159 85 85 89 3700 1 243 346
internal_value=0.00179189 -0.000123344 0.000895434 -0.000426539 -0.0129137 0.00135309 0.00250999 0.00752104 0.00889755 -0.0207963 0.00340409 -0.00971018 -0.0209901 0.00471563
internal_weight=699.233 524.78 510.518 468.198 57.6223 410.576 391.038 174.453 169.171 19.5377 381.804 30.6677 26.3658 351.137
internal_count=9385 7707 7414 7242 1153 6089 5096 1678 1593 993 4937 891 890 4046
cat_boundaries=0 1
cat_threshold=8
is_linear=0
shrinkage=0.03


Tree=399
num_leaves=15
num_cat=0
split_feature=17 17 72 28 14 5 79 80 51 14 4 4 4 82
split_gain=11.1461 7.05794 6.45932 8.5359 7.25407 14.4713 11.3056 9.25632 8.40581 7.60939 6.87498 11.5819 9.53027 6.73712
threshold=0.54578573716237866 0.7209433777068367 0.26378244943462342 0.0045003347701046735 0.064502962475312717 19880.227894885338 0.00097372460565101602 0.23768365609282802 0.30807753859616854 0.043876677339281224 9.3078494825986208e-05 7.0286019945629808e-05 0.00014494249205552429 0.00039108623168456158
decision_type=2 2 2 2 2 2 2 2 2 2 2 2 2 2
left_child=2 -2 4 -4 8 7 10 -6 9 13 11 -7 -12 -1
right_child=1 -3 3 -5 5 6 -8 -9 -10 -11 12 -13 -14 -15
leaf_value=0.00011132293936068657 -0.045304082340037875 -0.0068075462908920286 -0.024620291015479988 0.01538707328734152 -0.036985808220031897 0.01149607554892091 -0.023269033922126033 0.012585071071681062 -0.030431125395757548 -0.029120663215517623 0.029752382410080071 -0.031624136433879804 -0.0011515766991598969 -0.020332701867003471
leaf_weight=457.15562423015581 6.497188843117331 11.023806347337084 4.471183667657896 43.944358792592539 9.1549911760448577 36.123504263872746 7.0386540924664578 4.4759564981795839 7.9278566377834059 7.535185038461349 34.42854007834103 5.6221034657792179 11.93325675386586 13.982342385977971
leaf_count=6837 151 341 78 223 347 225 52 31 634 87 51 54 52 230
internal_value=0.00018769 -0.0227583 0.000846497 0.0112689 -1.85186e-05 0.00694881 0.0111236 -0.0209607 -0.00158708 -0.00104692 0.0141015 0.00508488 0.0219415 -0.000537191
internal_weight=661.315 17.521 643.794 48.4155 595.378 108.777 95.1461 13.6309 486.601 478.673 88.1074 41.7456 46.3618 471.138
internal_count=9393 492 8901 301 8600 812 434 378 7788 7154 382 279 103 7067
is_linear=0
shrinkage=0.03


end of trees

feature_importances:
in_strength=320
pagerank=289
in_degree=225
betweenness=199
out_frac_CentralBrain-unspecified=198
community=195
out_frac_SIP=164
out_frac_PLP=155
out_frac_LegNp(T1)=154
out_strength=149
out_frac_VNC-unspecified=146
out_degree=142
out_frac_EPA=128
out_frac_VES=127
out_frac_AVLP=119
out_frac_PVLP=119
out_frac_SCL=116
out_frac_GNG=113
out_frac_LTct=112
out_frac_SLP=108
out_frac_ANm=104
out_frac_WED=99
out_frac_IntTct=94
out_frac_SPS=93
out_frac_IPS=92
out_frac_HTct(UTct-T3)=84
out_frac_LAL=84
out_frac_ICL=83
out_frac_IB=82
out_frac_SAD=79
out_frac_CV-unspecified=77
out_frac_FLA=76
out_frac_CRE=74
out_frac_GOR=73
out_frac_LegNp(T3)=72
out_frac_SMP=70
out_frac_NTct(UTct-T1)=65
out_frac_LegNp(T2)=56
out_frac_LH=55
hops_to_motor=53
out_frac_WTct(UTct-T2)=53
out_frac_ATL=52
out_frac_PRW=50
nt=48
out_frac_aL=46
out_frac_mVAC(T2)=46
out_frac_gL=43
out_frac_ME=42
out_frac_Ov=42
out_frac_Optic-unspecified=38
hops_from_sensory=35
out_frac_AL=32
out_frac_AOTU=26
out_frac_LO=22
out_frac_PED=21
out_frac_bL=19
out_frac_CA=18
out_frac_b'L=18
out_frac_mVAC(T1)=14
out_frac_AbN4=13
out_frac_CAN=11
out_frac_a'L=11
out_frac_ADMN=10
out_frac_AbNT=9
out_frac_mVAC(T3)=9
out_frac_PDMN=6
out_frac_AME=4
out_frac_DMetaN=4
out_frac_LOP=4
out_frac_MesoAN=4
out_frac_MetaLN=4
out_frac_MesoLN=2
out_frac_FB=1

parameters:
[boosting: gbdt]
[objective: binary]
[metric: binary_logloss]
[tree_learner: serial]
[device_type: cpu]
[data_sample_strategy: bagging]
[data: ]
[valid: ]
[num_iterations: 400]
[learning_rate: 0.03]
[num_leaves: 15]
[num_threads: 1]
[seed: 20260914]
[deterministic: 0]
[force_col_wise: 0]
[force_row_wise: 0]
[histogram_pool_size: -1]
[max_depth: -1]
[min_data_in_leaf: 20]
[min_sum_hessian_in_leaf: 0.001]
[bagging_fraction: 0.8]
[pos_bagging_fraction: 1]
[neg_bagging_fraction: 1]
[bagging_freq: 1]
[bagging_seed: 21650]
[bagging_by_query: 0]
[feature_fraction: 0.8]
[feature_fraction_bynode: 1]
[feature_fraction_seed: 15284]
[extra_trees: 0]
[extra_seed: 16932]
[early_stopping_round: 0]
[early_stopping_min_delta: 0]
[first_metric_only: 0]
[max_delta_step: 0]
[lambda_l1: 0]
[lambda_l2: 1]
[linear_lambda: 0]
[min_gain_to_split: 0]
[drop_rate: 0.1]
[max_drop: 50]
[skip_drop: 0.5]
[xgboost_dart_mode: 0]
[uniform_drop: 0]
[drop_seed: 13907]
[top_rate: 0.2]
[other_rate: 0.1]
[min_data_per_group: 100]
[max_cat_threshold: 32]
[cat_l2: 10]
[cat_smooth: 10]
[max_cat_to_onehot: 4]
[top_k: 20]
[monotone_constraints: ]
[monotone_constraints_method: basic]
[monotone_penalty: 0]
[feature_contri: ]
[forcedsplits_filename: ]
[refit_decay_rate: 0.9]
[cegb_tradeoff: 1]
[cegb_penalty_split: 0]
[cegb_penalty_feature_lazy: ]
[cegb_penalty_feature_coupled: ]
[path_smooth: 0]
[interaction_constraints: ]
[verbosity: -1]
[saved_feature_importance_type: 0]
[use_quantized_grad: 0]
[num_grad_quant_bins: 4]
[quant_train_renew_leaf: 0]
[stochastic_rounding: 1]
[linear_tree: 0]
[max_bin: 255]
[max_bin_by_feature: ]
[min_data_in_bin: 3]
[bin_construct_sample_cnt: 200000]
[data_random_seed: 5066]
[is_enable_sparse: 1]
[enable_bundle: 1]
[use_missing: 1]
[zero_as_missing: 0]
[feature_pre_filter: 1]
[pre_partition: 0]
[two_round: 0]
[header: 0]
[label_column: ]
[weight_column: ]
[group_column: ]
[ignore_column: ]
[categorical_feature: 6,9]
[forcedbins_filename: ]
[precise_float_parser: 0]
[parser_config_file: ]
[objective_seed: 9939]
[num_class: 1]
[is_unbalance: 0]
[scale_pos_weight: 23.5837]
[sigmoid: 1]
[boost_from_average: 1]
[reg_sqrt: 0]
[alpha: 0.9]
[fair_c: 1]
[poisson_max_delta_step: 0.7]
[tweedie_variance_power: 1.5]
[lambdarank_truncation_level: 30]
[lambdarank_norm: 1]
[label_gain: ]
[lambdarank_position_bias_regularization: 0]
[eval_at: ]
[multi_error_top_k: 1]
[auc_mu_weights: ]
[num_machines: 1]
[local_listen_port: 12400]
[time_out: 120]
[machine_list_filename: ]
[machines: ]
[gpu_platform_id: -1]
[gpu_device_id: -1]
[gpu_device_id_list: ]
[gpu_use_dp: 0]
[num_gpu: 1]

end of parameters

pandas_categorical:[[-1, 0, 1, 2, 3, 4, 5, 6, 7, 8, 9, 10, 11], ["acetylcholine", "dopamine", "gaba", "glutamate", "histamine", "octopamine", "serotonin", "unclear"]]
